,Mean_G,RMS_G,Median_G,Variance_G,Std_G,Skewness_G,Kurtosis_G,Contrast_G,Entropy_G,Energy_G,Homogeneity_G,Correlation_G
0,126.4129180908203,9.958399646064732,128.0,1999.658707024297,44.71754361572533,-0.4586023226862094,0.3206539497972281,7.39672433040854,841.5121476715686,0.01091329381203964,0.0675521518684684,0.7898941145433732
1,133.4938659667969,9.841728463061,138.0,1354.798149629496,36.80758277351959,-1.233129854541688,2.372880618961505,7.016819019680836,846.4646446078434,0.01203654267575435,0.05858996553292083,0.6883406915433656
2,127.2600402832031,9.917963365250605,130.0,1297.076269431971,36.01494508439477,-0.6047149354561413,0.9868495202783212,7.130502807895366,1102.544194240196,0.01047556696814152,0.04490928151606074,0.5759318551108371
3,129.6081390380859,10.05340734007669,137.0,1778.188012979692,42.16856664601836,-1.172757637779427,1.19227653118622,7.062312054098127,572.820419730392,0.01454735776701356,0.1030136545822731,0.8388521968647333
4,151.606689453125,10.2107985238247,159.0,1908.101807057858,43.68182467637836,-1.116238698312194,1.135794114645991,7.226986676063594,604.7030330882354,0.01822937263024196,0.1511734978589338,0.8419483543691071
5,137.6746063232422,10.00845056148061,139.0,1810.699981381884,42.55232051700452,-0.7462077692431853,0.554441437648169,7.254565561700843,592.7123468137254,0.01263497998798038,0.0923105415755043,0.8366143394236231
6,126.0905303955078,9.752046028059878,131.0,1243.612577562919,35.2648915716881,-1.248276474821722,2.18759693637024,6.913317765375234,499.5709865196079,0.01799100894908497,0.1462365282685066,0.7995454367557489
7,115.3318786621094,9.759282315241924,113.0,614.223230577074,24.78352740384375,0.8238086441184762,0.8184050611066089,6.549228869835122,115.7088848039216,0.02392777453478137,0.1873241629676672,0.9060161519888948
8,106.3064422607422,10.22864596925017,106.0,1239.389750977745,35.20496770312032,-0.08940294276665352,-0.2359870816516048,7.158574910406904,643.2197150735295,0.01119381907473679,0.06490702513405995,0.7408728625866412
9,125.8225860595703,10.12767690428259,125.0,1507.039645509562,38.82060851544655,-0.2150616846851063,0.584111689315526,7.268773314294593,1381.539414828432,0.009724517599909107,0.0428072160419723,0.5418910088645547
10,107.0745849609375,10.2125438077587,111.0,1585.583212718368,39.81938237489837,-0.2820862262904185,-0.8399038505260865,7.261636232386278,586.8764552696081,0.01105463737709961,0.07759243895597151,0.814955351927318
11,120.5090026855469,10.14910205195206,123.0,2024.783762945794,44.99759730192039,-0.2828237482969447,0.1116272148636037,7.436999960277332,2212.588541666666,0.009240929474327794,0.04155027484601793,0.4543346628651441
12,137.1033782958984,10.27239404753213,144.0,2103.935739319539,45.8686792846659,-0.7792810338779679,0.5661875331958997,7.391318343167921,1147.044561887255,0.009864315931691415,0.05670569221071127,0.7278497628658855
13,129.14501953125,10.07046705176205,131.0,1444.525111913681,38.00690873925004,-0.2590207070849589,0.4038480390239112,7.266452029070702,1261.255116421569,0.009440873950686905,0.03853643131081654,0.5642691073373954
14,135.9043731689453,10.39463987870709,142.0,2882.905360514065,53.69269373494,-0.4392507230639688,-0.6590971598560573,7.622914416613166,889.9863511029414,0.01199793784670054,0.1002163374839713,0.8456433199024372
15,122.9576263427734,9.471240229214555,126.0,834.7710468803998,28.89240465728666,-0.05782559801246169,0.5161368172439973,6.720543713819191,47.60686274509803,0.03077866415830163,0.2884001195216128,0.9715304913641494
16,124.0247344970703,10.15039569853876,129.0,2197.778578268131,46.88047118223249,-0.5004829926228634,0.10127109511967,7.476591985762616,1681.546721813726,0.009947747296969388,0.04989041160247396,0.6178415439342066
17,143.3235015869141,10.21959288501022,144.0,1026.056159101194,32.03211137438795,-0.2204083879151487,-0.4859882165939684,6.9517446455336,32.40531556372549,0.03115427717356364,0.3677041059015972,0.9842375577825067
18,225.6746215820312,7.393064971171885,251.0,2722.075708474964,52.17351539310883,-2.137339949628173,3.613781064728856,5.386042654938183,1397.512898284314,0.1379375248430751,0.2518585314777014,0.7440214541258695
19,101.1726379394531,9.936234687527515,109.0,829.2128108879551,28.79605547445614,-0.842188273701487,0.1616569444996951,6.690914145674649,90.58330269607843,0.02735225759476839,0.2431636802555205,0.945521700531315
20,130.1957702636719,10.16742624249049,140.0,2216.734836845659,47.08221359330569,-1.017298926160359,0.4456074561307046,7.288186899994101,745.9372549019607,0.01355623232372235,0.1088170937934534,0.8320594394901699
21,121.4798583984375,10.17078137122079,124.0,2083.674734696746,45.6472861701191,-0.169016621226885,-0.2246007331206772,7.508148406950925,1778.370848651961,0.008579224621937475,0.04186064093130755,0.5741594664151413
22,129.0032653808594,9.885668436159868,136.0,1917.481617755257,43.78905819671458,-1.239870652680332,1.779525716440349,7.010364199440944,582.2619485294117,0.02406023428120305,0.1299847609224107,0.848217050046594
23,87.84986877441406,9.372860270139244,96.0,2307.989347211784,48.04153772738528,-0.5708351709523228,-0.632958027088911,6.733305210709142,550.5281556372548,0.1218350737638881,0.1858602162773798,0.880171448930225
24,118.3735504150391,10.05410852669701,133.0,1446.424379154807,38.03188634757428,-1.06065326045096,0.160031790041812,6.822115825010241,328.2426317401962,0.02871877019211998,0.2058775291996622,0.886784724491357
25,122.5042419433594,9.953779597292899,125.0,942.214215404354,30.69550806558435,-0.4083156630612741,0.3401205383660457,6.947639887506218,507.2177849264706,0.01290510493943903,0.07632316185543993,0.7311294825276365
26,101.7774200439453,10.32086471246891,101.0,1495.701236361405,38.67429684378767,-0.1198824238490856,-1.33268706591633,6.981955433913828,109.0859221813726,0.0202977883279579,0.1789863408147467,0.9635534060565866
27,126.2908630371094,9.648983094391832,131.0,1196.51375684794,34.59065996548694,-1.081009749292934,2.352709640265782,6.967536617396502,957.1675398284316,0.01286983524811897,0.06094700258432604,0.6010487136717111
28,125.2912445068359,10.06333929317164,130.0,2190.179535157746,46.79935400363712,-0.5435504247807621,-0.04827030064753179,7.425679883098469,930.9759037990198,0.01096126739476808,0.0690186312316168,0.7877386609179855
29,107.5978698730469,10.29799820789671,109.0,2326.516697122715,48.23397865740204,0.07380137422192731,-0.4810868745244425,7.569676647550031,2182.012944240196,0.00910199792250451,0.04938496870371939,0.531670744344052
30,130.3361663818359,10.2327430414023,137.0,1628.860731787747,40.35914681689575,-0.7447875775399678,0.1074650501142234,7.222093324163895,577.2873621323529,0.01505494567706695,0.1334494280386845,0.8230712682022264
31,147.0816955566406,9.882503700709211,141.0,686.4082428282127,26.19939394009359,0.1821360049624751,0.2413843842584096,6.532660798577592,13.14707414215686,0.04524553639380677,0.4275438921983873,0.9904447423875758
32,121.6441192626953,10.23858826084902,126.0,2373.615063378355,48.71976050206276,-0.2445979579171681,-0.4293515485261388,7.541785172396784,1818.327849264705,0.01030764932580181,0.0537210621414899,0.6177480654604968
33,133.1841583251953,9.849715299413084,137.0,1196.2859251888,34.58736655469451,-1.050247208475749,2.763044613772078,6.963717109646762,621.9663602941176,0.01729943117440145,0.1380055350139498,0.7401044490272124
34,123.0609130859375,9.177581207822238,127.0,457.8763860315084,21.39804631342563,-0.4537652336271765,-0.04954739691253751,6.360755848627695,182.9764246323529,0.02085883000433164,0.1154575101250777,0.8002392467224901
35,126.8279571533203,9.211017844486314,127.0,568.6879152969923,23.84717835084462,-0.6149162332717746,3.548645638223753,6.514517815454268,731.7035232843137,0.01553317887779563,0.05711395678229668,0.3579948300302697
36,115.7298431396484,10.57562271340876,129.0,4359.333921398735,66.02525214945214,-0.3069096534677065,-1.187042062895045,7.497355292225539,633.1536305147059,0.04212120068071292,0.1930282862720432,0.9274651014220853
37,222.0371856689453,7.790945852736588,249.0,2998.33154874458,54.7570228257945,-1.989609599159646,2.954914212113669,5.661425928062567,1315.161734068628,0.1603670592349758,0.28061306831762,0.7813006392106414
38,126.9319915771484,9.279274470150282,132.0,910.4447614511009,30.17357720674002,-1.459030500445062,4.176637671750377,6.662298703963606,465.3345588235294,0.01922567693244295,0.1076145954542162,0.7450871010291641
39,158.0941314697266,10.51103212175895,164.0,1236.457859847462,35.16330274373358,-1.592094539361867,3.934246342802972,6.898003870437923,820.4839767156863,0.01299409740713028,0.05837812926016333,0.6688971556404727
40,118.5258178710938,10.24536027802646,120.0,2383.066655214876,48.81666370426062,-0.1443683965458007,-0.625403178360346,7.54220632900676,934.7684283088236,0.01021856943020985,0.0708726792286228,0.8041100186083929
41,101.1721649169922,9.002377513930435,116.0,2529.915534412256,50.29826571972691,-0.9317483962647607,-0.09246790719340403,6.52055165715075,624.2198835784312,0.1311975364459275,0.1848400912822892,0.8759320502045193
42,100.3851013183594,9.053265095351994,121.0,3331.757885939442,57.72138153179844,-0.6753729963828159,-0.891536214655885,6.766935353169671,680.7329656862747,0.1214801000319797,0.23581025648308,0.897460475828793
43,103.7749328613281,10.19387711399516,105.0,979.0885964920744,31.2903914403779,-0.06328368845843983,-0.4581240015852455,6.990209578931963,190.8277726715687,0.01589198149137099,0.1257287947456512,0.9025137577389475
44,165.9362335205078,10.50824450203974,169.0,971.9567950421479,31.17622162870523,-1.117132206927881,3.30377778252469,6.884207571816462,957.0957261029412,0.01189899470195273,0.04442190810802703,0.5082905626233543
45,121.1497650146484,10.0746564707155,132.0,1117.084702398395,33.42281709249529,-0.5907673766686012,-0.7055790246309503,6.80707134091106,160.2367953431373,0.02108616719580787,0.1634810017781755,0.9282523779138789
46,125.5103302001953,10.07412938599372,131.0,1896.965408423683,43.55416637273273,-0.6542897011308523,0.2790217125802315,7.346860607533865,1356.829610906863,0.009969213982885654,0.04911701516906192,0.6432492799236434
47,113.0219268798828,9.848588995393975,116.0,846.2067183086183,29.08963248837321,-0.2927348134100219,-0.4764409904777338,6.852315979622947,483.875337009804,0.01331515682506036,0.07290741548769622,0.7143827194164709
48,146.3970794677734,10.29016654218095,150.0,2122.329525772249,46.06874782075425,-0.6502814643321552,0.5898504899752632,7.412829855642474,878.8802849264706,0.01078405260936114,0.06290635891387232,0.7933208950737115
49,109.881103515625,10.1244710148273,114.0,1978.401909768581,44.47923009415273,-0.1098458462090767,-0.9047493825875819,7.328597568046432,216.3477787990196,0.01814561094444056,0.1941897517762739,0.9453272679973513
50,117.6090240478516,10.22984826535695,125.0,2671.829758044099,51.68974519229225,-0.2669139641484087,-0.6501249721635802,7.530060923332438,1687.985324754902,0.01681681126288568,0.07967019974029291,0.684718772277164
51,110.0086822509766,9.792049405889598,110.0,513.239685971057,22.65479388498287,-0.1324720184978072,-0.2665965436764957,6.516083826019954,167.0221200980392,0.0213281399082331,0.165668408694222,0.8375121146028986
52,120.0487060546875,10.13710033602589,129.0,2360.080696567893,48.58066175514588,-0.5288845497539006,-0.4292326011561496,7.507748937264931,490.1231004901962,0.01222967685734905,0.1160076719413662,0.8960169338392455
53,126.1659851074219,10.42311649277101,137.0,2915.047278045677,53.99117777976025,-0.601240115025133,-0.4926392295790114,7.543866392543608,706.9443627450981,0.01337267921046143,0.1181391218615702,0.8789775668088826
54,111.6400604248047,10.2659676086759,120.0,2807.832311788341,52.98898292841957,-0.171635060361642,-1.007332307011885,7.585219871297718,726.3467524509803,0.01247389728818079,0.1159042556078071,0.8707564108607165
55,123.1078948974609,9.886035016855452,134.0,1835.082246020203,42.83785996078939,-1.118587912595614,0.8336213255568672,7.142517344181673,696.7075520833333,0.01254770459035564,0.06671323562588911,0.8104822442407166
56,132.3296051025391,10.6064456272011,138.0,1534.551989748841,39.17335816277232,-0.1080451143976577,-1.18586178921472,7.137397376919638,52.09996936274511,0.02188638945959314,0.2404451404746704,0.983052930097652
57,127.9660949707031,9.418029506492122,126.0,845.9871927341446,29.08585898222957,0.03032373591589558,1.043580335346671,6.743667542085431,54.99083946078431,0.02968024292105678,0.2779318094787717,0.9675792434561301
58,112.2174224853516,10.17230176836106,116.0,2104.018782760715,45.86958450608328,-0.4259356667949837,0.09032835080643187,7.391359057255634,1421.869515931373,0.01367564835403464,0.06589137024127525,0.6622572007493767
59,113.2694549560547,10.14329025909608,115.0,1228.182536238572,35.04543531244222,-0.3641946289032276,-0.0649274721294586,7.117848466075726,315.3767922794119,0.01454125905068648,0.1207078099490756,0.8717829505368113
60,123.5894775390625,9.633314628538916,130.0,1138.617573603988,33.74340785403851,-0.7464503418581724,0.334714081493428,6.948844398315422,41.14693627450981,0.03296483206488589,0.3545139487784804,0.98198268875592
61,115.7027587890625,9.350188521662277,119.0,603.8445089906454,24.57324783154733,-0.5752566034212281,0.7506488199786636,6.593731610922995,326.2875306372549,0.01915924931150392,0.1148933429940314,0.7299219215213069
62,95.54367065429688,10.1437001789442,103.0,1933.707901223563,43.97394570906235,-0.1709076353315188,-0.8734381818239232,7.320278495194167,857.0904258578431,0.01240627256141924,0.08453021662259497,0.7786273211366704
63,119.6289520263672,10.10245141221341,126.0,1955.145236609271,44.21702428487551,-0.4570847897414578,-0.2681802590922033,7.400346861395383,1157.547549019608,0.00996690694290633,0.06065134390525014,0.7044193714672207
64,143.3977813720703,10.4263066559256,150.0,945.7451055513229,30.75296905261869,-0.3989991153580859,-0.2876479823381786,6.837668070098404,30.48612132352942,0.03279810791819774,0.3382886077718582,0.9838989350558266
65,121.5296478271484,10.29404939773118,132.0,2561.246527012205,50.60875939017084,-0.5772228037549993,-0.4458163249160796,7.500158817909068,1170.139338235294,0.01117420111815986,0.06395417487322802,0.7720634394118142
66,134.2993774414062,10.06316871079647,133.0,1392.960208352655,37.32238213663023,-0.1907037224688166,0.1238940445383694,7.229573393995914,1059.292677696078,0.01010349128677791,0.04842364520305133,0.6202144943151873
67,113.1158905029297,10.05109702428554,117.0,1161.597210870823,34.08221252898384,-0.3651075019170754,-0.4308854604171208,7.066082844842846,417.8502604166666,0.01290741404101019,0.08107903830287078,0.8203388420188092
68,114.5829162597656,9.695071700776799,118.0,791.5153416907415,28.1338824496503,-0.72034164248674,0.5079445443348778,6.784490661359079,200.3688265931373,0.01766891953863274,0.1311218467110645,0.8736716436418304
69,115.7843933105469,9.526984188838302,124.0,1350.128318442963,36.74409229308792,-1.17443411594116,1.151526632874855,6.82285826351958,436.1789215686275,0.01879532539852165,0.09940810726461237,0.8388882296064742
70,88.91566467285156,9.451839239780183,96.0,2397.826215799665,48.96760373756985,-0.4159297623101786,-0.4260949197863972,6.785609943583782,1055.970235906863,0.1244744876674146,0.1666712340164442,0.77875381450253
71,124.4808654785156,10.05217407396436,124.0,939.2595520829782,30.64734168052717,-0.07428037048167828,-0.1412575181771278,6.934775457520869,20.17651654411765,0.03210368432830882,0.3652042726088943,0.9892781562712548
72,229.4714660644531,6.36369488181419,253.0,3059.506937279366,55.31280988414316,-2.500263994402417,5.166855036565554,4.699582925174342,1052.162025122549,0.2353346895630601,0.4256956867610663,0.8286017664416337
73,114.3783874511719,9.856177051687878,119.0,867.8146476438269,29.45869392291225,-0.02875443501979746,-0.9457101934392091,6.770037876067408,38.30001531862745,0.02741489121778066,0.2744173393904464,0.9779658399992279
74,105.9386444091797,9.032511164375626,121.0,2894.796909929952,53.80331690453621,-0.9338298799117134,-0.1594280972422637,6.632992251969854,977.3144301470585,0.1210376122883443,0.1731411103491917,0.8302689231720958
75,118.9984588623047,9.596926483244763,118.0,540.4052863211837,23.24661881481227,0.09376471129425032,2.464755920423979,6.355885364385377,22.12141544117647,0.05611509103249292,0.4126327276119729,0.9795943728063071
76,136.9919586181641,9.909969943065466,138.0,1565.711559481686,39.56907327044299,-0.3177767890991996,0.6929738790861544,7.208201294550276,43.99347426470589,0.02970702522442772,0.2845124283322478,0.9860016544714508
77,188.6625061035156,10.20697817987543,192.0,2026.707600555383,45.01896934132747,-0.7574094398658061,0.8607425000862676,7.192614465824033,1847.85143995098,0.02633858806494847,0.06526121050285238,0.5451334259148649
78,105.6718902587891,10.14343617741796,117.0,1682.598719119793,41.01949194126852,-0.5708546691479829,-0.8919057538035116,7.07295942759768,186.1744178921569,0.02271746769756095,0.2214611395367765,0.944697680088103
79,132.4586486816406,10.23865159932037,143.0,2292.85668850597,47.88378314738686,-1.166109279075705,0.8010283441516761,7.210211922010624,666.0005055147061,0.01609488464074547,0.1217278168449749,0.8551477356907506
80,131.4387969970703,9.966035000826322,136.0,472.6879351006355,21.74138760752486,-0.3407367107705025,-0.3813342383054463,6.381854760514613,99.36346507352944,0.02549701674218193,0.1805872110625281,0.8950757594769644
81,121.1373443603516,10.11166219176024,128.0,2094.118419851875,45.7615386525833,-0.8294261702413356,0.3195955478253776,7.255755773425708,711.680193014706,0.01709446263600648,0.1274051771480393,0.8300753447744538
82,176.6921844482422,10.59686719556075,178.0,718.0757055187132,26.7969346291458,-0.3423354119017801,-0.207724929982203,6.758175519727218,99.47395833333333,0.0218265231172408,0.1926193894246184,0.9308056065015065
83,126.9910430908203,9.930877590219007,131.0,1080.686366917333,32.87379453177459,-0.4199627175363324,-0.323925825887736,6.969423771618023,26.84811580882353,0.0277126968676507,0.3119866988858273,0.9876028100524095
84,120.4929656982422,9.971719807678692,125.0,796.8140069150832,28.22789412823924,-0.7957994654693056,0.2223025114574781,6.708446253307646,63.78149509803922,0.0266527918146449,0.243799498286268,0.9599679899410373
85,116.3505096435547,9.68976079340447,121.0,857.7550574184861,29.28745563237759,-0.3008721785011979,-0.2921797279263489,6.853187102635323,587.784037990196,0.01330471959212688,0.07021950624156602,0.6573075871058316
86,118.6697692871094,9.582711992991598,121.0,656.8376639848575,25.6288443747442,-0.1834714827338856,0.1495989587285536,6.703967350646798,536.6893075980392,0.01403975396738921,0.06751307608014624,0.5913596270936614
87,121.2773284912109,9.90495373641431,121.0,846.2106713054236,29.0897004334081,-0.3052764690356628,0.4438878469665979,6.867601715593131,358.0909620098039,0.01690357613813389,0.1207252120984237,0.7889370659281923
88,118.6845855712891,10.24453887601714,120.0,1119.544724553591,33.45959839199494,0.2334473674832212,-0.4767021886757767,6.969345944908481,31.29068627450981,0.03473995876534371,0.3704402233716955,0.9860570639590893
89,100.2877349853516,10.36887334988225,95.0,1270.809527303791,35.64841549499487,0.1812930769954654,-0.9897860100595497,7.00566807119763,124.879243259804,0.01996695975229599,0.1827982550762966,0.9508437221579288
90,119.9146118164062,10.23837141676244,119.0,1054.458559688181,32.47242768393181,-0.3243008287983832,-0.4510502745049059,6.875971413937343,22.38728553921569,0.0383299670542677,0.3801177417108542,0.9894075669873564
91,111.9990386962891,10.2313114152765,118.0,1912.711470633512,43.73455693880427,-0.5206906259419156,-0.697430324100714,7.232546004035943,135.2812346813725,0.02167891593996203,0.2093256174759349,0.9646703430523317
92,129.6004638671875,10.05885846132263,137.0,1778.552742704749,42.17289108781551,-1.172557500741717,1.191105166526119,7.06250679059575,572.8066942401961,0.0145442441916916,0.1029485282675897,0.8388893396857136
93,145.7173919677734,10.15988741954997,153.0,1356.625927988207,36.83240323394887,-0.4955466471827377,-0.5706717250187046,7.038824261116084,29.98915441176471,0.04080934679749019,0.4712229711720319,0.9889666314619239
94,132.3353576660156,10.33701956023456,144.0,3384.378959796391,58.17541542435595,-0.6946416461081226,-0.5612988669381109,7.453357745707197,484.5321231617648,0.01813772066505831,0.1770136689080613,0.9284363345993895
95,105.5607147216797,8.772365215806522,123.0,2580.479742677649,50.79842263966126,-1.125396457585434,0.1420196218146192,6.400082354818963,526.0717984068626,0.1295883415614023,0.1995469384473555,0.8974371693379161
96,170.1933441162109,10.55861687243121,172.0,614.3311025497969,24.78570359198618,-0.6244986741638939,0.7736760753219856,6.624583429155313,262.9468596813725,0.01621029287803749,0.08967628465063175,0.7862930261349881
97,129.5921936035156,10.18852593808425,134.0,2000.89207406994,44.73133212939158,-0.6163707658648534,0.0841096590784276,7.402137500108638,735.339705882353,0.01220561089030951,0.09992970687409937,0.8166500973287523
98,98.43580627441406,10.22534862567539,101.0,1710.473235122627,41.35786787447616,-0.05939260773307015,-0.2349137700984674,7.373978849777142,1884.343305759804,0.008716204792040386,0.03696573431159441,0.4502064385338774
99,137.6750183105469,10.01182772204644,139.0,1810.72837127652,42.55265410378676,-0.7462117003758257,0.5544029137323148,7.254475801375544,592.7888786764707,0.01263991924820959,0.09215711512940641,0.8365956417510901
100,106.6194458007812,9.897396909095436,108.0,620.8850552104414,24.9175651942649,-0.4340760503296046,0.1737726986253896,6.656251659092535,218.5795189950981,0.01765084818128826,0.1210382350045752,0.8239324023647128
101,108.6161499023438,9.340723472527937,126.0,3677.406095381826,60.64162015795609,-0.6678613642811486,-0.7766829409513174,6.91575000895451,899.6969515931373,0.1282211211153392,0.182420440471482,0.877160928097319
102,106.8602600097656,9.85315306103283,113.0,1156.149143389426,34.00219321440054,-0.715567244606468,-0.1100872033729954,6.942663473051203,249.5206188725491,0.01660249493121248,0.1275123986172986,0.8923174481081908
103,92.04753112792969,9.398597417851855,100.0,2626.792677925667,51.2522455891024,-0.456254441947762,-0.5466749110903542,6.861985938169309,854.3734528186272,0.1208854671761584,0.174104371607673,0.8366216080263725
104,89.84454345703125,10.34619996712637,92.0,2318.396396007389,48.14972892973946,-0.1236024863325451,-1.436378367124535,7.211678416454727,133.184543504902,0.02199000575578409,0.2185677959687364,0.9712907099572876
105,121.8116302490234,10.30438467973366,121.0,3135.595360953128,55.99638703481795,0.03361021613726106,-0.6859033850052811,7.658008534640938,585.9188878676472,0.01444071336847145,0.1564651313785048,0.9065316197359549
106,122.1652984619141,9.427150685331455,125.0,499.8508655054029,22.35734477762069,-0.2301711683031963,0.003984743689508186,6.498866817561177,289.3272212009804,0.0171209905973909,0.09019008226757344,0.710966500747279
107,105.7758026123047,10.42743201852578,99.0,1790.027326473733,42.308714545277,0.3763172661900706,-0.3938663164109886,7.346346666362394,247.6685049019608,0.01567853849050176,0.1733930487743296,0.9305750975125587
108,136.07763671875,10.57798507800738,153.0,4114.313522100449,64.14291482385602,-0.5954664915561096,-0.8802996258147546,7.650024009323106,439.1246936274511,0.01800441236695745,0.2091588744213448,0.946610283441566
109,122.5366363525391,9.640239590401867,126.0,674.8241582659539,25.97737781736166,-0.2739570062184573,0.06224446217440427,6.703362704774605,589.6434589460786,0.01387940349457065,0.06171521180936004,0.5633332031465172
110,126.8395080566406,9.648380566633644,132.0,1176.428099757992,34.2990976522414,-1.250535765116197,1.91073194031081,6.886231227964337,296.5336397058824,0.02033300690509104,0.1674230765357309,0.8743049878465912
111,137.0093841552734,10.60850986554581,158.0,3736.769916210091,61.12912494228991,-0.5736860508676954,-0.9210069438704953,7.628175322813013,389.9195772058824,0.01504027122649113,0.1562974263120519,0.9477883816302478
112,116.6852874755859,9.977419727511984,116.0,878.3777474088129,29.6374382733868,-0.1915535157498585,0.4943445801471156,6.913127163217553,572.7870863970588,0.01242460622882547,0.05783683419334278,0.6745051704582822
113,107.1766967773438,10.04599711852779,113.0,1643.124601002783,40.53547336596407,-0.6847344356715411,0.03197641982985377,7.142451815484087,542.6609221813727,0.01537964257944702,0.1033331715633715,0.8351289109883913
114,136.9646606445312,10.15186503897344,145.0,1287.035067047924,35.87527096828571,-1.684925275439205,3.368016003597141,6.785252730250203,432.5077971813726,0.02018459223642432,0.1334539030668039,0.832044823920006
115,134.8856201171875,9.468095712749278,133.0,885.764322027564,29.76179299080558,0.02948245949217583,0.1102122233520069,6.845880164540386,18.39269301470589,0.03907200240054061,0.404957308835626,0.9896457762156007
116,232.4337005615234,7.883167693620515,249.0,1549.601988661801,39.36498429647599,-2.781838242935655,8.22155141102303,5.495494129103522,924.3154718137255,0.1175432273087564,0.2515410034886733,0.7025433378060991
117,133.2546539306641,9.682312591732588,130.0,659.2920391929802,25.67668279184405,0.4655403063616388,0.1772156021362821,6.677591008035743,40.0125,0.0319749846632859,0.3097459736619897,0.9696981428764493
118,122.8805389404297,10.0118376285373,132.0,2386.785823659739,48.85474207955394,-0.9339050645327318,0.2207216896155653,7.281937796182111,559.2510110294118,0.01729844092822221,0.1491143947640686,0.8831355506933362
119,162.8961944580078,10.50561010260374,171.0,2495.533612226835,49.95531615580903,-0.6240081052091703,-0.4286038374812002,7.471933460843553,508.0278952205883,0.01800712312902299,0.1636367651302561,0.8982788277636296
120,116.730712890625,9.756361231148437,122.0,999.2131900191307,31.6103335955053,-0.7248277316012445,0.3798026343132075,6.921819437263042,217.0174325980392,0.01666882070945495,0.1183803145232712,0.8914789934253423
121,118.4481964111328,10.56257584222956,111.0,940.8896503725555,30.67392460009895,0.609314152356496,-0.4543607764477167,6.722598260172456,182.131556372549,0.02287040810346969,0.1941790200576758,0.9033875344271347
122,118.7644195556641,10.16068187558088,128.0,2152.013822532957,46.38980300166145,-0.5080518031237952,-0.6086829364750548,7.385160941313659,939.3807598039216,0.01034360188529862,0.06502636689462735,0.7822270636288711
123,110.6005859375,10.25063712768321,121.0,2617.660170555115,51.16307428756715,-0.3881903246603866,-0.7048495085700459,7.331806218185879,1085.280208333333,0.0207655846777914,0.1058343776935775,0.7929757113199644
124,228.5311737060547,5.720954845200258,255.0,3639.138218873879,60.32527015168584,-2.438142557851051,4.657967537597034,3.879137820310321,752.1609375,0.468909538382358,0.5827824493580561,0.8969860082635525
125,118.8392181396484,10.08739353960435,123.0,1943.753552879905,44.08802051441985,-0.4865531811897263,-0.18317490176603,7.377942767430981,792.5073682598039,0.01082557766811211,0.07395869468298652,0.7964370383472209
126,124.3042602539062,9.789929131630307,133.0,1741.656876381487,41.73316278909959,-1.124751940207631,1.316415362475865,7.101461425952018,711.3898131127453,0.01645544329979775,0.1239832156688309,0.7961397845689726
127,119.4949493408203,10.17430861464959,132.0,3666.32520032092,60.55018745074965,-0.5632327809089883,-0.8824583788224722,7.486127380383949,559.6947457107843,0.02075090020767932,0.1995110866455028,0.9236650642840417
128,129.9545135498047,10.13607747249005,137.0,2243.84963081195,47.36928995469481,-0.6053313521338007,-0.2291849179284284,7.390632478566721,486.812362132353,0.01416737029894836,0.1339146174288208,0.8915115944380819
129,119.7513275146484,9.413008077619818,124.5,891.86490454874,29.86410729535942,-1.374155438295903,2.621346228730741,6.687514275404618,484.3305147058825,0.015009784960878,0.0675611048656179,0.7291108377468449
130,116.9570617675781,10.08253900431025,126.0,2259.429857968353,47.53346040389183,-0.5514322473974839,-0.4015714759894586,7.312630913996552,1035.577022058824,0.0141857603419245,0.08518283054057184,0.7712680570529846
131,168.2598876953125,10.3261909001267,180.0,1465.838067516685,38.28626473706575,-0.8794556721789797,0.233594861084232,7.096588907336343,298.1652113970589,0.02063930243877136,0.1498405199199601,0.8985346378060286
132,119.4916534423828,10.16732344043322,132.0,3667.431723547867,60.55932400174119,-0.5635856090295639,-0.8820040427104376,7.486235629981362,559.5209865196077,0.02073036522518408,0.1992731185744196,0.9237115605670677
133,140.5998229980469,10.0226458670244,137.0,700.1666405936703,26.46066213445291,0.07618334880649202,-1.043376264149637,6.554212708582876,24.38491115196079,0.03258431578942123,0.3165452815473576,0.982622313728265
134,115.7751770019531,9.964878203341065,122.0,1557.247031523846,39.46196943290902,-0.9998409195688592,1.014238087791282,7.097622204512108,509.1030637254901,0.01478992656114505,0.112323029093973,0.8369282298168488
135,104.9645843505859,10.14225372730072,107.0,1342.965405277675,36.64649240074246,-0.5314250585679064,0.1470655161831242,7.133690432465425,410.2554534313726,0.01296536990769185,0.09187279014034937,0.8474510800074827
136,129.1790771484375,10.15227386110034,133.0,1704.916722878814,41.29063723023433,-0.6568717730232958,0.1958371373133314,7.265077447332391,866.9079044117648,0.01099700355096394,0.06518783886766057,0.7461619450716271
137,134.0792388916016,10.17053157531179,134.0,1443.138817023253,37.98866695507034,-0.3752933021771033,0.2597480085067119,7.232884556721855,810.1808210784313,0.01094481359396503,0.06298821007910063,0.7196741642563318
138,137.0952911376953,10.23777451292707,140.0,1932.7908310981,43.96351704650232,-0.4278368456332353,-0.1051248147059134,7.447457638495772,1110.274264705883,0.00905930728007656,0.05046937423580293,0.7132602354176394
139,137.8029632568359,10.00296663148808,142.0,1305.281565315789,36.12868064731659,-1.179953750671316,2.365311437625135,6.99306074122919,593.0929381127452,0.01592058694105447,0.1094961621052966,0.7730304431131336
140,112.9045562744141,10.13258285085753,121.0,2221.43353270716,47.13208602117204,-0.5243009717868317,-0.5138976278733494,7.383452817663101,922.3090533088234,0.0123051016871653,0.07938494806659188,0.7927095158224979
141,129.6007537841797,10.04861307015993,137.0,1778.642680706223,42.1739573754494,-1.172530426479483,1.191078111602858,7.062498275719927,572.926531862745,0.0145623355587688,0.1031099687388105,0.838862405455009
142,124.5915985107422,9.746601001328697,135.0,1561.609499117127,39.51720510255156,-1.472182121244984,1.866614599690006,6.887936921862219,555.3369332107843,0.01511725795372481,0.07576627270034544,0.8226533785980314
143,191.8729858398438,9.774165015888185,204.0,2392.533794160932,48.91353385476184,-0.4869680728890156,-0.9862411499820518,7.183859054857119,890.3904718137255,0.02495791344025061,0.08127189863257012,0.8139503365665588
144,117.1371002197266,10.37169989989474,132.0,2582.546129677212,50.81875765578309,-0.641021902586808,-0.8147489678579882,7.376501542133159,521.5790900735295,0.01397443415953061,0.1140401631880799,0.8991059903360055
145,122.38427734375,10.42706398417494,131.0,3794.202947378159,61.5971017774226,-0.3378656556023754,-1.072229878740857,7.653240755197486,517.5691176470589,0.01688172517268553,0.1919677778872821,0.9316892868983416
146,97.81233215332031,10.44952394414117,94.0,636.783979387721,25.2345790412228,0.3135273087462967,-0.5578120623026392,6.570458426562745,81.70107230392159,0.02462273881676195,0.2158246613862907,0.9357519064423774
147,106.2232971191406,9.745612306495453,109.0,560.6506083672866,23.67806175275516,-0.1803958264648803,-0.1603558882091067,6.568496901505373,373.77578125,0.01576245825179594,0.08018600344299476,0.667130466884215
148,139.7759094238281,10.24140830607768,141.0,2594.823776333593,50.93941279926176,-0.3296678711189334,-0.4563315289792897,7.595076036877026,333.7429993872549,0.01379467705957832,0.1444656494521396,0.9356256790878409
149,164.4815521240234,10.53698103634772,168.0,759.4407302325126,27.55795221406178,-0.203093993933303,0.5829195102438427,6.741730420669921,44.55510110294117,0.03791953496374065,0.3119130437773692,0.9707043132122211
150,156.0648193359375,10.58484628831546,168.0,3614.287699088454,60.11894625730273,-0.7899619888475298,-0.3391852098182033,7.551020464040819,246.6340073529412,0.02231440857543321,0.2104992998174253,0.9659390606257472
151,143.5903778076172,10.10904066897895,148.0,1294.769541812828,35.98290624467162,-1.017090599963505,1.481599611479674,7.044430415768288,430.9781556372549,0.0146308691144631,0.1061689031917886,0.8339758162446105
152,136.6104888916016,10.02154889529269,142.0,1371.962798308348,37.0400161758651,-1.420259035344816,2.742841299534295,6.973199323148444,452.1842830882353,0.01459513934501759,0.09215490667012101,0.8354332282285103
153,89.41184997558594,10.43344018980968,92.0,607.9832268876489,24.65731588976482,-0.3218589591504629,-0.3104741206911421,6.636368936562321,100.5046262254902,0.02275994425665582,0.1957953825336814,0.9173238842817498
154,122.7458648681641,10.48728463607649,144.0,4480.931890554493,66.93976314982369,-0.4502087954561164,-1.140005929695905,7.6341695827538,696.9642769607846,0.01488530821949482,0.154760414156915,0.92228781508384
155,122.5978393554688,9.515445400603957,133.0,932.6377052925527,30.53911762465564,-1.412352173813089,1.500580771105813,6.556308019757379,187.2180606617647,0.02426208494027315,0.147499031756235,0.8998183679605332
156,127.5079498291016,9.845956318964701,134.0,1370.43902371428,37.01944115885976,-1.303222526362431,2.491828056707915,6.949171028092397,674.8260416666668,0.01543628224451702,0.1025043571173658,0.754073927897422
157,117.4163970947266,9.868759307953574,121.0,958.024291071808,30.95196748305038,-0.5369158409951519,0.2580329834310837,6.951798004069724,781.1973345588237,0.01142547815305984,0.04872690772162535,0.5927282978797537
158,111.9371490478516,9.904352915008586,118.0,1051.006807204103,32.41923514218222,-0.516934211460698,-0.6692907689962042,6.911257175718697,261.2255514705883,0.01571410459202448,0.1100848576356942,0.8757007000163605
159,137.0997009277344,10.27315232493932,144.0,2104.147164217196,45.87098390286823,-0.7792064741392613,0.5660356755468161,7.391345722774926,1147.155897671569,0.009864315931691417,0.05673131881815498,0.7278514136166091
160,129.5795288085938,10.40911917324855,143.0,2511.120475705713,50.11108136635761,-0.808211960523011,-0.02326930154752915,7.349879500251597,817.0599877450979,0.01513698992409581,0.1182542033082137,0.8375729940348929
161,114.7081146240234,10.02087892983281,119.0,1655.380516428268,40.68636769764865,-0.6177847828814693,0.2062529311881058,7.174684543272909,831.7042892156865,0.01367207881775357,0.08504179404128001,0.74935776245837
162,107.3435821533203,10.0598391219333,115.0,2466.985421152553,49.66875699222352,-0.3647929995012367,-0.6085274972210493,7.508999732116698,750.6927236519605,0.01170389252633182,0.09147987475092553,0.8474875635032871
163,100.4167938232422,10.21507677793474,108.0,3431.346561839571,58.57769679527841,-0.2604892000095879,-1.225001141586036,7.470020567320926,440.2375000000001,0.02675992785372007,0.1826942151807423,0.9358743816993724
164,114.7514801025391,9.804570000540963,123.0,1049.215688422089,32.39159904083294,-0.7367109462798204,-0.4087649639421018,6.798932377774256,31.44784007352942,0.03259058060956377,0.3418832671685928,0.9850360359270409
165,115.1348876953125,10.16917596920115,120.0,1952.506494030356,44.18717567383501,-0.2813914881977876,-0.6792122056395442,7.38441420692552,697.6888020833336,0.01082976041943046,0.08184085603159558,0.8215263815638697
166,109.3414459228516,10.18381700464908,121.0,2478.033332284307,49.77984865670352,-0.3680689451089663,-0.8698178308555642,7.478547491104626,197.6137101715687,0.01690371496046443,0.1903668295431589,0.96017097115429
167,126.8410034179688,9.655681111883045,132.0,1176.459217157215,34.29955126757805,-1.250520602341538,1.910739619324342,6.886279447162567,296.5053615196079,0.02032840158117672,0.1671973381713,0.8743205320097754
168,109.2727203369141,10.41908329714902,110.0,1311.201761923498,36.21052004491924,0.06339158381161807,-0.5176106287496363,7.085689593442948,28.00606617647059,0.03839830848481358,0.386364265113555,0.989342994757504
169,145.1121063232422,10.55886110001889,156.0,964.2122399115469,31.0517670980501,-0.9326253038445923,0.1147273549387791,6.702014272298222,161.8443627450981,0.0251080855663737,0.1861247149269119,0.9160220361266181
170,158.6514129638672,10.71029854836536,174.0,3569.263878313592,59.74331659954603,-0.6856843317530714,-0.6067237827913057,7.572525514525268,469.817800245098,0.01779286109544076,0.1761429370020253,0.9342587797803987
171,131.7844848632812,9.624334138899558,135.0,346.9500131867826,18.62659424550775,-0.9189025135576577,2.481048658820057,6.119078838780377,109.0360447303921,0.03718419406851312,0.2729555805299484,0.8429452911839401
172,105.2342987060547,9.48994234636358,112.0,693.0631003321614,26.32609162660043,-0.4362364801629555,-0.4388960245732227,6.640136508760121,132.6996170343138,0.02129574629975488,0.1630058409013054,0.9043832727790855
173,121.6776275634766,9.889811164434034,118.0,627.5156591420528,25.05026265614899,-0.08672262598445209,-0.1692061905552706,6.498988384664563,80.78757659313726,0.0293700556997926,0.246323599883241,0.9356335092657371
174,240.5009155273438,5.526273913690908,255.0,1684.579802628607,41.04363291216564,-3.890785325167596,15.38977187398089,3.591954357140103,752.9970894607845,0.4559007158789516,0.5651493361456551,0.7772165092658223
175,125.0782928466797,10.17939745006005,128.0,1946.384541006526,44.11784832702663,-0.62663620793776,0.6332394563743629,7.321475037635401,696.4615042892157,0.01323765198337379,0.09321354316609684,0.8215113166165164
176,118.9046020507812,9.92557294522667,126.0,1623.013390686363,40.28664034995178,-0.909012493977112,0.6903100174374766,7.172978258223745,667.6560202205885,0.01519885776686326,0.1208162240292198,0.7945854779573335
177,223.7677307128906,6.746366299864922,253.0,3200.531774855219,56.5732425697451,-1.898178927225674,2.396939705736322,4.951605245224251,1520.037346813725,0.262121411603394,0.3855933948013407,0.7632133223
178,109.1810150146484,10.1766704266022,109.0,1304.117456342792,36.11256646020595,-0.1162410073636664,0.1380531058323484,7.193909080811075,1006.657184436275,0.01034482688492308,0.04919250099837187,0.6140438651260669
179,76.20191955566406,9.479079652044533,87.0,2110.386032081908,45.93893808178316,-0.305205655528026,-0.9497416556692992,6.771338110921625,521.9955729166668,0.1204751256387458,0.1992546897730579,0.8759130642626692
180,118.1584777832031,10.10372233773895,132.0,2060.917145534419,45.39732531256019,-0.8824542294223039,-0.09885231831184127,7.211057363784147,422.0376838235293,0.01663591656698087,0.1006118355514825,0.8977508639607792
181,116.6971740722656,10.24851420729031,114.0,775.2195757543668,27.8427652318222,0.3636696069478579,0.6498239989711525,6.705902362120196,141.7362898284314,0.02698757859735911,0.2060320878637033,0.9087368005713023
182,125.3397216796875,10.34396242229012,138.0,2002.443915352225,44.74867501225288,-0.9390169043318434,-0.1368071660031864,7.095666581224233,409.9989123774509,0.01783190882935863,0.1377727141192121,0.8978566535995446
183,121.9474945068359,10.25529157308672,125.0,3701.237401254242,60.83779582836842,-0.3025754040384077,-1.086276509470709,7.549546831361529,459.2869485294116,0.01914838235269019,0.1791751753526339,0.9380142738450232
184,98.46533203125,10.16932601750925,108.0,2310.087329626083,48.06336785563495,-0.160873066303742,-1.061503486427198,7.361651608868151,1000.684420955882,0.01359400237351185,0.09007704638387955,0.7835970110855809
185,136.8200225830078,10.43575651489081,151.0,2712.416903173318,52.08086887882457,-1.156683706331336,0.532547610644281,7.234671319927664,451.8049479166668,0.01941076229632923,0.1846191526383136,0.9168441190832983
186,115.0192565917969,10.25157190690774,115.0,2202.184870882891,46.9274426203143,-0.1020350987320869,-0.1142379666505065,7.50380077722305,1237.936289828432,0.00989905778220787,0.05958896420921845,0.7194012956849126
187,134.3478851318359,10.00890945271348,139.0,1561.859185285633,39.52036418462807,-0.8781918823243358,1.057743649869738,7.198467179380565,1047.018887867647,0.01081226012183548,0.05482117293892687,0.6653212549116352
188,78.44326782226562,10.87636794332887,82.0,491.4413005029783,22.16847537615021,0.01222786263252544,-0.3624980948097614,6.403269569846156,237.4142003676471,0.01996797043591283,0.1218135255053477,0.7585555000265236
189,137.0088806152344,10.60479322779548,158.0,3736.887646964751,61.13008790247852,-0.5736458658576847,-0.9209445049160414,7.62840843795621,390.0389552696079,0.0150284245401738,0.1559376041058148,0.9477741995565937
190,100.7856750488281,10.25028730780646,104.0,1276.968438594602,35.73469516582731,-0.1991799850787127,-1.0496819157861,7.042270006757825,131.4378676470588,0.01889283032978516,0.1927834329921727,0.9485777600264409
191,111.4165802001953,10.26357877128324,118.0,1944.155455687782,44.09257823815457,-0.1965100029973525,-1.276330921122024,7.186076584929351,122.1467830882353,0.02108367423325725,0.2084949083553414,0.9686082111271207
192,106.4759521484375,10.33240119257363,117.0,4506.251222237945,67.12861701419108,-0.1615681554846925,-1.427744689278397,7.573170766700377,682.0323529411767,0.01688111355022381,0.1634310120705773,0.9243322175787784
193,103.82763671875,10.10328587629029,112.0,1896.632613897324,43.55034573797691,-0.3996757415809702,-0.5547192602690187,7.315664322508311,807.7423406862745,0.01206658698290622,0.07875898581913039,0.7874276694535667
194,125.9006042480469,10.54168130222757,135.0,1526.692238404416,39.07290926466079,0.01682886073679042,-0.5006082539477106,6.973519509330719,35.35888480392157,0.04295417435233341,0.3877975230883716,0.9884427281393589
195,248.567138671875,4.647078320198886,255.0,550.8713468909264,23.4706486252708,-6.50366670151582,48.39247480762584,2.998048606776017,373.3529411764706,0.4677268967411657,0.6342844853537334,0.6623660094381538
196,139.6632995605469,10.19562978433499,140.0,1380.086278810166,37.14951249761113,-0.338928654173884,0.4105768226920321,7.095116890020692,35.89270833333334,0.0281282621111106,0.3079721010598836,0.9870298429905362
197,129.9739685058594,9.514247450062228,127.0,666.3782591288909,25.81430338259956,0.4668613470979741,0.9389749295488459,6.679237647461721,116.3523743872549,0.02406086822023441,0.1928624118460217,0.9129070860472757
198,101.9410400390625,10.37272894947974,114.0,2971.254580363631,54.50921555446961,-0.2779700302378589,-1.332226434082188,7.36022768808226,439.816773897059,0.02121450163158785,0.1571575389420259,0.9261303901936975
199,136.5780029296875,10.45988430564602,144.0,4281.100482925773,65.43011908078552,-0.342208855603401,-1.109680027965462,7.712404335703718,437.415012254902,0.02095017068275077,0.226127933184919,0.9489389139813046
200,125.4332122802734,9.110672244948931,129.0,408.2167308067437,20.20437405134699,-0.5861706759698213,0.5124311793999041,6.27121277215125,240.9494485294118,0.02227255735186614,0.1190921299552432,0.7050444787165165
201,114.2537078857422,9.913566126019482,113.0,679.9666839444544,26.0761708067817,-0.1990459150465769,2.703993766549194,6.635079187832162,696.2829350490193,0.01514105101979372,0.05926113243874233,0.4892011940281903
202,103.9215698242188,9.152437946324909,118.0,2782.890851881355,52.75311224829635,-0.8813463289788509,-0.2230208911038014,6.662863874157162,601.7019454656863,0.1258515950853082,0.1864606625721049,0.891322540454066
203,121.8860778808594,10.17777766524328,129.0,2123.339927024208,46.07971274893332,-0.4375803425960729,-0.4000379906209077,7.478128885796038,1438.831755514706,0.008821029142625267,0.04906738321598626,0.6616988516313106
204,112.0876617431641,10.06984958812886,119.0,1484.621236927575,38.53078297838722,-0.5670136486469809,-0.3104025601339697,7.211985566936117,811.0399203431373,0.01055414522675638,0.0536524601684863,0.7271284143899892
205,147.3187408447266,10.39523878416859,156.0,3770.093335304176,61.40108578277893,-0.4792267135686342,-0.7700129213438633,7.74905925683588,720.402068014706,0.0130920593721776,0.1293127132983057,0.9044967880462903
206,229.3495178222656,7.849706325990602,248.0,1431.201720348559,37.83122678883886,-1.709411644806054,2.127286466668525,5.514810625983775,1084.094806985294,0.1300275886527701,0.2149621179945534,0.6212495304797777
207,110.8969421386719,10.44166125647264,122.0,3456.716826586984,58.79385024462154,-0.4397176271288893,-1.110261750524656,7.397728987642011,436.8214460784314,0.02376129973987616,0.1938001382083231,0.936915899513008
208,115.33203125,9.755012984118089,113.0,614.2609710693359,24.78428879490666,0.8237479755327544,0.8185416543485702,6.549299939734627,115.7522671568628,0.02393159896993884,0.1873540549738255,0.9059867484112029
209,96.4959716796875,9.169264361743906,111.0,2927.516921028495,54.10653307160324,-0.6058266206550428,-0.660025715252289,6.822011658629794,944.7590226715687,0.1238769391804214,0.1770647720589274,0.8379771795383455
210,118.4503326416016,10.56073380550529,111.0,941.0673268546816,30.67682067709562,0.6095612863440726,-0.4540957303097919,6.722593448025968,182.1285539215687,0.0228715675032926,0.1942607514529266,0.9034073839071878
211,109.2440490722656,10.0217689082707,114.0,1583.400156847201,39.79196095755022,-0.5811053308975431,0.01537051629588992,7.152285551615742,623.0733609068627,0.01470924887426184,0.09423976574157186,0.8036794752320643
212,124.6571044921875,10.24298749021053,133.0,2530.907904848456,50.30812960991948,-0.419124793771504,-0.4285438467017331,7.562273439724971,1882.720036764706,0.008874233062475636,0.04917847521211861,0.6289592935347524
213,127.0529937744141,9.607787756361454,129.0,645.2291710299905,25.40136159795357,0.08465919129498213,0.9682309622600864,6.63266442385549,123.3647671568627,0.02726709662088521,0.2380274242129118,0.9045203445731194
214,118.3178405761719,9.994106845079223,124.0,2099.430929272436,45.81954745818029,-0.475672948102192,-0.1691909234963211,7.310424395799616,882.500536151961,0.01503974074453486,0.09196650863503168,0.7901648909767984
215,85.9293212890625,9.375157876274837,98.0,2477.049234256148,49.76996317314438,-0.4436174403470106,-0.7662375026659465,6.817389687018601,829.4005208333334,0.1214551595183207,0.1775491999721803,0.8317770309775165
216,139.7767028808594,10.24263591934087,141.0,2594.88492233213,50.94001297930862,-0.3297225353259895,-0.4563159448915339,7.595114825798085,333.7918351715687,0.01378416029322014,0.1444185927428173,0.9356178509361669
217,104.5985565185547,10.06870396021636,106.0,556.0285861731973,23.58025839920329,-0.0551573192184777,0.1788871082645511,6.587288407261922,502.9384037990198,0.0154964858611893,0.07656417787212103,0.5481570349813436
218,90.73561096191406,10.2147317154468,93.0,1082.057616136735,32.89464418620052,-0.1710523795506383,-0.9123993000160193,6.95314142490157,60.81992953431373,0.02020721482891367,0.1884618950930844,0.9719102033203912
219,130.2584991455078,10.15547397876625,134.0,1977.525020843139,44.46937171630761,-0.4634233135362652,0.1441571191297912,7.459931455936148,1774.967601102941,0.008475922677120048,0.037356479254931,0.551971703257299
220,138.9476776123047,10.07581959460022,144.0,1506.791589149972,38.8174134783601,-1.263746766561229,2.327910199970828,7.06855801776787,467.3309895833333,0.01511629551697208,0.1110331624860591,0.8452623217313826
221,122.3562774658203,10.15135323659756,127.0,1927.374149741372,43.90186954722284,-0.497238914824663,-0.3161094063318464,7.399372710022386,977.9820006127451,0.009739611763585001,0.05563038195519937,0.7467648328706362
222,117.9128875732422,10.10978780431331,123.0,2022.14547233819,44.96827184068997,-0.3596477592486325,-0.3196458807231757,7.395549788427306,1128.360049019608,0.0106621388611946,0.06675422284151138,0.7215387419833004
223,123.2614135742188,9.625844943127882,123.0,973.4370645545423,31.19995295756938,0.2079700872036951,0.3330105230317359,6.955857893425786,50.77282475490195,0.02381065678976832,0.2190959507215942,0.9739885656516686
224,137.5211181640625,10.14298562902971,144.0,1423.318310126662,37.72689107422797,-1.560399982388314,3.205148714376239,6.899072098500328,443.8862898284315,0.01790884481044192,0.1374707935400776,0.8442884249202712
225,118.8973693847656,10.16641018236495,128.0,2530.208949378692,50.3011823854936,-0.3654938420916359,-0.7279803519327701,7.471272492789609,635.9188112745098,0.01470482915959057,0.1101751052730489,0.8741509742598303
226,119.9732818603516,10.22168747797843,126.0,2597.5156283041,50.96582804491751,-0.2834971212054991,-0.3276392605195344,7.591005906120045,1177.567294730392,0.009715222801550455,0.06200405456068498,0.773788368688169
227,156.7341003417969,10.51509389910671,166.0,1679.92258350458,40.98685866841444,-1.250702589791926,1.755243155619271,7.175596923336407,912.9013174019608,0.01189092606794223,0.05651252239707138,0.7289639476698749
228,127.7502746582031,10.36465563469338,141.0,3635.551223679446,60.29553236915191,-0.4596066173747388,-1.076265303932186,7.617512534002796,462.4005055147059,0.01448562329591798,0.1434473410692605,0.936572797511734
229,106.9792938232422,9.89066434011726,110.0,606.7989029192831,24.63328851207818,-0.5089456247353019,-0.08229104430999934,6.597304772126239,142.1656403186275,0.02171943693957609,0.1633327438684199,0.8829353411480881
230,101.9404144287109,10.37899887049377,114.0,2971.246617406374,54.50914251211785,-0.2779669926440606,-1.332234156544724,7.360318108213527,439.67734375,0.02126279568236406,0.1572030947837973,0.9261535600097096
231,121.2833862304688,9.30841425419681,125.0,465.4477378986776,21.5742378289171,-0.3336266915552771,-0.2110271141999247,6.411096112812468,224.1040134803922,0.01889320294420374,0.10162285905369,0.7594948056797116
232,105.7016448974609,10.18590697020467,108.0,1342.653248026734,36.64223312008609,-0.3432687602172568,0.1823750380796088,7.156576069183878,748.2593596813724,0.01137597621116819,0.05657942467701567,0.7215314631598013
233,122.683837890625,9.043765994824314,124.0,676.5398425459862,26.0103795156085,-0.3863847614020194,1.429648800200158,6.62565571902233,18.31361825980392,0.04858115707657287,0.4233984108740775,0.986513599868162
234,137.3137969970703,10.17553382616661,139.0,1133.525142894825,33.66786513717234,-0.3682256483260564,-0.2247468882950727,7.006536490045643,15.6952818627451,0.04130363312073783,0.4077202299609457,0.9930994137952261
235,122.9980926513672,10.26855055463837,120.0,1318.654522118857,36.31328299835829,0.5195928239532335,-0.08709489252200253,7.138828623061232,68.67954963235294,0.02037277243960579,0.2089206565464795,0.9739588873751276
236,109.3076629638672,9.85639301551877,114.0,905.1942381539848,30.0864460871334,-0.7012820971687074,-0.02961548062976016,6.826376887278983,165.0649203431373,0.01847050452742418,0.1437777584492417,0.9087456498517665
237,98.80038452148438,9.97689132925197,103.0,884.3348790025339,29.73776856125109,-0.6541009866104763,-0.1463678675653339,6.803585529918258,97.15287990196077,0.02390391194469248,0.2302446625943616,0.9451831005804604
238,238.8352813720703,6.490279926205634,253.0,1654.941480444511,40.68097197025301,-3.852356153718241,15.03951614723168,4.47246133802062,626.9564797794118,0.2424042521783861,0.4025767680090077,0.8112199390732434
239,118.7486267089844,9.974037035971035,126.0,1973.385694525205,44.42280601813898,-0.7643632403897923,0.09446111061388063,7.260165063386285,509.7783854166667,0.01564091125656052,0.1278362917484245,0.8710246009350705
240,127.0620269775391,9.892106703044306,123.0,550.1849191335496,23.45602095696432,0.3664192686212513,-0.4497248074328146,6.524216600634529,39.32326899509804,0.0312411304574663,0.2837654204137554,0.9643135271284193
241,110.0093231201172,9.790558015001862,110.0,513.2452591487672,22.654916886821,-0.1322983754260729,-0.2667328162186946,6.516135704241857,167.0358455882353,0.02134320784924084,0.1650736246284288,0.8375005196716918
242,97.01039123535156,10.29455188252087,99.0,1800.746947075939,42.43520881386044,0.1947907168237356,-0.4941444658890042,7.3713991830263,1552.136703431373,0.009697598635634816,0.05304115175067262,0.5696177962126218
243,127.3715057373047,9.987861132150226,127.0,1649.280333706876,40.61133257733457,-0.5278139419218342,0.6384529854523358,7.21880819637158,688.2449142156863,0.01240267825658517,0.07707424377755223,0.791463132883129
244,118.4404754638672,10.16013222075205,136.0,3261.523464886239,57.10974929805102,-0.6457677463074926,-0.8457045185597685,7.337429358138806,804.0709865196078,0.0226106781179199,0.1347810706565699,0.8768253478814644
245,114.90625,10.12668021118517,116.0,868.8963317871094,29.47704754189451,-0.2412259665212182,-0.381762523357517,6.837635218350654,246.3413602941177,0.01721208506080896,0.1159942190781309,0.8585213935885344
246,98.46372985839844,10.16658653686297,108.0,2310.159634183859,48.06412002922616,-0.1608719642968137,-1.061442623347112,7.361638281081398,1000.771338848039,0.01363495531712165,0.09023005845116576,0.7835849821198296
247,111.7126312255859,10.16983991618838,119.0,2663.15898107714,51.60580375381378,-0.2917957132171567,-0.6211159058701927,7.488342461326126,1132.855254289216,0.01420192916885641,0.08860442799581106,0.7874602456970806
248,111.4841613769531,10.13074622340175,120.0,2258.652062370442,47.52527814090562,-0.3632751982549639,-0.6680584293382372,7.398060680239608,1022.185340073529,0.01272517930557541,0.08480819041542662,0.7740781524730354
249,126.1843414306641,9.710121175715075,129.0,900.6187434566673,30.01031061913001,-0.8347420825839593,2.315313661615344,6.846368071113655,904.3687653186277,0.01241226705836651,0.05083212711360431,0.4981905111216242
250,123.2545623779297,9.747208415716475,125.0,1592.246706174454,39.90296613253773,0.1068085597822645,-0.4044838165927844,7.204850291158468,47.1360294117647,0.030772419367368,0.3143872900155741,0.9852330895512273
251,130.8428039550781,10.33639513820583,140.0,2379.669686376117,48.78185816854579,-0.5786061172106268,-0.2763723492620094,7.475595436812278,813.0245251225491,0.01126863890995828,0.08842726409329715,0.8295570029149354
252,128.3848724365234,10.33586147104501,142.0,2813.431905556237,53.04179395114986,-0.7370140266675159,-0.3328951150827559,7.497779637928191,767.1729013480395,0.01120236887096111,0.08501458670175639,0.8635972455670636
253,110.9041900634766,10.43709577131725,122.0,3455.990469503915,58.7876727682251,-0.4397329906870483,-1.109896583367084,7.398038524727721,436.8186427696079,0.02371720315957315,0.193720197835444,0.9369031150226118
254,151.6069488525391,10.20979350539723,159.0,1907.901068046456,43.6795268752588,-1.116045111117541,1.134954022778603,7.227054970935596,604.6811274509805,0.01823870291427925,0.1513438983706004,0.8419374788800025
255,144.7563934326172,10.20315117124323,147.0,1276.026791704586,35.72151720888386,-0.6809004548000244,1.024880467192438,7.066750964922958,50.23771446078432,0.0228606072875704,0.2216159823946295,0.980363726880464
256,125.0774841308594,10.18269543769984,128.0,1946.525093621574,44.11944122064075,-0.6267689461253303,0.6339499504216612,7.321804497019509,696.617830882353,0.01318941829756393,0.09315186064425332,0.8214841330480621
257,111.1795806884766,9.271649568322427,130.0,3700.525261152303,60.83194276983354,-0.7098125562178409,-0.6291246619955602,6.908115881611894,1198.92584252451,0.1266649535357445,0.1720849721081674,0.8373003073330831
258,110.239013671875,9.798371658505465,115.0,853.47732681036,29.21433426950476,-0.5963629734545899,-0.2165992840652979,6.774300014361287,89.11475183823528,0.0277733179345201,0.243733947327793,0.9479230268615267
259,115.215576171875,9.707388857849468,123.0,1555.25674957037,39.43674364815596,-0.5633540282633589,-0.3067904922054927,7.142796965146583,338.2261182598039,0.01502670685424329,0.1171419379127804,0.8915083251814188
260,109.7140502929688,10.251996101846,124.0,3208.493092384189,56.64356179111788,-0.3772468243310294,-1.108479929247116,7.381561680352898,415.7401194852941,0.02571575545060516,0.1887959834787868,0.9350886151784272
261,158.6390991210938,10.70945723952593,174.0,3570.777923163027,59.75598650480993,-0.6858107084989217,-0.6069641552664113,7.572729352248701,469.6866115196079,0.01782544630683401,0.1760534529893713,0.934305052551824
262,116.9474029541016,10.53921958857167,113.0,953.69259182713,30.88191366847479,0.1953639623290071,-0.3117166442954966,6.676186708103968,110.8452052696079,0.02900844923456657,0.2527471531478473,0.9420971666031968
263,137.9975280761719,10.15803019254118,145.0,1461.500634758733,38.2295780091637,-1.366945907155771,2.669004736536203,6.979000461706542,607.0992340686275,0.01567728121390479,0.1034163249411999,0.7924937216294516
264,111.6919555664062,10.347659936532,130.0,3492.731127914041,59.09933271970202,-0.60611059853824,-0.9131427215475103,7.135854434838222,449.7750459558824,0.05490545267065278,0.2540544358510564,0.9356922656976885
265,131.0591278076172,10.19906764537626,144.0,1470.893186641624,38.35222531537934,-1.838249068075236,2.887263322250935,6.597266474689772,243.3910386029411,0.02260105538838568,0.1408550281397784,0.9174704856646941
266,113.6802825927734,10.19925615178895,126.0,2415.443175676977,49.14715836828186,-0.5403778020331906,-0.7543836301849391,7.381045470341659,716.1879289215688,0.01298211877182966,0.1025031849111882,0.8519372176231432
267,116.6229248046875,9.832086343955691,115.0,689.638331875205,26.26096593568494,-0.2019682295724438,3.028866327164208,6.612507709725242,659.2757046568629,0.01711627508300869,0.0796712553542505,0.5227845313297802
268,143.3569030761719,10.19166152301034,146.0,1174.531586258672,34.27143980428415,0.008612137452163203,-0.132671698907457,7.087329305552297,71.8113511029412,0.02066465241970711,0.2027663972182932,0.9694778775268631
269,124.1617584228516,9.385018247445384,130.0,681.3503753503319,26.10268904443241,-0.6645658776665081,1.35657642247919,6.549391492980229,43.78339460784314,0.03846137333250289,0.3089251646376108,0.967925687032531
270,147.3229217529297,10.38983270593067,156.0,3770.538162337383,61.40470798185904,-0.4790953933652349,-0.7700591794940617,7.749127358516341,720.1229319852943,0.01309612745822799,0.1293078032955794,0.9045449047559657
271,118.7753143310547,9.684584837342264,122.0,657.8174515308347,25.64795218981108,-0.09457328333778696,-0.4688937881660533,6.622825624752891,57.67458639705882,0.03032381020244117,0.2854563699335643,0.9562249134718759
272,125.9651641845703,9.864741537939631,128.0,1459.492881314596,38.20330982146176,-0.6902545370247174,1.554328561028318,7.155065241582473,1021.173958333333,0.01130136866292419,0.05866907702485983,0.6433332066229824
273,118.6470336914062,9.600165492856588,123.0,667.5641049705446,25.83726194801888,-1.072370978738577,1.512054676183554,6.576683506661655,176.2869791666667,0.02092945000885716,0.1373307127511046,0.8681569630873355
274,117.1376037597656,10.37545003259648,132.0,2582.388780049048,50.81720948703351,-0.6408028889198603,-0.8152569445141236,7.376293940738866,521.3834099264707,0.01397288919927484,0.1138766807064538,0.8991374658087414
275,121.4576110839844,10.37252300062224,128.0,2209.622318170033,47.00661993985563,-0.4195194836602073,-0.7454844366952371,7.468669114216129,377.6241421568629,0.01341619699727585,0.1239249368439775,0.9146578050654532
276,119.7519683837891,9.678318324019658,123.0,878.9484137890395,29.64706416812699,-0.07458675531981024,-0.6005562892926459,6.85418148334777,31.72599571078432,0.02942056362205913,0.3086133660636478,0.9819802668948447
277,106.6680603027344,10.43961372216275,112.0,2355.304977170192,48.53148439075598,-0.1945067467416977,-1.115433606950499,7.475519347640261,568.7007046568626,0.01191613964003644,0.1058528473981653,0.8792195240688843
278,106.4638977050781,10.33833913660776,117.0,4506.554116546176,67.13087305067748,-0.1611518581616649,-1.428029836902814,7.573377215584314,682.1156403186276,0.01688910459718274,0.1632578984368407,0.9243281466226101
279,104.9313049316406,10.27806009357356,108.0,4225.571483380161,65.0043958773571,0.01030014139500536,-1.31852880213558,7.695072360532218,584.4162071078433,0.01686947459984164,0.1802203810352064,0.9307685067341129
280,115.0640411376953,10.03204627753722,116.0,1150.498233327409,33.91899516977779,-0.2150624621836043,0.2998828651705412,7.111522413901955,930.9431372549022,0.01048024767498632,0.04770646871438809,0.5961091037318739
281,129.0606994628906,10.12739892491527,129.0,1603.939125633799,40.04920880159555,0.1246286703957565,-0.9629068641621603,7.200688584859672,56.00828737745098,0.02199377237638843,0.2553799187655096,0.982572255338854
282,146.7722473144531,10.11993507575518,153.0,764.8165979525074,27.65531771563125,-1.626876250854955,3.606483970546781,6.511867874131929,48.34215686274511,0.03321479037366144,0.2961952266122218,0.9684885632475095
283,113.4229431152344,10.10557218129325,121.0,2031.975751689635,45.07744171633563,-0.3770802166437832,-0.458813579011434,7.402912615051765,1395.779718137255,0.009760141794938969,0.0514639542173765,0.6571402109718041
284,120.8648223876953,10.05402050162373,128.0,2299.719443687936,47.95539014217209,-0.4247381871905611,-0.4176029407308337,7.425721552789397,1184.617463235294,0.01164584484285096,0.06998765180630771,0.7428648587218862
285,155.9208374023438,10.11690093706133,152.0,692.7628983221948,26.32038940293617,0.4809211149996362,0.7494731543344684,6.662093112554328,113.8973192401961,0.02287601987319583,0.1723645296707675,0.9180192215607205
286,92.26483154296875,9.997217935759835,97.0,1136.160851802677,33.7069852078568,-0.3353131518483039,-0.9038057961301815,6.976292645438989,83.28929227941178,0.02324002899784228,0.2609115131094278,0.9633757784735134
287,130.9770202636719,10.19892925551425,138.0,2282.850820808671,47.77918815560465,-0.7168457401060262,-0.2233740980299168,7.374068753180162,499.145787377451,0.01374452270454383,0.1108706530857653,0.8908778848280997
288,109.0662536621094,10.15553182556956,114.0,1449.83948252257,38.07675777324757,-0.5326965147689474,-0.4307709401065458,7.173203341958074,193.7397824754902,0.01496701240848988,0.1363668737764097,0.9329901498755331
289,126.5420684814453,10.08963807620417,141.0,1878.811950945994,43.34526445813884,-1.450312909358161,1.017485069998735,6.757344064777613,278.8576899509804,0.02002233095281189,0.132159294524046,0.9259803365652562
290,108.7558135986328,9.867260954546463,109.0,1047.340534744551,32.36264103475721,-0.5585413561598942,0.3400969953251538,6.830692769852112,31.40093443627451,0.03569067282060801,0.3475993331712053,0.9850540489995552
291,130.8950805664062,9.717393394064068,138.0,1187.647805389017,34.46226639948419,-1.451405288609048,2.598695730088446,6.827280900943024,608.8032169117649,0.0183768501771898,0.114639653229803,0.7441293323203787
292,115.682861328125,10.35110553236646,127.0,2164.972543179989,46.52926544853238,-0.3987021214586133,-0.9764129490312916,7.365846772984789,504.246262254902,0.01310895068337017,0.1200089254228656,0.8835231333463617
293,119.6931762695312,10.3980574334186,134.0,2549.948309149593,50.49701287353138,-0.6535041480030777,-0.7016150247279733,7.401138661988176,444.7292126225491,0.01677836614518024,0.1540769506049259,0.9130048115469466
294,238.0186309814453,5.467010046866482,255.0,2213.449192071101,47.04730802151278,-3.371229714862745,10.50180044809467,3.620207617572958,362.7301317401961,0.4599767283895921,0.604337901883725,0.9183456137908315
295,130.4677276611328,9.985697627331412,136.0,1506.534633544972,38.81410353911284,-0.979882149334319,1.63472177725635,7.14198333833476,673.9937806372546,0.01426619094861293,0.1111075559958337,0.7768874989707971
296,145.5181732177734,10.23184233333273,146.0,1332.194829646265,36.49924423390524,-0.2186952808369792,-0.08771391299697884,7.164005468200497,41.49394914215686,0.02352930206073793,0.2498169945911153,0.984453792444229
297,139.2283935546875,9.98306213248298,139.0,2003.194082722068,44.75705623387297,-0.5317879355909028,0.1223372077274534,7.402645581214285,551.1009037990196,0.01199289072051632,0.09712973585490307,0.86261229421437
298,113.6616821289062,9.908621807941431,113.0,615.8668642602861,24.81666505113622,0.04409936285102263,0.3945886498119271,6.670397250374106,255.5166360294117,0.01663532411930715,0.1019868142219891,0.792767420406301
299,95.88861083984375,9.370505107345968,111.0,3232.645520921797,56.8563586674507,-0.4618489410638095,-0.9693729779382823,6.966397832040282,793.1979932598041,0.1204706865416232,0.1976154406465258,0.8768936634016369
