,Mean_R,Variance_R,Skewness_R,Kurtosis_R,Contrast_R,Entropy_R,Energy_R,Homogeneity_R,Correlation_R,Std_R,std_R
0,129.1439666748047,2192.630747595569,-0.471316296379561,0.04504233634307875,7.462802773240141,840.6794424019608,0.01067454457889383,0.06640493393896678,0.8085263267147845,46.8255352088534,46.8255352088534
1,142.8321228027344,1286.596756211482,-1.394636372066214,3.09419367660252,6.92582097268021,844.8405330882355,0.01302910276622968,0.05854030413322417,0.6723772500089913,35.86916163240343,35.86916163240343
2,129.5636901855469,1829.632662310265,-0.6844910852995457,0.2820484267667411,7.344414849514326,1102.942922794118,0.009797983802379727,0.04487487840909713,0.6992516412613111,42.77420557193629,42.77420557193629
3,138.0785217285156,1789.177153429948,-1.141965882796733,1.258940063003962,7.085798648790948,572.447181372549,0.01455316369217761,0.1018801717794824,0.8399378214567922,42.29866609516129,42.29866609516129
4,151.0762786865234,2123.419794965303,-1.024812827810947,0.6102556432233741,7.303880325533995,604.2432444852943,0.01787763237100648,0.1514950901678952,0.8580817701735522,46.08057936881114,46.08057936881114
5,140.4519805908203,2107.843305708608,-0.8218064538134181,0.3637624938604485,7.349011056583155,592.7416207107844,0.01242966684538854,0.09201926266356074,0.859669169597819,45.91125467364846,45.91125467364846
6,126.7587890625,1768.059706687927,-1.034161948946674,0.5712596686889877,7.15307515556945,500.5631587009804,0.01691163982530619,0.145438855165017,0.858692914624816,42.04830206664625,42.04830206664625
7,124.0037841796875,527.5176858752966,0.3641192548369109,0.1658065987664763,6.505617722748265,114.5015318627451,0.02343713955893546,0.1871223186613831,0.8916523340773271,22.9677531742941,22.9677531742941
8,103.551513671875,1645.890931546688,-0.1483174910190533,-0.4369833702812094,7.349154521770386,638.7619025735295,0.01054413520186367,0.0656294324691785,0.8062022214853349,40.56958135779426,40.56958135779426
9,123.1365203857422,1607.955834230175,-0.2689630639334594,0.5611935204998244,7.306792452685015,1380.870450367647,0.00979903753958673,0.04317859480120035,0.5708238662215863,40.09932461064869,40.09932461064869
10,101.8009185791016,2606.960687022423,-0.08091392590243691,-1.252459032075533,7.508225819747867,587.9059283088236,0.01034212715626943,0.077414949048284,0.8872168180194873,51.05840466585715,51.05840466585715
11,123.5727844238281,1992.208813755773,-0.2788810518021962,0.01054344625835091,7.445325916820694,2210.957628676471,0.009221661046876295,0.04164393173968998,0.445719036133878,44.63416643957601,44.63416643957601
12,135.7341156005859,2966.684630803531,-0.3924608034067638,-0.7376780137890382,7.662302093172466,1146.307674632353,0.0088750791945392,0.0563004242029845,0.8070273922917492,54.46728036907599,54.46728036907599
13,131.6432952880859,1611.801091216272,-0.4695929563347707,0.06525588746624855,7.326241123333133,1262.316299019608,0.009148953260808279,0.0391331610278059,0.6091626102111605,40.14724263528284,40.14724263528284
14,144.7758636474609,3123.323160722619,-0.215045520333925,-0.9744198664665804,7.681282607037258,893.8368106617647,0.01174042633529166,0.09942096285708103,0.8568176576500592,55.88669931855539,55.88669931855539
15,112.4647979736328,1004.284008620074,-0.06330814206546596,0.1283119992031634,6.880019659817431,48.22601102941177,0.02859817487475554,0.2869251337580236,0.9760174732418367,31.69044033490343,31.69044033490343
16,118.349853515625,2211.381936013699,-0.3645846700251617,-0.1958985011217327,7.49467969324481,1678.48821997549,0.009868620767150218,0.049588005525792,0.6207876557684456,47.02533291762748,47.02533291762748
17,126.4881439208984,1258.522656064248,0.1010163294175087,-0.6367932538497789,7.080246469416725,32.53429840686275,0.03020993351268312,0.3626572277920176,0.9870953713613636,35.47566286997676,35.47566286997676
18,220.3784942626953,3022.144324490568,-1.748436939742359,1.890289194516359,5.584147174811942,1524.916927083333,0.1529803778655958,0.2240801586408526,0.7483373568360809,54.97403318377293,54.97403318377293
19,100.1164398193359,762.5517036092933,-0.7686822495287118,0.03742554346453053,6.651727575414883,90.76323529411765,0.02760040901172262,0.2426459685422485,0.9406414533783584,27.61433873206623,27.61433873206623
20,127.5047760009766,2501.049141008174,-0.7509572885438878,-0.1921994268554803,7.439202896153786,746.4041207107845,0.01280182746064717,0.1074607074873142,0.8510247420865938,50.01049030961578,50.01049030961578
21,117.3607788085938,2171.323818143457,-0.2055445101133949,-0.5360130591198362,7.519742400750207,1778.238189338235,0.008526794430939054,0.04193327667581377,0.5911562631116936,46.59746579100045,46.59746579100045
22,126.1203765869141,2053.889241777128,-0.8366589613879698,0.6953538904322611,7.204871178979123,582.6936427696079,0.02613254579540414,0.1306424246411883,0.8582279205475914,45.31985482961224,45.31985482961224
23,87.6082763671875,2770.425043806434,-0.2046290096183393,-0.9583210512858376,6.974275371803686,555.1374693627453,0.1202804931911382,0.1823147400448426,0.8994216436466359,52.63482728960392,52.63482728960392
24,131.9781036376953,1832.976739177248,-1.12066663491781,0.086347031437493,6.852355226646263,332.1441329656863,0.02950466270010883,0.2044905106152743,0.9095889939832086,42.81327760376735,42.81327760376735
25,115.4158172607422,1359.135094662895,-0.4016964137217162,0.01228216490337353,7.213972516185647,507.0899356617649,0.01203114116586734,0.07645810055220192,0.8136984480749836,36.86644944475798,36.86644944475798
26,94.47294616699219,2502.803680931916,-0.1210198896039366,-1.577654460707287,7.104566422822408,109.7150428921569,0.02016637814640927,0.1785769405850973,0.9781133573377349,50.02802895309705,50.02802895309705
27,129.3142395019531,1860.972206904553,-0.8519877114248273,0.4706161792015875,7.299577349824515,954.9958486519607,0.01127459305702425,0.05995339653324164,0.7439724232998985,43.1389870871414,43.1389870871414
28,121.6123962402344,2437.795136860572,-0.4588397635454532,-0.4258784587737989,7.507501643708114,928.5470894607845,0.01052765357720549,0.06799768364695065,0.8097107817226971,49.37403302203064,49.37403302203064
29,109.7732696533203,2504.174713345012,-0.04766912203782352,-0.6774942687896748,7.589048907601282,2182.907735906863,0.008883958715714207,0.04959181928249794,0.5646134187727062,50.04172971975501,50.04172971975501
30,124.5575714111328,2779.528728989651,-0.2431197092068479,-1.2639447483008,7.453896622543446,581.5872702205884,0.01489476395266935,0.1326648156087498,0.8954890187774449,52.72123603435006,52.72123603435006
31,135.2522125244141,421.3276089353021,0.6847863563740547,2.729629860439715,6.126149068477151,12.17227328431372,0.052197880813438,0.4242798664758488,0.9855990099493849,20.52626631746022,20.52626631746022
32,117.7625732421875,2510.914301142097,-0.216917739332687,-0.7072969991891234,7.565923681613983,1815.810294117647,0.01031133670171451,0.05328581781748082,0.6388575044740455,50.10902414877081,50.10902414877081
33,129.2060394287109,1411.733228295809,-0.7688884837205596,1.33718045209566,7.138211776720811,623.9564338235296,0.01643181119425532,0.1369072737153904,0.7792290180632931,37.57303858215101,37.57303858215101
34,109.0341491699219,550.4108516564593,0.2713798189515417,-0.7015392116886248,6.502880935338198,182.0547334558823,0.01887498591664423,0.1149915420409289,0.8346580115008005,23.46083655065307,23.46083655065307
35,133.0325012207031,975.5224727233872,-1.159591304251218,2.211254121163797,6.806612725761921,732.0547181372551,0.01453874137437327,0.05738978661756112,0.6256768414040769,31.23335513074744,31.23335513074744
36,111.3174591064453,4277.167942249915,-0.1615125185129625,-1.258817603779604,7.458263901133502,632.5669424019607,0.04898845804861313,0.1945603125276568,0.9261082671963679,65.40006072053691,65.40006072053691
37,208.7980804443359,3967.210281349486,-1.383522767074412,0.8029944584536342,5.890181758593283,1433.274540441176,0.2287413377455107,0.2983847690118349,0.8197116818025175,62.98579428211956,62.98579428211956
38,125.9695587158203,1465.711735071382,-1.102555585422026,0.7284534335979744,6.981723930640576,468.1470281862745,0.01785218936177439,0.1068964104415309,0.8406089091170892,38.28461486121261,38.28461486121261
39,157.2730407714844,1672.270846686326,-1.13379014127267,1.419781422960141,7.197148603518945,820.0983455882352,0.01149830094990026,0.05855573232703321,0.7551923001499935,40.89340835252457,40.89340835252457
40,119.6426086425781,2785.994433282875,-0.05849149645311248,-0.7716105013148846,7.670342283090692,934.0068780637257,0.009355531135151553,0.06971919644440094,0.8324656491134316,52.78252014903111,52.78252014903111
41,92.27583312988281,2060.690349800279,-0.9098592141273139,0.1214971463180179,6.409191124236294,623.3837162990197,0.1290072396557513,0.1836121030650613,0.8478058862050077,45.39482734629883,45.39482734629883
42,102.9644165039062,4020.437454517931,-0.5186516276569951,-1.219972195359877,6.917035651805635,685.9255055147058,0.1230914447060475,0.2344472908935633,0.9144360472172527,63.40691961070125,63.40691961070125
43,91.64501953125,1765.280574560165,0.1142723680397991,-1.178054708859432,7.258038215869201,192.8698529411765,0.01440164447568897,0.1251978781714799,0.9453557731469913,42.01524216948137,42.01524216948137
44,166.0337982177734,1701.259493056452,-0.7973534274407263,0.4048806419651791,7.277979115322649,960.4020680147062,0.01042918437608082,0.04503115384495635,0.718139920211562,41.24632702503887,41.24632702503887
45,116.9037933349609,1062.814978286391,-0.2994598791979585,-0.7571057906190584,6.845168656309895,160.692662377451,0.0205379780940027,0.1631895560228855,0.9243844951007673,32.60084321434633,32.60084321434633
46,126.4569091796875,1896.568516716361,-0.6606029305255346,0.0715893811229904,7.345538367857447,1356.472242647059,0.00973766000274975,0.04882969111638875,0.6431763131763909,43.54960983426098,43.54960983426098
47,102.8190612792969,586.2079228004441,-0.3102397889952139,0.1118897001785379,6.597688182928196,482.5099877450982,0.01534493757741797,0.07255355123315198,0.5885439375280297,24.2117310987968,24.2117310987968
48,146.685546875,2557.209499359131,-0.6730361963633084,0.0548073863737657,7.512059734620986,878.1009497549019,0.01051391403304049,0.06123879526515918,0.828580091784834,50.5688589881078,50.5688589881078
49,100.4255523681641,2543.324016876286,0.01992135127549035,-1.213522817574208,7.405584061650921,218.1109834558824,0.0182550997773264,0.1959999002852358,0.9571079109820505,50.43137928786289,50.43137928786289
50,113.7342071533203,2773.811724157771,-0.1884620550159101,-0.9043977943933479,7.537561421038987,1688.805300245098,0.01482949161154527,0.07910466642734472,0.6959464247325262,52.66698894144007,52.66698894144007
51,113.9782104492188,399.4271985553205,0.225359446994082,0.3622739610679071,6.343402178947642,166.4614583333333,0.02221690066167676,0.1603159866420621,0.7918013333373128,19.98567483362322,19.98567483362322
52,122.7744903564453,2523.528109634062,-0.2305876022239354,-0.7550301708551079,7.611857933250015,489.4614889705883,0.01143736366947614,0.1146922563908766,0.9028336617807371,50.23473011407608,50.23473011407608
53,127.29443359375,2745.931527853012,-0.593097486735255,-0.4737778569330304,7.48667413868112,707.5693014705881,0.01493089258949642,0.1183452471914581,0.8714126687457967,52.40163669059405,52.40163669059405
54,107.0819854736328,3559.346809265902,0.0005970277736406834,-1.260648779450513,7.682783494732294,726.6095435049019,0.01151064132680387,0.1109178846560969,0.8978669266220802,59.66026155881234,59.66026155881234
55,130.2566070556641,2237.618158556288,-0.8802598908035264,0.1791717090900615,7.364357326142725,695.9612898284313,0.01136078407181068,0.06627682876959061,0.8447005852389633,47.30346877932197,47.30346877932197
56,124.3483123779297,1175.184205220779,0.05585376307178107,-0.5996066819442651,7.003888332473053,53.00765931372549,0.02362991510102016,0.240260622808965,0.9774775386613802,34.2809598060028,34.2809598060028
57,133.5459289550781,688.7706566443667,-0.2826370069400098,2.497664893410271,6.600780393612045,54.10107230392157,0.03203515084765539,0.2729115256333077,0.9608438398870265,26.24444049021367,26.24444049021367
58,107.9943084716797,2035.278150589904,-0.2770381858428577,0.06523036168790552,7.379733033627733,1420.379350490196,0.01390820021240377,0.0661595707997908,0.6510966136533963,45.11405712845946,45.11405712845946
59,116.244140625,1675.582607269287,-0.5469377666731462,-0.2057759158052925,7.303511987437812,315.0442708333334,0.01405462154888737,0.1206744333622655,0.9061609523642529,40.9338809211793,40.9338809211793
60,121.2342224121094,1009.753916717134,-0.4062699713764737,1.096101059734443,6.815644257793173,43.5563725490196,0.03770888543711875,0.3527432096259836,0.9784921781953746,31.7766253198343,31.7766253198343
61,113.1397094726562,647.6202822886407,-0.6261100425326102,0.3386828518930369,6.618113424174725,324.5632965686275,0.01833605792149562,0.114882858297876,0.7495752909146409,25.44838466953533,25.44838466953533
62,102.3589172363281,2659.562950878404,-0.1535248343860142,-1.184986654690005,7.498310490848885,855.4787071078433,0.0109488864976533,0.080465376367095,0.839189971532244,51.5709506493569,51.5709506493569
63,121.8058319091797,2549.044070603093,-0.3989735033610131,-0.7591332286742429,7.529844085119417,1156.493765318628,0.009415088141584867,0.05858303487888059,0.7734419785068609,50.48805869315132,50.48805869315132
64,136.0865173339844,794.8844825243577,-0.1849506965817166,0.0001952053288678535,6.786672576807046,29.25580575980392,0.03211298060558103,0.3369370693534636,0.9816028013193419,28.19369579399547,28.19369579399547
65,115.6952209472656,2626.553746691905,-0.5599917616888566,-0.7005266535788568,7.465936673650299,1166.135110294118,0.01138871700174933,0.064028974905835,0.7783752232299541,51.24991460180109,51.24991460180109
66,139.8591461181641,1509.097668118542,-0.4975169647427421,0.4562026998598436,7.259960357615014,1060.077144607843,0.01012991078205638,0.04831639683951518,0.6492555128012663,38.84710630302522,38.84710630302522
67,112.3527221679688,1981.832130040973,-0.3952766790306091,-0.8213078691308549,7.375811598902226,416.3416513480391,0.01157376794778101,0.08148018211473451,0.8950530588017431,44.51777319274824,44.51777319274824
68,116.827880859375,940.2340468764305,-0.4900915715309537,-0.1531869311252549,6.921248450180333,199.0786305147059,0.01655129315162017,0.1314034975800031,0.8943743112853733,30.66323607965132,30.66323607965132
69,115.6762084960938,1846.610033329576,-0.9225019048881609,-0.1525131717172354,7.0659452852052,437.6449295343137,0.017610333027131,0.09985841271303701,0.8817207361762919,42.97220070382219,42.97220070382219
70,83.9984130859375,2375.494016036391,-0.2978003003332501,-0.6450697960345724,6.871876570387771,1057.300520833333,0.1228786429455699,0.1651710857980976,0.7764059166583408,48.739039958091,48.739039958091
71,98.20474243164062,1596.269115692936,0.35993048276276,-1.050959500567351,7.129452147028134,19.68241421568628,0.02989619219961921,0.3619843712129906,0.9938481803444955,39.95333672789966,39.95333672789966
72,220.1932067871094,4418.950281000696,-1.961664589543977,2.530861653649561,4.576131055516579,1145.222625612745,0.3547371090621472,0.4476157812223498,0.8707961511271125,66.47518545292444,66.47518545292444
73,104.6942443847656,521.5857127225026,0.052671598692349,-0.3983923940226162,6.486600033994317,35.07480085784314,0.03000154652826435,0.2753794641780645,0.966414380641167,22.83825108721118,22.83825108721118
74,102.1612243652344,3482.174354604445,-0.4590807912103817,-0.8774734221485394,7.056134508065771,983.2580269607843,0.12039358299606,0.1704913540899619,0.8582473469241548,59.00995131843819,59.00995131843819
75,112.0736846923828,486.2030819186475,-0.329886472878449,2.530786377728291,6.31684498474968,23.31300551470588,0.05461290275963882,0.4089822051996488,0.9761009307913119,22.05001319543024,22.05001319543024
76,121.8524780273438,1712.333950158209,-0.447090302391476,0.4044518931031851,7.244678335961161,45.65018382352942,0.0295714745672824,0.2771532685937273,0.9867160277369534,41.38035705692024,41.38035705692024
77,195.8793029785156,2820.68504770752,-1.213317103321943,1.239933680268711,7.088362968986501,1809.79446997549,0.03342561015957796,0.06791981780998227,0.6799057284996137,53.11012189505425,53.11012189505425
78,98.1715087890625,2413.062991961837,-0.3005134343130714,-1.335354134458142,7.252462471670838,184.4081341911765,0.0218933789230775,0.2241183313751696,0.9617976102966782,49.12293753392438,49.12293753392438
79,132.2242736816406,2419.999689108692,-0.9787109201096253,0.2444069869472147,7.306590000527565,665.7001225490196,0.01574664000866915,0.1211310901504361,0.8628021723809502,49.19349234511301,49.19349234511301
80,118.9954986572266,317.6292369400617,0.02602423701861677,-0.2374089551464857,6.155338098749416,98.37798713235294,0.02665384831498217,0.1790093419376631,0.8451338184707499,17.82215578823341,17.82215578823341
81,115.0517425537109,2098.387261062628,-0.5106627009247924,-0.1480833109452573,7.317072255764607,711.2608915441178,0.01685585086298854,0.127134427746065,0.8304873178486244,45.80815714545421,45.80815714545421
82,170.125732421875,940.8246149420738,0.08679860114586983,-0.745426538038048,6.920294367460366,98.0509344362745,0.01950911255041001,0.1880096844403317,0.9479249504309935,30.67286447239765,30.67286447239765
83,102.4308166503906,920.4260303145275,0.001861682252157162,-0.08345313708550606,6.881944203030218,24.69920343137256,0.0287243177481903,0.3141577243317804,0.9865873663145373,30.33852386512118,30.33852386512118
84,116.2507629394531,1137.062636747025,-0.2478315799611037,-1.038109870511432,6.911505409184135,62.97515318627453,0.02505506576394582,0.2435773509234795,0.9723322543870379,33.72035938045478,33.72035938045478
85,105.89990234375,855.7513635158539,0.3415258959960867,-0.07377337095229919,6.893331525156202,586.8868566176471,0.01292291251142784,0.06956729491223046,0.6569289283863274,29.25322825802058,29.25322825802058
86,106.3912200927734,704.8052750860807,0.3985808961596169,0.1252685161957459,6.745068155624485,536.3412990196078,0.01383746125581393,0.06694071557962988,0.618921684370193,26.54816895919718,26.54816895919718
87,120.0692596435547,548.6887608410325,-0.7374593413075267,2.545569589448299,6.494359776476991,354.5296875000001,0.02023964630327066,0.1200676493877048,0.6777289730052094,23.42410640432272,23.42410640432272
88,108.8179931640625,850.6732944101095,0.1116251161326203,-0.6208055136621784,6.77469095820361,30.74889705882354,0.03606786366628847,0.3680546095976793,0.9819622628884348,29.16630409239589,29.16630409239589
89,95.13081359863281,2379.478996811202,0.1370076598377546,-1.452483133359399,7.195318610939845,127.0969515931373,0.01937730686152712,0.1815584226249514,0.9732750901125315,48.77990361625576,48.77990361625576
90,103.2991180419922,1359.526205276838,-0.03898475939340221,-0.8278781366729535,7.005745040014387,21.27530637254902,0.03718799294910405,0.3829312885837305,0.9921898115161758,36.87175348795928,36.87175348795928
91,113.2013549804688,1884.004072871059,-0.4280200858606514,-0.9979290610211997,7.213543367130986,134.0587775735294,0.02174186560655698,0.2084616568764905,0.9644517842598895,43.40511574539411,43.40511574539411
92,138.0802459716797,1788.890395911178,-1.14185108583675,1.258711935072741,7.085816621128526,572.4288602941176,0.01455413112119561,0.1018754294631963,0.8399171581791223,42.29527628366054,42.29527628366054
93,141.7884826660156,1425.851592204534,-0.4000983125536727,-0.7012744772932806,7.081072958859446,31.60992647058823,0.0401382475416093,0.4698971264826889,0.9889352227224198,37.76045010595787,37.76045010595787
94,130.5202484130859,3980.168138585752,-0.5180400216695563,-0.936883100094283,7.596055163336107,487.3919270833334,0.01737339020541677,0.1754720416061409,0.9387952900383882,63.08857375615455,63.08857375615455
95,91.07853698730469,1973.537609407445,-0.9465041387814508,0.2274459404236233,6.309268221371443,525.5344515931373,0.1312392364707382,0.1993422570357907,0.8660022164926983,44.42451586013566,44.42451586013566
96,167.6863098144531,1058.577806963585,-0.256619646270307,-0.6197661668284904,7.017438925580067,261.3588388480393,0.01358751029254865,0.08765805483660613,0.8766473701933931,32.53579270532048,32.53579270532048
97,123.9774475097656,2405.767893484794,-0.3597550438046418,-0.5297703735601798,7.545117253537473,735.6553768382355,0.01164183436085823,0.1002147488397939,0.8474023816361154,49.0486278450763,49.0486278450763
98,98.58662414550781,1972.954501872649,-0.2035485558080768,-0.5203348012238602,7.422608407768862,1883.592938112745,0.008586825156399783,0.03706355621780852,0.5234980522035733,44.41795247276319,44.41795247276319
99,140.4510650634766,2107.966507959878,-0.8218708489699635,0.3639291870568355,7.349041643854842,592.6962162990196,0.0124208094133145,0.09203399007388634,0.8596882966792763,45.91259639750162,45.91259639750162
100,111.3467712402344,701.3123363768682,-0.2015332206643463,-0.1171614000291266,6.758857860962499,216.9891084558824,0.01693407577825598,0.1206617981515909,0.8453636653055561,26.48230232394586,26.48230232394586
101,101.0385894775391,3766.918081775075,-0.3831783427034167,-1.083874277276945,7.070434594401112,899.5956648284315,0.1269777467861417,0.1820631482927695,0.8801838056521475,61.37522368004107,61.37522368004107
102,105.9582366943359,1050.180949307745,-0.6039938637673533,-0.2693264956905304,6.934870128651609,249.9834252450981,0.01621394042195271,0.1267081262484716,0.881207471148329,32.40649548019263,32.40649548019263
103,89.17205810546875,2744.318510022014,-0.322420627464116,-0.768656680421536,6.968534796968603,854.5664675245099,0.1226253802385397,0.1730319012195387,0.8436400456082918,52.38624351890498,52.38624351890498
104,94.6419677734375,2306.580278500915,-0.1377202301816988,-1.424583062499811,7.22236492443376,132.712974877451,0.02167583077840755,0.2180606167564709,0.9712468423058589,48.02687038003741,48.02687038003741
105,110.6662292480469,3692.209275796078,0.3984278076529921,-0.7788614893912942,7.668138743339613,591.5044117647059,0.01493969119853884,0.1561725986230427,0.9197428473430539,60.76355219863367,60.76355219863367
106,109.1371612548828,460.1365975567605,0.43669222510128,0.1196252217692328,6.430315424091156,287.9685508578431,0.01765640443490587,0.09012211780283826,0.6872099321079154,21.45079480011779,21.45079480011779
107,101.8777313232422,1567.38777559041,0.6055297730148341,-0.2916235818484725,7.208087624079744,245.1641390931373,0.01683607059054703,0.1748736555263244,0.9215559915082702,39.5902484911425,39.5902484911425
108,133.2641448974609,4476.577978327638,-0.3901795739664332,-1.136931014309522,7.734492241792729,440.7057904411766,0.01779694904686694,0.2069610579940427,0.9507631077120522,66.90723412552366,66.90723412552366
109,114.6777191162109,594.5579850075301,0.2733635681562834,0.5830578743154278,6.635844249104101,588.5113817401959,0.01426951319991212,0.06121476324323141,0.5049273285314759,24.38355972797102,24.38355972797102
110,132.2039947509766,1293.190640169894,-1.150647829090763,1.338573326214507,6.963321010576816,296.1594975490196,0.01979540111902366,0.1658869499424613,0.8857663149764384,35.96095994505561,35.96095994505561
111,136.16552734375,4282.895513296127,-0.3885514584772206,-1.277337683001813,7.609332534725211,391.0861825980393,0.0153781014589399,0.1564782491438007,0.9543175257623567,65.44383479974357,65.44383479974357
112,118.937744140625,1339.312927186489,-0.6455868719900479,0.1533637832084178,7.142377687727216,571.8706954656864,0.01170178711116638,0.05767230076331962,0.7868892131827329,36.59662453268729,36.59662453268729
113,108.3446807861328,2292.920242396882,-0.3228578804660027,-0.897467067013161,7.460000138357115,544.104718137255,0.01263113494160419,0.1013868782061109,0.881461434924163,47.88444676924734,47.88444676924734
114,128.2145538330078,1631.251314675203,-1.047902180500202,0.7764115006845418,7.115776612138371,432.9838082107843,0.0176482289576653,0.1321124974228548,0.8673873127724371,40.38875232877592,40.38875232877592
115,120.7558898925781,762.3291431656107,-0.2311514362640472,0.3427663190028243,6.741502510527691,19.03072916666667,0.04071692905434945,0.3997876009049308,0.9875601277748174,27.61030863944861,27.61030863944861
116,226.4340057373047,2132.291543194791,-2.116111107616641,4.233406974821671,5.264874986876511,971.3123468137254,0.2076480346333553,0.2731129437504314,0.7728266584966035,46.17674244892976,46.17674244892976
117,121.9555816650391,547.3444778171834,1.236736197377535,3.299028777372148,6.409576018875323,38.86591605392158,0.03677568897424261,0.3074304511052459,0.964569922146053,23.39539437190968,23.39539437190968
118,128.3351135253906,2668.577579296194,-0.8873126902874048,-0.004337747533389891,7.376102498813735,561.2736060049019,0.01698539469419618,0.1489825309526954,0.8950577192950027,51.658276967938,51.658276967938
119,160.0970458984375,3029.185650452971,-0.3692122701344188,-0.8426761515673689,7.569660700209584,509.5295955882353,0.01853234861536348,0.1640192632698842,0.9159116120793153,55.03803821406584,55.03803821406584
120,115.7464294433594,1289.081484443508,-0.465217003061385,-0.6955978312159354,7.067012702854133,215.4353400735295,0.01561237956293244,0.1179491894130314,0.9165073598734768,35.90378092128332,35.90378092128332
121,119.9598083496094,715.2296468382701,0.623747551946413,0.4125715098428917,6.66784361497201,179.9214307598039,0.02299150947440425,0.192836145889788,0.8744157343456619,26.74377772189767,26.74377772189767
122,119.8134002685547,2756.490586424014,-0.4829433344926963,-0.8604360780795632,7.536392053421734,938.9636182598039,0.009608162595666934,0.06488164795649101,0.8299711867068517,52.502291249278,52.502291249278
123,109.8677978515625,2640.40519104898,-0.3709698057661027,-0.9471685486679955,7.335871594750523,1086.773667279411,0.01727808083978795,0.1048034635198288,0.7943498425868261,51.38487317342507,51.38487317342507
124,220.9768829345703,4348.774505274137,-1.982119597582422,2.609159753104771,4.149079986952669,815.8816482843135,0.4925161781572437,0.5728352514156713,0.9064652072772563,65.94523868539818,65.94523868539818
125,118.9337158203125,2813.536011680961,-0.211757716044606,-0.9990214272566704,7.63621129619804,791.615318627451,0.00955860258511621,0.07052387982851478,0.8594427705343055,53.04277530145798,53.04277530145798
126,122.6451110839844,1938.292266747914,-0.9218632418786711,0.5928751450999341,7.203788817562488,713.6696078431372,0.01655032903551103,0.1241409233133923,0.8162529821935369,44.02604077983749,44.02604077983749
127,122.0368804931641,3994.219968564576,-0.4574636451790323,-0.9762051734443782,7.608993612542664,560.75474877451,0.02036851021108797,0.200505329568426,0.9298175714916211,63.19984152325522,63.19984152325522
128,125.6588897705078,3020.855857556453,-0.2767431160156676,-0.9694409066316405,7.658065167901592,485.2370098039216,0.01250769449117323,0.1317609768550984,0.9196562043687418,54.9623130659223,54.9623130659223
129,120.5548095703125,1494.216356262565,-1.045509613522721,0.4841444957091672,7.034892167831973,486.2882659313726,0.01355849976308751,0.06684634471440175,0.8376238262865011,38.65509482930504,38.65509482930504
130,117.8211364746094,2558.568959987722,-0.4548736017831207,-0.7508877201831128,7.432285526268302,1035.659451593137,0.01219637910498601,0.08376666445861197,0.7978873064926527,50.5822988800205,50.5822988800205
131,179.8139495849609,1112.906898304587,-0.988075985021409,0.6333832586283146,6.887747194894779,295.6232383578431,0.02221735483356769,0.1497437937999166,0.8674261565336333,33.36025926614761,33.36025926614761
132,122.0315551757812,3995.688548948616,-0.457801730515104,-0.9760209837536387,7.608580082918652,560.7069240196079,0.02047264497684398,0.200673483545724,0.9298497607070828,63.21145900031588,63.21145900031588
133,132.1800384521484,371.5913196762558,0.132859667088802,0.5152558204878761,6.263594739041171,24.44512867647059,0.03646958885617149,0.3163840755326968,0.9671780354285461,19.27670406672924,19.27670406672924
134,112.9278106689453,1597.686973148724,-0.8965353546881897,0.6798171037353566,7.133233400011652,509.5058976715687,0.01451255428606549,0.110842476628088,0.8409357928238133,39.97107670739837,39.97107670739837
135,102.0725708007812,1758.348523762077,-0.03500824434617356,-0.5382926306884044,7.331729721667595,410.0366115196078,0.01214248376292554,0.09126166140915636,0.8834598726848203,41.93266654724067,41.93266654724067
136,131.0560607910156,2054.172119638883,-0.5489088477171932,-0.284470400571772,7.405644821498243,865.0781403186276,0.01040753907335394,0.064399252613063,0.7897593197110095,45.32297562648422,45.32297562648422
137,137.7793884277344,1722.547247282229,-0.543864774015005,0.1335145380667102,7.347895605424588,811.8657322303923,0.01053467255591013,0.06286042942185048,0.7647186348404231,41.50358113804433,41.50358113804433
138,139.6682434082031,2137.970626040362,-0.5800720728110837,-0.03916002010918129,7.471664242864919,1110.657306985294,0.009066246540924777,0.05042554688356625,0.7407292840887751,46.23819445047959,46.23819445047959
139,135.0919189453125,1543.32980774343,-1.054529667158585,1.330694512641992,7.111542240747097,595.4539062499999,0.01562593110451424,0.1096426950679171,0.8073907173831564,39.28523651123193,39.28523651123193
140,107.3444213867188,2679.538997199386,-0.3748175771502336,-0.8732337741381024,7.521048864050381,920.0414828431371,0.01078896923520984,0.07808889526846391,0.8283888832958887,51.76426370769111,51.76426370769111
141,138.0796203613281,1788.828743605874,-1.141751195711883,1.258365740226954,7.085199914572652,572.3835171568627,0.01461054999122182,0.1028278994637902,0.8399263102230625,42.29454744533714,42.29454744533714
142,133.8574371337891,1901.280319750076,-1.238933677398252,1.041818722570407,7.118639928730492,556.0788449754903,0.01386531273455554,0.07581320032330335,0.8541166704296844,43.60367323689687,43.60367323689687
143,175.8133239746094,1894.584353721701,-0.01446901651492189,-0.7510562103363392,7.279757873013196,903.922993259804,0.01330704752214886,0.06530731626342473,0.7613842556952373,43.52682338192968,43.52682338192968
144,124.4934234619141,3475.280382774537,-0.533553174295773,-1.159414524764108,7.441681237474759,524.9141084558825,0.01426357536496181,0.1123341708732587,0.9245527685630123,58.95150874044308,58.95150874044308
145,118.0326690673828,4460.762253654888,-0.1826149983551341,-1.303242955148738,7.705217348573179,518.8636029411764,0.01736006731050957,0.1919638109106752,0.9417705487883581,66.78893810845392,66.78893810845392
146,90.47770690917969,1359.49187362357,0.1863580725171387,-1.345005786698368,6.89989498007502,84.10963541666668,0.02220613512576343,0.2139327167047535,0.9690186071599444,36.87128793008959,36.87128793008959
147,96.24334716796875,503.6656356714666,0.06295826541457827,0.1630097348171082,6.525295615444387,372.5906709558824,0.01613241305655323,0.08032081317573636,0.6304159389638194,22.44249619965361,22.44249619965361
148,134.5716705322266,3391.485830131685,0.2969273774556899,-1.033464081901018,7.63499644285004,331.7589460784314,0.01387446574547873,0.1439093742419658,0.9510095397806511,58.23646478051089,58.23646478051089
149,142.4189605712891,1028.003686517244,-0.4191047889596213,-0.3749897906842703,6.869328079311481,46.83089767156864,0.03741723312848439,0.3053006528990654,0.977268060678941,32.06249657336815,32.06249657336815
150,154.7189331054688,3522.910533871502,-0.6299063473240316,-0.5896805744296052,7.575360158197838,246.115456495098,0.02233159576487981,0.2091647257023344,0.9651142401078189,59.3541113476691,59.3541113476691
151,148.9905090332031,1389.917024179362,-1.140063691790568,1.739365864164311,7.037941052995605,430.4356311274511,0.01472790235087505,0.1057477067121154,0.8455245962892918,37.28159095558238,37.28159095558238
152,137.7925415039062,1889.178488072008,-1.0141236360706,0.9196981072709378,7.276676185030808,452.0801930147059,0.01300785108289569,0.09234812890044893,0.8805132327353161,43.46468092683999,43.46468092683999
153,77.57638549804688,820.3617494842038,0.02448260525379226,-0.667808407536175,6.851559209762529,100.6106464460785,0.02061482056738946,0.1935772856806583,0.9385539522512257,28.64195785005284,28.64195785005284
154,128.3379821777344,4664.146327129565,-0.4412047541838953,-1.204642311022655,7.649600595083644,698.9792279411764,0.01497281233077663,0.1535340477801987,0.9251171556108848,68.29455561850861,68.29455561850861
155,121.6170959472656,902.9209504043683,-1.167267427732817,0.9856240398437301,6.641074957987986,188.3300245098039,0.02322196809961943,0.1446555939602913,0.895909912651321,30.04864307093364,30.04864307093364
156,125.7086334228516,1606.852986987447,-1.015705482569884,1.065049438146837,7.130900958765953,674.4280790441179,0.01467682804410498,0.1021893682363893,0.7903923360008809,40.08557080780374,40.08557080780374
157,117.3896636962891,1576.65683224774,-0.4041078460473885,-0.7807545622214773,7.234010564847281,780.2761642156862,0.01031092705839941,0.04866705824073547,0.7527807753481809,39.70713830343028,39.70713830343028
158,103.5484466552734,1869.668642911827,-0.0225888438395882,-1.18020856048788,7.22812948456719,260.9872549019608,0.01430943484451754,0.1111856914539021,0.9301615873187888,43.23966515725841,43.23966515725841
159,135.7333984375,2966.650053977966,-0.3924348680889754,-0.7376328477699361,7.662235720271758,1146.398177083334,0.008875555108376823,0.05631030846789282,0.8070104251645169,54.46696295900816,54.46696295900816
160,130.1034698486328,2535.90895646601,-0.7763690737108283,-0.4095146526724807,7.361634494838963,819.34459252451,0.01428581720066719,0.1156902788471994,0.8386316049873398,50.35780928978156,50.35780928978156
161,117.5079193115234,2037.44256423763,-0.5604978202385528,-0.3963672825125166,7.345186109723318,832.5077971813726,0.01339748625854366,0.08525776503655634,0.7960596944699758,45.13803899415248,45.13803899415248
162,104.8334197998047,2875.134833434364,-0.07658298371753432,-1.0304518682763,7.623664575141993,753.2526654411764,0.0111961876867244,0.09094613565469988,0.8686805331084819,53.62028378733522,53.62028378733522
163,106.2456207275391,4175.532367601758,-0.07788745006336141,-1.42126047195059,7.544716615695542,446.7437806372549,0.0297197717232963,0.1801177699227145,0.9464986142752507,64.61835936946835,64.61835936946835
164,108.4017028808594,808.4851802056655,-0.612782000964253,-0.006669972288706028,6.718997290798393,30.92415747549019,0.0327598580971575,0.3404822170806402,0.9808880749675,28.43387381637728,28.43387381637728
165,116.2437133789062,2488.245718535036,-0.2573460808988861,-0.8479745627861606,7.563052375853884,699.1124846813725,0.009977566651389509,0.0816272153838071,0.8595363394076055,49.88231869645833,49.88231869645833
166,108.7491149902344,3169.843032053672,-0.269400985997773,-1.252770756925088,7.463796708203131,200.3458026960784,0.01799674704249075,0.1905835057202186,0.968426983021671,56.30135906044961,56.30135906044961
167,132.2042388916016,1293.227955054259,-1.150799245067483,1.338908185353236,6.963129400478936,296.1713388480393,0.01978864302238745,0.1660826628552354,0.8857646078701272,35.96147876623345,35.96147876623345
168,95.12582397460938,1069.600196159445,0.09818963315539744,-0.3693181070676754,6.95335194103424,28.89587928921569,0.03972951517702501,0.3827567208741733,0.9865270197940014,32.70474271660679,32.70474271660679
169,133.2543792724609,1361.362064257031,-0.5716246542332398,-0.7747147339739828,6.917803324408471,163.565762867647,0.02401655955547305,0.1840640405941524,0.9399546549353691,36.8966402841374,36.8966402841374
170,158.5552062988281,4046.086673944257,-0.4483756225054471,-0.9701569503942995,7.666351489246367,469.7505208333333,0.01883619443386675,0.1767205242216232,0.9419826219930351,63.60885688286071,63.60885688286071
171,122.8860626220703,510.9771458373871,-0.3275127419394537,0.5668990687133348,6.432800074844334,109.2846354166667,0.03364155439088854,0.2706982114023304,0.8931939007163684,22.60480360094702,22.60480360094702
172,92.32801818847656,1406.795007217443,-0.4820428367089151,-1.031379934780157,6.926665635869591,133.7870863970589,0.01957769731884951,0.1624225131638515,0.9524962706002934,37.50726605895773,37.50726605895773
173,114.7153625488281,1178.510992019437,0.2263218134934591,-1.156773174359933,6.858261814776906,81.31704963235293,0.02558849133694489,0.2426196039466898,0.9654818603826966,34.32944788398784,34.32944788398784
174,233.4015502929688,2271.263684120029,-2.903568219360297,8.217264190349361,4.062956719328918,845.0518382352943,0.4628527768616031,0.5405601194649852,0.8145434026626244,47.65777674336088,47.65777674336088
175,124.8999633789062,1849.051058348268,-0.5317144333607934,0.6509867485687764,7.306616252238032,696.6485906862747,0.01301730055881124,0.0940736132819428,0.812089703281196,43.00059369762548,43.00059369762548
176,119.2275848388672,1578.264382509282,-0.8715409499669419,0.6522755293934459,7.153126653408791,669.0923713235293,0.01581121317343521,0.1209784475406113,0.7883370762377734,39.72737573146862,39.72737573146862
177,211.5799560546875,4531.466812595725,-1.518547129511024,0.8896459395225302,5.513450322009463,1697.069914215686,0.2724985965811175,0.3483694099764665,0.813196703183088,67.31617051344888,67.31617051344888
178,108.1464385986328,1557.67159467726,-0.2073344238031593,-0.1403364784775309,7.321504011979839,1004.713480392157,0.00965139178439385,0.04738941922713573,0.6775401681911242,39.46734846271358,39.46734846271358
179,75.87503051757812,2685.784797667526,-0.05778387717204655,-1.309600394055771,6.951553959516382,522.8442708333334,0.12111507308605,0.1970923392540105,0.902429459303293,51.82455786273074,51.82455786273074
180,119.1020660400391,2984.712589725619,-0.648959649694654,-0.9219176414278558,7.335407358728144,425.7490502450981,0.01646083282872337,0.1003596713606179,0.9287691683828966,54.63252318651976,54.63252318651976
181,124.4173431396484,662.0114173551556,0.2048265781389823,1.435734652868122,6.60744099113243,140.0996629901961,0.02786174936946277,0.2051279249461846,0.894398086353484,25.72958253363539,25.72958253363539
182,134.6586608886719,2554.000827698968,-0.6769558713765764,-0.8002381417142326,7.280312593573536,411.2165287990196,0.01712073018135507,0.1350649383800544,0.9196574094604529,50.5371232629932,50.5371232629932
183,114.9010925292969,4449.002912624739,-0.001933035519877553,-1.394983380538268,7.56128710895122,462.7738511029411,0.01974811717147463,0.1782046425727103,0.9479976902637631,66.70084641610434,66.70084641610434
184,105.7556915283203,2854.790700943908,-0.1011656564922896,-1.190210539394073,7.572776663760791,998.5887408088238,0.01091552981673702,0.08612633541824574,0.825108514437532,53.43024144568231,53.43024144568231
185,130.1602783203125,2701.455603584647,-0.8642579189841345,-0.03207102299096398,7.363583759757019,450.2015931372549,0.01959595562982546,0.1842972036714057,0.9167808020266087,51.97552889182223,51.97552889182223
186,120.7330932617188,2263.602466847748,-0.3335419982313471,-0.1838513574545653,7.478625861682786,1235.010753676471,0.009871830333809109,0.05912748918988695,0.7276017128007446,47.57733143890846,47.57733143890846
187,125.9396209716797,1898.768647463759,-0.6049541010535093,0.00463185946910194,7.391968391094344,1047.659819240196,0.009754899074107861,0.05452994010596936,0.7242567573887182,43.57486256391131,43.57486256391131
188,71.33538818359375,397.4669215045869,0.5366750000752547,0.4145621132842767,6.313965311896052,236.2074295343137,0.02068788435504827,0.1216036555468198,0.7028769621716872,19.93657246129803,19.93657246129803
189,136.1651153564453,4282.751865947386,-0.388580071109753,-1.277304073636049,7.608956973556233,390.9519914215687,0.01538489038603341,0.1563453417009643,0.9543315967907474,65.44273730481775,65.44273730481775
190,91.35343933105469,1895.594120556256,-0.1949823533946681,-1.388395037582403,7.121671114566769,132.7767156862745,0.01888161119405335,0.1917523035508069,0.9650010042283858,43.53842119962844,43.53842119962844
191,104.1369476318359,2695.299803085392,-0.1899566606766222,-1.533804908829773,7.174347899188123,122.4080422794118,0.02204005022221088,0.2088803250389855,0.9773077377261363,51.91627686078223,51.91627686078223
192,120.2759857177734,4296.158863011515,-0.2082562198667495,-1.30270932867836,7.709670153258598,685.757781862745,0.01490309578083846,0.1594441494163149,0.920212657602622,65.54509030439667,65.54509030439667
193,112.9579620361328,2416.40080544143,-0.3227957006532843,-0.9939224734123742,7.464709748283745,809.1167892156864,0.01090156878846767,0.07578777905787723,0.8327505729371469,49.15689987622724,49.15689987622724
194,111.6039733886719,1337.696617512964,-0.1197083075139805,-0.7772290361842664,6.88088905387426,35.16482843137255,0.04328481964492655,0.387958176636121,0.986876481183682,36.57453509633395,36.57453509633395
195,243.5422973632812,1000.856914546341,-4.170113747591951,19.97620465697817,3.224029165928246,448.5307904411765,0.5276534106291233,0.6256962443128015,0.7766960740776753,31.63632270897395,31.63632270897395
196,120.0046844482422,1092.991082181921,-0.08294731703474113,0.5662052239093369,6.997886824655557,37.11049325980392,0.02962361154496419,0.3004928721422793,0.9830749777447442,33.06041563837214,33.06041563837214
197,121.7923278808594,643.8593381112441,1.023588030921009,3.051939288253338,6.49744225812914,118.9059129901961,0.0274876027020474,0.1922919253148559,0.907932196242598,25.37438350209211,25.37438350209211
198,117.3742828369141,3084.144168339437,-0.3374403195833284,-1.204796506736163,7.426389976642226,442.2369791666667,0.02030808646192215,0.1573553838822128,0.9284293960928095,55.53507151647,55.53507151647
199,131.6409912109375,4810.093829974532,-0.1646929675112599,-1.322472844220428,7.753030534497388,436.516605392157,0.02070211478469713,0.2246404947797301,0.9546318914459706,69.35483998953882,69.35483998953882
200,111.7645111083984,404.3796798696276,0.3651148117233342,0.3546231285802022,6.330333175787285,240.2806525735294,0.02158417982485212,0.1178808810063154,0.7024685280463625,20.10919391396949,20.10919391396949
201,118.9954681396484,870.3970589300152,-1.119587642245583,2.038074567237159,6.749814781167132,698.0038296568629,0.01468881451842521,0.05997040605689333,0.5999555165404992,29.50249241894683,29.50249241894683
202,95.02598571777344,2834.306377354776,-0.5137199709721112,-0.7005510641448369,6.913515051030357,603.1396446078431,0.1235852843846304,0.18480653687118,0.8931607304908182,53.23820411466541,53.23820411466541
203,117.0988006591797,2850.518574001035,-0.421587461102145,-0.8344539450984567,7.591743384587281,1437.864031862745,0.008608087307130315,0.04851026390388549,0.7480027478008094,53.39024792975806,53.39024792975806
204,113.3928985595703,2132.789127425989,-0.3433794163629861,-0.9761932452869866,7.399189608370039,812.6973039215687,0.01010323580118586,0.05366420847039713,0.8095417610230896,46.18212995765775,46.18212995765775
205,153.2262573242188,3787.389145758003,-0.463665888767409,-0.8489427055399101,7.727675673269916,720.6655790441177,0.01334912694580817,0.1297134524279642,0.9048762279116433,61.54176748971387,61.54176748971387
206,220.1634674072266,1336.891506556189,-1.297737852406978,1.314459155011827,6.332906666228085,1128.613143382353,0.06579928792008011,0.1339412977364565,0.5778097354793147,36.56352699831061,36.56352699831061
207,117.8557434082031,4290.453616305254,-0.3284791254552766,-1.339068380527428,7.491783379959942,443.6928155637256,0.02376593100919272,0.1905486905616036,0.9483553731854134,65.50155430449918,65.50155430449918
208,124.0028381347656,527.4981914078817,0.3642422394620343,0.1656158196515216,6.505819165959024,114.4941942401961,0.02343608824083386,0.1871867144422793,0.8916551343873942,22.96732878259641,22.96732878259641
209,97.22482299804688,3468.931754424237,-0.3929179175192815,-1.008449007649809,7.069503568913894,947.9382659313725,0.120410679375862,0.1751746545945748,0.8629201284529516,58.89763793586494,58.89763793586494
210,119.9588165283203,715.2548194245901,0.6233446989920806,0.4133321051717389,6.667928469682095,179.916099877451,0.02299170339502503,0.1928513600466712,0.8744238995149581,26.74424834286038,26.74424834286038
211,112.1708984375,2022.856413841248,-0.4553922936138045,-0.6691735463103972,7.338998464216453,623.798774509804,0.01395117451108007,0.09201162082571818,0.8460786977727547,44.97617606957319,44.97617606957319
212,126.0409545898438,2623.287263151258,-0.4368795772827382,-0.6091713573951867,7.549012277513134,1883.214031862745,0.009133165581640719,0.04906724271826203,0.6418260887034349,51.21803650230315,51.21803650230315
213,121.5929870605469,754.5161641975865,0.280055090969011,0.9462518194821339,6.730678624933319,127.9858762254902,0.02661351310633588,0.2369091936392327,0.9153465651679477,27.46845762320095,27.46845762320095
214,118.8487548828125,2404.381330236793,-0.3968581544685085,-0.5778756635001572,7.398909822870405,883.5375153186277,0.01336750162375857,0.09158149255416886,0.8164590048772986,49.03449123052867,49.03449123052867
215,82.777099609375,2938.574796617031,-0.06712778385122309,-1.057664553395571,7.068375649320372,832.4914828431373,0.1219071714179147,0.1742655675836565,0.8577720439460385,54.20862289910187,54.20862289910187
216,134.5715942382812,3391.566621091217,0.2969756325955816,-1.0335489861242,7.635133369063388,331.7555606617647,0.0138755481422132,0.143819810508158,0.9510108699589619,58.23715842218967,58.23715842218967
217,95.77033996582031,504.0701352970209,0.5841360767483657,0.9864888469685686,6.485858614652702,501.9123161764707,0.01653495229964159,0.07627975173531572,0.5022759438491231,22.4515063035205,22.4515063035205
218,85.37199401855469,1907.882723355433,-0.1333269601463088,-1.350792987089507,7.162204045046348,60.66648284313727,0.01917281516912098,0.1894940457002105,0.9841055830034185,43.67931688288443,43.67931688288443
219,128.7670745849609,2253.506124779349,-0.452794966312086,-0.2242152269172393,7.532562357443174,1775.382291666667,0.008227628957115122,0.0381106193551765,0.6067172103320077,47.4711083163154,47.4711083163154
220,134.0400238037109,1630.528564721113,-0.9593746646410427,1.144474172397171,7.19700559854357,467.6836703431372,0.01435222144975544,0.1112669957046271,0.8569309589427707,40.37980392128116,40.37980392128116
221,116.5130767822266,2528.835491839563,-0.341062401682252,-0.8598708243733446,7.56393385543045,978.2537837009806,0.008979041934080141,0.05522553305771558,0.8068298293392812,50.28752819377349,50.28752819377349
222,118.4651641845703,2137.859290616354,-0.36559240651512,-0.6591588153733734,7.418070169195675,1126.494025735295,0.01046738750838627,0.06567010236682017,0.7368404326260016,46.2369905012897,46.2369905012897
223,105.4507141113281,1128.500073342584,-0.05157371128601657,0.07826305087826224,7.058889868678477,49.8718137254902,0.02282608110701669,0.2190229052118907,0.9779601028940496,33.59315515611155,33.59315515611155
224,130.4748992919922,1621.292277669301,-1.068007913175295,1.311083531220156,7.13308570980106,443.3081801470589,0.01619250658111849,0.1380462927782461,0.8634499165145672,40.26527384321757,40.26527384321757
225,118.5730133056641,3090.564981557196,-0.06642924596019877,-1.134887466998901,7.680531167811636,635.1699142156863,0.01146349299265528,0.1021052179938397,0.8971172933706482,55.59285009384926,55.59285009384926
226,123.7147979736328,2669.104588148883,-0.4293274088646164,-0.5636463382080406,7.572894659135916,1177.675750612745,0.009609652284401603,0.06136403037780291,0.7797785636693596,51.66337763008612,51.66337763008612
227,169.6780090332031,1508.977925821207,-1.35719143476392,2.343780758905988,7.081573685425206,909.2108762254903,0.01237566873452818,0.05656534336998491,0.6994118453475274,38.84556507274939,38.84556507274939
228,127.0076599121094,4353.098421550356,-0.3663587197915989,-1.284451549079773,7.639136486113275,465.4740962009805,0.01493801043624769,0.1423274536293014,0.9466660338087336,65.9780146833046,65.9780146833046
229,104.4098205566406,1273.348496085964,-0.4268441913194856,-1.079217678753782,6.894728925499249,141.8774356617647,0.02008414022778786,0.1644392869691632,0.9443523522347994,35.68400896880792,35.68400896880792
230,117.3741912841797,3084.250590624055,-0.3374179399368835,-1.204895666275097,7.426021141257511,442.323131127451,0.02037534086563253,0.1575272671612172,0.9284178230573352,55.53602966204961,55.53602966204961
231,106.6172027587891,468.095089196926,0.3047171741921512,-0.3784538376370432,6.441736911566208,223.4538602941176,0.01820889361243049,0.1013094211986531,0.7614418453243748,21.63550529100085,21.63550529100085
232,105.1029968261719,2084.613567679189,-0.1753266508070324,-0.7165371747966303,7.483374372621596,748.8240655637255,0.009672060550184141,0.05648207424966747,0.820395353253735,45.65756856950652,45.65756856950652
233,106.9674224853516,647.1137610932346,-0.5085636619269234,0.6883241331326686,6.571627884714039,18.54111519607843,0.05002449723228795,0.4259749153543165,0.9857126176727689,25.43843079070002,25.43843079070002
234,115.7660217285156,1027.196749529801,-0.4282622042895426,-0.3601701577397698,6.917989165284891,16.92444852941177,0.0432944251372336,0.398264115215052,0.9917906689151236,32.04991028895091,32.04991028895091
235,122.0405426025391,1471.504932835465,0.5813990841408538,0.01447967851576371,7.208230644288381,69.7537530637255,0.01986563172370108,0.2082167606584419,0.9763004140469378,38.36019985395625,38.36019985395625
236,115.9376220703125,1118.684585556388,-0.529552401698668,-0.7386886385222384,6.925316126271928,164.0103860294118,0.01766376577158506,0.1427378790496586,0.9266823977907149,33.44674252534001,33.44674252534001
237,98.44174194335938,811.588036662899,-0.5569925906721944,-0.2638086965171209,6.761144696018676,97.21980698529411,0.02423578247143747,0.2291293184130044,0.9402278444166022,28.48838424100073,28.48838424100073
238,228.6396484375,2376.470946311951,-2.528664680620037,6.224378089196259,4.910005479788047,723.2203431372549,0.2899593792939536,0.3755904200276439,0.848274289298596,48.74906097877118,48.74906097877118
239,121.1468658447266,2229.772055301582,-0.5015806328020079,-0.3711459785721059,7.41219946828824,511.128324142157,0.01500733024967622,0.1275853539105876,0.8854745282573347,47.22046225209557,47.22046225209557
240,114.7351379394531,270.2684406181797,0.5166066156598546,1.503782885040839,6.033951298097367,37.06530330882354,0.0373552889034822,0.283075466361563,0.9314438172695028,16.43984308374565,16.43984308374565
241,113.9803161621094,399.3896271949634,0.2251623486990911,0.363137842373586,6.34320764237526,166.4476102941177,0.02221697459726844,0.1604031924986405,0.791799046975399,19.98473485425722,19.98473485425722
242,97.27890014648438,2197.749332628213,0.1020758517661527,-0.8699310809967113,7.467486445248403,1551.751608455882,0.00922837651630459,0.05233270003342838,0.6470666482391582,46.88015926410887,46.88015926410887
243,128.8579254150391,1899.055483147269,-0.5251042615628809,0.2148302828278097,7.341187546238217,686.8716299019608,0.01195118041858173,0.07685241299979181,0.8193082513793442,43.57815373724854,43.57815373724854
244,109.6230316162109,3553.545867860084,-0.287727092755968,-1.148867033245909,7.570078314994777,805.9640318627454,0.01980997652488813,0.1345797896262636,0.8865246203413987,59.61162527443858,59.61162527443858
245,110.7553558349609,1638.501657411223,-0.1297900238200182,-1.073112065862729,7.178259955265472,248.9091911764706,0.01561936713633954,0.1151356829677289,0.9241900880194416,40.4784097688042,40.4784097688042
246,105.7565307617188,2854.731005933136,-0.1012113628524497,-1.190200487804201,7.572649576094733,998.5116421568628,0.01092361001505479,0.08682424905663431,0.8251184118613296,53.42968281707403,53.42968281707403
247,112.7283477783203,2660.462231071433,-0.4848663703372488,-0.7302951982925783,7.45420913107787,1129.164767156863,0.01174436318882896,0.08584513143708615,0.7878787264227862,51.57966877628658,51.57966877628658
248,120.7281341552734,2390.033190402901,-0.3337609555817202,-0.9418478730185971,7.451123766123152,1022.073988970588,0.01154215630584603,0.08298570036936607,0.7863909732157098,48.8879657012122,48.8879657012122
249,124.7920227050781,1732.752155601047,-0.5989178941201787,-0.06694298434465384,7.320164745520674,905.1463848039218,0.01031044912062806,0.05090211180173207,0.7391500804313804,41.62633968536084,41.62633968536084
250,109.9269561767578,1173.4861349368,0.2617980741732401,0.2180103179793584,6.990705459177326,47.99673713235295,0.03218250042591059,0.3112398651434212,0.9795979677554066,34.2561838933761,34.2561838933761
251,125.4380950927734,2726.608014706289,-0.4656702678811029,-0.7976104643351194,7.538211337956437,818.4115655637256,0.0114088299691045,0.08776008690621016,0.8501994396581948,52.21693226058277,52.21693226058277
252,130.7971954345703,2859.516868965467,-0.5901372950220964,-0.5088230528670326,7.543435541106071,766.7660845588236,0.01102426180147647,0.0847327441043073,0.8658413365607974,53.47445061864093,53.47445061864093
253,117.8520202636719,4291.095289497636,-0.3284999173823177,-1.339114497387553,7.491617701657968,443.6507046568627,0.02373026966448533,0.190629169408575,0.948367940387091,65.50645227378473,65.50645227378473
254,151.0763092041016,2123.117300074315,-1.024609566726225,0.609629610140451,7.303901099421818,604.3264093137254,0.01786624857520996,0.1515665557290983,0.8580421683289473,46.07729701354361,46.07729701354361
255,128.2571411132812,1236.923502471298,-0.7206797640707494,0.4459945408769217,7.049767366053512,51.0676930147059,0.02335625054044846,0.2167570345346669,0.979416362456788,35.16992326507549,35.16992326507549
256,124.8997192382812,1848.921096112579,-0.5316977766911073,0.6505890140899298,7.306515202219347,696.4655484068628,0.01302409489139464,0.09407387436291334,0.8121259859936322,42.99908250314859,42.99908250314859
257,102.1298065185547,3575.085796141764,-0.4520320530669068,-0.8913333310102134,7.057812659740368,1200.166605392157,0.1241669904408269,0.1707456711045688,0.8315008664873149,59.79202117458285,59.79202117458285
258,98.53312683105469,665.730042749783,-0.4489055156374065,-0.312955235154512,6.654599027402714,90.28203124999999,0.02696393489278672,0.2412221606952709,0.9323523548994535,25.80174495552157,25.80174495552157
259,106.8658447265625,2059.589119061828,-0.5650054839985854,-0.8657320696919095,7.210876111461367,334.9482230392157,0.01540485839919848,0.1179874540931971,0.9187652824573896,45.38269625156517,45.38269625156517
260,112.6558380126953,3318.144232580205,-0.2602347541454076,-1.130545661948664,7.44510790495232,417.6920955882353,0.02538901568444095,0.1888006264813372,0.9369256391171129,57.60333525569683,57.60333525569683
261,158.558349609375,4045.662519395351,-0.4484222523136958,-0.97014660464581,7.666202639362318,469.9730238970588,0.01886578373776145,0.176787389855454,0.9419489952178322,63.60552271143876,63.60552271143876
262,133.1098480224609,708.7513153699692,-0.003973823501143512,-0.1787314303370722,6.603350247079122,110.0711397058823,0.02916140443652521,0.251891366983162,0.9226249291570083,26.62238372817072,26.62238372817072
263,132.1496124267578,1664.050385286799,-0.9350001287106727,1.122284264534818,7.175989085352792,610.2429381127452,0.01415996450692311,0.1013282247472362,0.8168768802690207,40.79277368954946,40.79277368954946
264,107.2553558349609,3413.982629701262,-0.3981069229652301,-1.059541507130995,7.23910071753086,450.8149356617647,0.05171327226384281,0.2547568972810292,0.9340090295551111,58.42929598841032,58.42929598841032
265,140.0380859375,1959.919600486755,-1.441334006369204,1.228061691896608,6.797159308446767,244.9059589460784,0.02182445879773897,0.1409150986257614,0.9376680911300852,44.27097921310026,44.27097921310026
266,108.1548309326172,3018.932829750469,-0.1432588777157631,-1.172772617437879,7.61660838661983,712.40631127451,0.01112672382795145,0.1004927361708926,0.8819835427597768,54.94481622273815,54.94481622273815
267,120.8464508056641,951.1094945443328,-1.053844424095532,1.70605732332359,6.782175160695251,659.6300551470589,0.0165782797935392,0.08019146876343902,0.6539171520734728,30.84006314105619,30.84006314105619
268,129.6529388427734,1067.365190032637,0.01595182104809231,-0.01682707845672349,7.025093909411297,73.41956188725491,0.02135354028605613,0.1995310818732948,0.9656777498222675,32.67055539828849,32.67055539828849
269,109.4454956054688,730.719746556133,-0.7356938402214716,0.2146343337274872,6.559390101121969,42.69667585784313,0.0368782331119346,0.3080932782201399,0.9708280184834759,27.0318283983184,27.0318283983184
270,153.230224609375,3788.102025926113,-0.4634760356383564,-0.8491889658794376,7.727534786205895,720.8218903186275,0.01335248405607919,0.1296580751802485,0.9048736754677843,61.54755905741602,61.54755905741602
271,122.1450653076172,477.7154825457837,0.005951980334269565,0.5403827023825816,6.419752616658069,55.27101715686275,0.03214045904813924,0.284254438583924,0.9421587043847801,21.85670337781487,21.85670337781487
272,128.2423248291016,2037.248575430131,-0.4786180755890371,0.2870308734616165,7.465232991360731,1022.93762254902,0.009940762413363903,0.05900416511651803,0.7459462120219518,45.13589010344352,45.13589010344352
273,117.111572265625,1126.786837518215,-0.3085076021425752,-0.8013555913873538,6.922803494750073,175.6189950980393,0.01856299113618669,0.1363059844444973,0.9221556306075923,33.56764569519607,33.56764569519607
274,124.4960632324219,3475.029342412017,-0.5335221067606035,-1.159482456417339,7.441717158297877,525.0949754901961,0.01425806297361137,0.1121746623723504,0.9245212803232892,58.94937949132304,58.94937949132304
275,128.1162414550781,1872.162513314746,-0.1288991327093036,-1.035569086455424,7.346828472994693,377.2607383578431,0.01381441263694365,0.1236097518223858,0.8993856723104502,43.26849330996801,43.26849330996801
276,104.2222137451172,682.6233963200357,-0.2603626902503421,-0.4965915523808415,6.680220865066639,30.01086090686274,0.03100228315201536,0.3084042461118834,0.9780402190043038,26.12706252757925,26.12706252757925
277,114.9340057373047,1984.799340436002,-0.1305908783216864,-1.137699194487457,7.340430849955721,563.0618566176471,0.01263280684469888,0.1064544679651144,0.8581092130517903,44.55108686032252,44.55108686032252
278,120.2874908447266,4294.301458511269,-0.2080510344066333,-1.302734168421163,7.709638976830608,685.9695772058824,0.01487907991494246,0.1588480260267202,0.9201532499095724,65.5309198662072,65.5309198662072
279,102.3310546875,4833.445731163025,0.1643502701633783,-1.425249503355203,7.65611147980778,588.2014246323529,0.01827758132507086,0.1781810747318086,0.9390886236530308,69.52298707019877,69.52298707019877
280,113.4447479248047,1388.867918887874,-0.3701559318396627,-0.1104930056379478,7.23315163367324,928.5529105392156,0.009967448439019666,0.0477133603359126,0.6661581835433743,37.26751828184799,37.26751828184799
281,123.4238586425781,1222.318085550331,0.009043148886247795,-0.8046174391518206,7.066453576506881,56.95229779411763,0.02306643498623783,0.2526721034809229,0.9767380052652043,34.96166594357784,34.96166594357784
282,140.9125823974609,1240.50027747429,-0.7297923456836403,0.4361970244172433,7.041777885138548,48.60033700980391,0.02688112291161012,0.2900119464856801,0.9804532845476472,35.2207364697885,35.2207364697885
283,115.2358245849609,2392.53876237548,-0.3553288807800326,-0.7370006210632467,7.5172259106883,1394.492555147059,0.009039573847629193,0.05106910309389218,0.7088934327751453,48.91358464041947,48.91358464041947
284,121.8067169189453,2520.760477954289,-0.3881715065948573,-0.6880136786523803,7.482115657910065,1183.484574142157,0.01053765698973151,0.06903836994987099,0.7655153374440641,50.20717556240631,50.20717556240631
285,156.4334259033203,802.0928884462919,0.4542087008387835,0.214887176032994,6.785419982373559,113.8285845588236,0.02149464913062222,0.1729775993567522,0.9292274508931405,28.32124447206181,28.32124447206181
286,86.76570129394531,1474.327992910286,-0.2555227834351146,-1.263884725589851,7.030062784811781,84.33383884803922,0.02330653528772424,0.2601204889324946,0.9714220762555268,38.39697895551532,38.39697895551532
287,130.4558868408203,3164.846259595593,-0.4190208916350827,-1.075808253747344,7.567842067575349,502.3449448529412,0.01240491063161111,0.1099737081063168,0.9207605346462188,56.25696632058641,56.25696632058641
288,98.09284973144531,1707.652160787722,0.1755535962703001,-0.9203141789245546,7.305093508126457,192.958425245098,0.01442806539666514,0.1359217515525036,0.9433554191209714,41.32374814543959,41.32374814543959
289,132.4799957275391,2326.908962622052,-1.280787758817558,0.4069875583414473,6.898072052025681,280.9700980392158,0.01967009591513844,0.1308286480706597,0.9397688060205796,48.23804476367229,48.23804476367229
290,101.4463348388672,944.1423837223556,-0.4668117683846953,0.2555211543394527,6.772164883146528,32.75050551470589,0.03669036729635788,0.3451981768605552,0.9827045818250938,30.72690000182829,30.72690000182829
291,134.7593688964844,1929.438831291161,-1.267292213940245,0.9621692250286924,7.055097098650196,608.8699142156863,0.01832673878886357,0.1144477593852979,0.8425077362859076,43.92537798689001,43.92537798689001
292,103.6181335449219,2848.108206330799,-0.0846622776561561,-1.330480621991262,7.505482119149585,502.8741268382353,0.01291764548115362,0.1214311001082096,0.911641873987584,53.36767004779953,53.36767004779953
293,121.7288513183594,3287.650660521351,-0.5530422046979501,-1.055806341892825,7.453169783692196,449.2287990196078,0.01727260667260678,0.1532151705254824,0.9318379625966311,57.33803851302685,57.33803851302685
294,230.8104400634766,2870.053315687692,-2.495875653246538,5.186251256308669,3.87976026717288,413.958149509804,0.4915683557889179,0.5823387859961237,0.9281108786804826,53.57287854584344,53.57287854584344
295,125.3229675292969,1751.904877766035,-0.6587092352999092,0.554460164177133,7.312964938624249,669.0186121323532,0.01335144713306034,0.1113046425071997,0.8095481139047578,41.85576277845185,41.85576277845185
296,125.57763671875,1374.406631231308,-0.4086746802733936,-0.06840106418985004,7.142972466560392,43.55853247549019,0.02424796953884048,0.243986688734357,0.9841872791107724,37.07299058925929,37.07299058925929
297,138.4267730712891,2515.337624877458,-0.4789161085404089,-0.4109569899927838,7.578197759456824,552.558226102941,0.01106212808387866,0.09658809355705963,0.8903209691253389,50.15314172489555,50.15314172489555
298,112.7863311767578,1058.957321097841,0.1183210455605499,-0.3290011755700397,7.031835270944632,255.7535386029412,0.01434790437240274,0.1018384703442359,0.8793031145426107,32.54162443852245,32.54162443852245
299,93.201416015625,3736.321492135525,-0.1470236580314717,-1.209908836316782,7.169648615434653,798.3077205882353,0.1207382711221595,0.1954128064462358,0.8928622151724604,61.12545698917534,61.12545698917534
