,Mean_R,RMS_R,Median_R,Variance_R,Std_R,Skewness_R,Kurtosis_R,Contrast_R,Entropy_R,Energy_R,Homogeneity_R,Correlation_R,IDM_R,Smoothness_R,Mean_G,RMS_G,Median_G,Variance_G,Std_G,Skewness_G,Kurtosis_G,Contrast_G,Entropy_G,Energy_G,Homogeneity_G,Correlation_G,IDM_G,Smoothness_G,Mean_B,RMS_B,Median_B,Variance_B,Std_B,Skewness_B,Kurtosis_B,Contrast_B,Entropy_B,Energy_B,Homogeneity_B,Correlation_B,IDM_B,Smoothness_B
0,136.1082000732422,10.07190260307845,141,1649.200313618174,40.61034737130642,-0.8880922090526485,1.236234902780326,7.235152940291849,898.8067401960784,0.0109732280194814,0.06162337443474059,0.7280825293078097,0.00111136330788662,0.0137146984029852,129.0299072265625,9.811770661091675,141,1260.104665860534,35.4979529812711,-1.037854503939419,2.293167514307471,7.008447929570099,900.1107996323532,0.0120553023775243,0.06190037470563756,0.6435965923070701,0.001109756290631127,0.01373459247540309,120.5257873535156,10.01757184179224,141,2244.632422170602,47.37755188030089,-0.6924506381116184,-0.03154220348670078,7.430000944841996,898.0696231617646,0.01044427120176119,0.06291361621075796,0.8003777203760872,0.00111227383411401,0.01370344496919333
1,105.1764526367188,10.35539875848659,100,529.1168442033231,23.00253995112981,0.6746027069281887,0.4158887133816807,6.447092891949835,398.7335018382352,0.01965245575812517,0.1029562472721404,0.6231535048091746,0.002501789721684432,0.006084181981895983,119.3882446289062,9.401273405788741,100,530.1942673288286,23.02594769664929,-0.1929621525467792,-0.3061904447930002,6.50034621141618,400.2896599264706,0.01792410335422557,0.1032994288787582,0.6226362136871882,0.002492076841516712,0.006107925221732875,101.7183532714844,10.31988224169355,100,733.7554834699258,27.0879213574967,0.5160652770679471,-0.2169902967579924,6.708747610590099,398.6537837009803,0.01712369046708853,0.10223320662965,0.728405469004411,0.002502272939558881,0.006082969654014178
2,121.7172698974609,10.3906198601961,128,3421.879002287751,58.4968289934399,-0.3324307296834653,-0.9922405312386577,7.590309574404936,436.8997855392157,0.01527731868991039,0.1423378019767491,0.9362002504871232,0.002283707190427444,0.006666541556938367,119.2892761230469,9.98719425425708,128,2692.578276111744,51.8900595115456,-0.6254516519127873,-0.4578728274239192,7.406289205616081,432.2750459558824,0.01545232707993256,0.1430722374326591,0.9198212974476145,0.002308085071179648,0.006595966684378136,101.19580078125,10.04644518180513,128,3574.130027532578,59.78402819760958,-0.1192845653691931,-1.230861603306473,7.544737268039628,426.7801930147059,0.0168051975958077,0.1475128545990407,0.9403142133133968,0.002337740976625024,0.006512117335588595
3,111.7644195556641,10.06144528755258,109,404.3807964099105,20.10922167588568,0.3650029866379923,0.3548014994122104,6.330353347392802,240.3921568627452,0.02159414702617166,0.1178238927537351,0.7023328617568123,0.004143007286177554,0.003668088770297136,125.4340209960938,9.108740128498322,109,408.1817734800279,20.20350893978637,-0.5862595639676879,0.5127436305553168,6.27103117256572,240.8999080882353,0.02227785625461369,0.1190485614018714,0.7050790323084373,0.004134321967024884,0.003675837995257459,109.9557647705078,10.18458712071019,109,442.561077302089,21.03713567247426,0.6120266422568468,0.09024439513609206,6.331950926102922,239.6512714460785,0.02163664891578145,0.1174670669089314,0.7287384468119603,0.004155764109615775,0.003656785292794405
4,117.3741912841797,10.48297555512068,129,3084.250590624055,55.53602966204961,-0.3374179399368835,-1.204895666275097,7.426021141257511,442.323131127451,0.02037534086563253,0.1575272671612172,0.9284178230573352,0.002255794684212204,0.006749304811606633,101.9404144287109,10.37899887049377,129,2971.246617406374,54.50914251211785,-0.2779669926440606,-1.332234156544724,7.360318108213527,439.67734375,0.02126279568236406,0.1572030947837973,0.9261535600097096,0.002269343470386987,0.006708930158573719,76.5621337890625,10.18855888620831,129,2975.108901843429,54.54455886560481,0.2862493592759388,-1.304379298783474,7.360492650278716,430.7965839460785,0.02046411536694382,0.1574597249327667,0.9275589919767505,0.002316015069087365,0.006573412552334853
5,123.5725708007812,10.34680167644285,138,2465.641675617546,49.65522807940314,-0.9332347081777987,0.1152749588472619,7.264542556534149,654.3710631127451,0.02043948106537066,0.1337152012604104,0.8675345535251586,0.001525900737621057,0.00998486767349688,112.4749603271484,9.781706290525266,138,2093.682264860487,45.75677288512037,-0.9442307213889587,0.2530760279882229,7.122015830636935,653.9342677696078,0.024047034801976,0.1347392977429509,0.8441370501162212,0.001526926849420681,0.009978207441380548,102.3924102783203,9.903299078670782,138,2836.584493787726,53.25959532129141,-0.4074117930026064,-0.908392169645099,7.45422456953849,648.961611519608,0.0183491709298201,0.1346282508761104,0.8857371178518662,0.001538595840483573,0.009902336882919312
6,150.4571533203125,10.51632148510709,164,2065.503657326102,45.44781245919436,-1.242277024652697,1.035989983621474,7.204490140185126,595.3433210784314,0.01564386656528087,0.1172610031058319,0.8562864522975879,0.001676930382764567,0.00908413483128553,146.8526306152344,10.45141697088097,164,1926.451060584746,43.89135519193668,-1.39911325856612,1.581589555820107,7.111334096660391,596.2709865196078,0.01596824188678043,0.1172944253115876,0.8456760423820772,0.001674326660131978,0.009098303507711281,135.8088836669922,10.56178994585442,164,3544.541492735734,59.53605204189924,-0.703164926494533,-0.8389845056420802,7.448420272014279,589.5461856617649,0.0154636365743062,0.1181875833649435,0.9170078210995326,0.001693391999268994,0.008995732596453447
7,103.2287902832031,10.68835088900821,100,2279.678795143031,47.74598197904228,-0.1150985355005886,-1.124318109396123,7.290384133283989,97.39007352941177,0.02498064711030802,0.2526967040427104,0.9786601479635342,0.01016620805915924,0.001486054588251048,111.2839050292969,10.4970742645384,100,2007.655268295668,44.80686630747199,-0.4186236106172955,-0.7314094688683674,7.257549297169255,97.41660539215685,0.02525794085448515,0.2531630558566517,0.9757767308171938,0.01016349532660825,0.001486459430056506,104.4715423583984,10.61012357562526,100,2791.0801532974,52.83067435966912,-0.09021435009899875,-1.115059974461216,7.430263538351387,98.80726102941176,0.02317147865018909,0.2476669062109705,0.9823143000551913,0.01002163776311539,0.001507678148091435
8,154.6433563232422,10.52448505945073,160,1078.201037099352,32.83597169415506,-1.030209275271772,1.802278923425811,6.923200527566513,475.0780330882354,0.01753307757103356,0.1140819581834706,0.7802004032673114,0.002100573351449236,0.007249112438062484,145.2468414306641,10.11891047708023,160,1102.938809908694,33.21052257807295,-0.979977533193824,1.783026291579352,6.949433084881874,480.0130208333334,0.01678102325347246,0.1138236297969031,0.7829074421686905,0.002079018331608678,0.007324415220048669,113.6771392822266,10.44967434754436,160,2140.055261078989,46.260731307222,-0.3962268035492389,-0.8967303218701379,7.32431731597917,458.7452512254902,0.01467132697193757,0.111168380894528,0.8929167159620681,0.002175187041551035,0.006999888639970153
9,121.7981719970703,10.38792478425033,124,3850.594748245319,62.05316066281652,-0.2941133465670334,-1.175814359753409,7.551919637252037,450.020986519608,0.01985957104938864,0.1890515366703771,0.9415578539029903,0.002217289359709428,0.006866703570542175,119.5332336425781,10.29732251967562,124,3487.067468523048,59.05139683803464,-0.3988090001021353,-1.000538029908381,7.562548869673953,447.7726715686275,0.01860093945497127,0.1906364438597412,0.9358035664592012,0.002228392042434193,0.006832349616396845,104.9782257080078,10.35434440803073,124,4219.538481568685,64.95797473419783,-0.02318797871210379,-1.367870871911788,7.574828734483309,439.6966452205884,0.01913772993439303,0.1932892673882661,0.94785733891079,0.00226923313080872,0.006709088518730766
10,105.6595458984375,9.869760402874846,116,1738.441280946136,41.69461932847133,-0.41478995468442,-0.9147114160187813,7.171412271144649,178.7345281862745,0.02057229501528184,0.1970100689544995,0.9486146728840897,0.005564398129464565,0.002726980495763966,103.8847045898438,10.06121097624902,116,1584.871899839491,39.8104496312148,-0.4748187149449162,-0.6361875775455106,7.143642271000455,179.506587009804,0.02049650671098424,0.1973657347782735,0.9433883733427926,0.005540593168219039,0.002738700078579037,83.59095764160156,9.935031416314901,116,2976.319149803137,54.5556518593916,0.05263263117145974,-1.449343336946605,7.287256064470292,173.6977481617647,0.02128222154691634,0.2046153411769709,0.9707944388711353,0.005724869658985689,0.002649988678467676
11,121.1468658447266,10.13999676044119,128,2229.772055301582,47.22046225209557,-0.5015806328020079,-0.3711459785721059,7.41219946828824,511.128324142157,0.01500733024967622,0.1275853539105876,0.8854745282573347,0.001952692826316968,0.007799195961386497,118.7486267089844,9.974037035971035,128,1973.385694525205,44.42280601813898,-0.7643632403897923,0.09446111061388063,7.260165063386285,509.7783854166667,0.01564091125656052,0.1278362917484245,0.8710246009350705,0.00195785618813748,0.007778591067941629,73.91433715820312,10.38730268784473,128,2751.316819592379,52.45299628803276,0.6234619445678051,-0.7998370103349455,7.404397651354594,501.1041973039215,0.01460500788793263,0.1283096445381689,0.9085921252295469,0.001991676416607331,0.007646230508697601
12,122.1450653076172,9.956528589214795,120,477.7154825457837,21.85670337781487,0.005951980334269565,0.5403827023825816,6.419752616658069,55.27101715686275,0.03214045904813924,0.284254438583924,0.9421587043847801,0.01778129398588893,0.0008429807656999967,118.7753143310547,9.684584837342264,120,657.8174515308347,25.64795218981108,-0.09457328333778696,-0.4688937881660533,6.622825624752891,57.67458639705882,0.03032381020244117,0.2854563699335643,0.9562249134718759,0.01705196648212479,0.0008796111703089444,108.9099578857422,10.01613155042163,120,1283.791620811215,35.83003796831947,-0.3307879157708534,-0.9687761438128502,6.921699728591651,54.07423406862746,0.02701277400120981,0.2760581879050382,0.9789543906011339,0.01816622122754851,0.0008246840992050875
13,121.6170959472656,9.628160626556935,131,902.9209504043683,30.04864307093364,-1.167267427732817,0.9856240398437301,6.641074957987986,188.3300245098039,0.02322196809961943,0.1446555939602913,0.895909912651321,0.005282430354184975,0.002873537208554104,122.5978393554688,9.515445400603957,131,932.6377052925527,30.53911762465564,-1.412352173813089,1.500580771105813,6.556308019757379,187.2180606617647,0.02426208494027315,0.147499031756235,0.8998183679605332,0.00531367137260785,0.002856562122905262,95.21730041503906,10.01524335636956,131,2574.822363659507,50.74270749240236,-0.3487472675457097,-1.429233201731759,7.112607741963484,179.5374080882353,0.01939851208370402,0.1479351553332777,0.9651587265525744,0.005539613484260969,0.002739290366066002
14,105.7515869140625,10.21873506784077,101,501.8290990442038,22.40154233628131,0.4742981171883267,0.04665986960021318,6.45898035259971,256.9725643382354,0.01986004368307063,0.1104894347269179,0.7439946246319077,0.003876679652321517,0.003921077323072046,118.2639923095703,9.788202806673466,101,639.1401621864643,25.28122153271998,-0.1817964417562293,-0.7149525391857567,6.604021684378311,259.2922947303922,0.01761126576300064,0.1109097600230664,0.7974105192191561,0.003842094769604812,0.003956478619568483,99.59501647949219,10.2704197385718,101,677.5720265561249,26.03021372474926,0.5123864388013024,-0.3617200376872804,6.642224794575574,256.3259650735295,0.01802974468563574,0.1103981129945781,0.8109245420211384,0.003886393937761707,0.003911214048545614
15,150.3372039794922,10.31977060817116,154,1090.765733783832,33.02674270623477,-1.455629708204984,3.882513153440565,6.846405949588148,556.475367647059,0.01406835590300378,0.07293098803578091,0.7455163732042153,0.001793846498889801,0.008491140063988137,140.58056640625,10.0250007914783,154,1071.972177267075,32.74098619875514,-1.445809270038841,3.643245710515068,6.837065188976222,556.4179840686274,0.01389776935192978,0.07268176476750006,0.7410051757297544,0.001794030622630008,0.008490264005772841,105.4608306884766,10.34901427951557,154,2784.337943304097,52.76682616288474,-0.1725538647026691,-1.304693332140764,7.424470246840902,559.0952818627451,0.01157579528924382,0.07359552871491393,0.8997207204258604,0.001785447405748242,0.008531115364436574
16,138.0785217285156,10.07645789263814,144,1789.177153429948,42.29866609516129,-1.141965882796733,1.258940063003962,7.085798648790948,572.447181372549,0.01455316369217761,0.1018801717794824,0.8399378214567922,0.001743884025440872,0.008734349006402383,129.6081390380859,10.05340734007669,144,1778.188012979692,42.16856664601836,-1.172757637779427,1.19227653118622,7.062312054098127,572.820419730392,0.01454735776701356,0.1030136545822731,0.8388521968647333,0.001742749679199184,0.00874005622138806,86.91175842285156,10.16779617122079,144,2691.734233077383,51.88192588057408,0.2141114181856525,-1.16622110098307,7.435953148869403,565.7875765931371,0.01398192143836333,0.1040472115066546,0.8947472586582648,0.001764372951388545,0.008632527163699097
17,114.457275390625,10.09211571280011,118,1998.527440965176,44.70489280789269,-0.3915695613992187,0.05885334459210867,7.442186841745804,1766.8234375,0.008745796022137835,0.03888908962738816,0.5586003679819654,0.0005656701489657328,0.02695919722202636,119.8898315429688,10.12103872162771,118,2028.562936153263,45.03957078118377,-0.3377220059107112,0.1672994303886131,7.47054051170775,1768.391452205883,0.00867061378015898,0.03927970935863193,0.5648420404039742,0.0005651688319811688,0.02698303315946055,121.8549041748047,10.05613744280351,118,2565.105885067722,50.64687438596504,-0.5134117145916265,-0.08827453594614587,7.566477234168458,1766.296691176471,0.008432984413299708,0.03955461461865595,0.6561229571850551,0.0005658386487685963,0.02695108736639285
18,108.9859771728516,10.0721283334278,108,631.7701738437172,25.13503876749979,0.3536409988589088,0.2982034137863079,6.680682071573494,644.379656862745,0.01346081187160682,0.05951844722968629,0.4900061008098037,0.001549507870290081,0.009832452704391655,117.4405059814453,9.833002720679112,108,795.0873723269906,28.19729370572627,-0.0718220601513238,-0.3654796876265034,6.827019834970077,646.1369485294116,0.01256409506233689,0.05899102270745411,0.5939822460022024,0.001545297973702689,0.009859266543387795,106.0727233886719,10.19981491818525,108,641.254202275537,25.32299749783854,0.4669197330208262,0.3964793456300693,6.678324712535263,643.2454963235297,0.01358757937356361,0.05940099758106739,0.4984067485222645,0.001552236060379819,0.009815144299965255
19,113.9320373535156,9.834618780740817,119,1616.49965353962,40.20571667735349,-0.5270543427597898,0.4030163337279027,7.229859934652909,938.793275122549,0.01161931776788963,0.06308456873096648,0.7101182003983916,0.001064076952155074,0.01432484515454951,118.9270782470703,9.958653996836668,119,1511.923286543926,38.88345774932993,-0.5106317620489209,0.7919502790679873,7.210197672678091,940.9738051470589,0.01134112387492296,0.06285592866055524,0.6894885428326828,0.00106161342749151,0.01435811930255494,113.1322479248047,9.800485435452053,119,2214.968213001033,47.06344880053982,-0.531368689417478,-0.006382119489610982,7.419675869698059,937.7460477941178,0.01084329452592661,0.06294080606150528,0.7886126122076651,0.001065263127670882,0.01430886912990687
20,175.8133239746094,9.997805545351252,177,1894.584353721701,43.52682338192968,-0.01446901651492189,-0.7510562103363392,7.279757873013196,903.922993259804,0.01330704752214886,0.06530731626342473,0.7613842556952373,0.001105082656575091,0.01379262155048286,191.8729858398438,9.774165015888185,177,2392.533794160932,48.91353385476184,-0.4869680728890156,-0.9862411499820518,7.183859054857119,890.3904718137255,0.02495791344025061,0.08127189863257012,0.8139503365665588,0.001121874230498744,0.01358615140393749,166.568603515625,9.944829193382201,177,1838.616356790066,42.87908997157083,0.2797804916361463,-0.4626028164310889,7.269355182150607,909.3610753676473,0.0122988260018249,0.0631785995829577,0.7526399157889168,0.001098480083423557,0.01387563114499216
21,116.4898071289062,9.936709198586101,116,474.2263060174882,21.77673772670021,-0.07675264857259151,-0.4715679659784207,6.447813950490488,196.0121323529412,0.01840800650721149,0.1094083529817972,0.7933531080936765,0.005076303843270641,0.002990901951364075,128.5538635253906,9.526692686087667,116,449.4472024803981,21.20016986914015,-0.6864892325120582,0.3409429868503859,6.351786651916481,196.6033394607844,0.02082036478208356,0.1106226125170354,0.7812136711318264,0.005061176487552097,0.002999924297506468,114.0118255615234,10.17222226629761,116,581.9535192137118,24.1237127991052,0.02516747606290464,-0.6944097518423584,6.562211160380542,195.6898897058823,0.01766632956013656,0.1093571407458707,0.831958438953376,0.005084602100046184,0.002985986785985377
22,124.7238464355469,10.4988853226225,142,2775.837160839699,52.68621414411648,-0.9957832778935148,0.04066174168019243,7.141858311268425,650.4935814950982,0.02957541024479011,0.1536673301556032,0.8830425270712796,0.00153500422227433,0.009925680913196525,115.5401458740234,9.781721889825064,142,2502.551305789268,50.0255065520507,-1.064484587694694,0.1197547317647922,6.953392171203036,650.4975643382354,0.03559857861207141,0.1545329676786524,0.8703165165512895,0.00153500902978115,0.009925731089576987,103.1567840576172,9.999976348848984,142,2935.939148617676,54.1843072172901,-0.4749017116245395,-0.9061260825026718,7.350820750801,643.0776348039218,0.02561423843744429,0.1561592784068647,0.8905985097643638,0.001552669610634852,0.009812499517327843
23,151.0762786865234,10.32427639030448,160,2123.419794965303,46.08057936881114,-1.024812827810947,0.6102556432233741,7.303880325533995,604.2432444852943,0.01787763237100648,0.1514950901678952,0.8580817701735522,0.001652277076884339,0.009219879040584793,151.606689453125,10.2107985238247,160,1908.101807057858,43.68182467637836,-1.116238698312194,1.135794114645991,7.226986676063594,604.7030330882354,0.01822937263024196,0.1511734978589338,0.8419483543691071,0.001651023756689036,0.009226826041269445,134.3170318603516,10.55634051521843,160,3835.515808548545,61.93154130609496,-0.3860867591297006,-0.9921251398728383,7.675356928355379,604.8604166666667,0.01667954454452383,0.1485548866294219,0.9212388936559259,0.001650590637034887,0.009229177224397178
24,120.2874908447266,10.46866035992406,130,4294.301458511269,65.5309198662072,-0.2080510344066333,-1.302734168421163,7.709638976830608,685.9695772058824,0.01487907991494246,0.1588480260267202,0.9201532499095724,0.001455700066871992,0.01046480133161321,106.4638977050781,10.33833913660776,130,4506.554116546176,67.13087305067748,-0.1611518581616649,-1.428029836902814,7.573377215584314,682.1156403186276,0.01688910459718274,0.1632578984368407,0.9243281466226101,0.001463917183603044,0.01040584207259646,100.8574066162109,9.894939909642185,130,5481.45899146772,74.0368758894358,0.01578094733593714,-1.51330651271538,7.526425717378725,656.1566023284315,0.02269330444882891,0.1688820666488379,0.9401272660504705,0.001521759851786166,0.01000975456081262
25,99.17828369140625,10.1700972308797,111,2309.485640462488,48.05710811589153,-0.3479298331186044,-1.119639138434258,7.33640752030177,320.023268995098,0.01536982864788418,0.1414722648021828,0.9305926206628214,0.003115188138973105,0.004882996934492919,83.35704040527344,10.25603846878717,111,1808.372171196854,42.52495939089012,-0.1880100084694012,-1.132065623791015,7.246856498444824,313.1494332107843,0.0153012462667253,0.1442660765987647,0.9132360974206983,0.00318335353674001,0.004778201949221583,67.04914855957031,10.06685340489201,111,1888.721964912256,43.45942895290108,0.1406973147691187,-1.174159788427519,7.22028579172329,304.2431832107844,0.01734256717004244,0.1468369650953522,0.9191564531520685,0.003276262579509488,0.004642250584789346
26,179.8139495849609,10.58847049377109,189,1112.906898304587,33.36025926614761,-0.988075985021409,0.6333832586283146,6.887747194894779,295.6232383578431,0.02221735483356769,0.1497437937999166,0.8674261565336333,0.003371532561210749,0.004510471511776144,168.2598876953125,10.3261909001267,189,1465.838067516685,38.28626473706575,-0.8794556721789797,0.233594861084232,7.096588907336343,298.1652113970589,0.02063930243877136,0.1498405199199601,0.8985346378060286,0.003342865267445661,0.0045492303496859,134.7770080566406,10.19322895376663,189,2235.739703304134,47.28360924574323,-0.1146082482235807,-1.028524778700688,7.351765857877415,292.1238970588236,0.01726208814279003,0.1433707748174374,0.9346334661754314,0.003411727612716884,0.004456964759575042
27,77.57638549804688,10.5662120187786,78,820.3617494842038,28.64195785005284,0.02448260525379226,-0.667808407536175,6.851559209762529,100.6106464460785,0.02061482056738946,0.1935772856806583,0.9385539522512257,0.009843485468006116,0.001535193877594,89.41184997558594,10.43344018980968,78,607.9832268876489,24.65731588976482,-0.3218589591504629,-0.3104741206911421,6.636368936562321,100.5046262254902,0.02275994425665582,0.1957953825336814,0.9173238842817498,0.009853977234008793,0.001533572288106171,59.12031555175781,10.44348411564038,78,1301.960118284216,36.08268446615656,0.5706119142667109,-0.710238090400328,6.975274472868301,96.91594669117649,0.02130121108124441,0.1987794258614518,0.9625737380906048,0.01021506329683096,0.001478814925337465
28,100.0722351074219,10.36430524647878,97,597.1111150970683,24.43585715904127,0.4502349316174688,0.2416606599063726,6.61734116964322,485.0092677696079,0.0152639495986241,0.07596042713580753,0.5936620000343898,0.002057638555496162,0.007400585009595784,116.0958404541016,9.788441314837794,97,718.7608188798185,26.80971500929875,-0.1159708370390828,-0.31434636334824,6.753926253640374,486.3594209558825,0.01398381780298148,0.07633755921073196,0.6618854493214779,0.002051932620673476,0.007421192620483093,96.62167358398438,10.20773907443361,97,811.5477870916948,28.48767781149764,0.3831887236303194,-0.3692728571014063,6.810322882768328,483.8643841911766,0.01394632947691788,0.07550696893048633,0.701881241458216,0.002062491692098344,0.007383111904198729
29,162.594970703125,10.48933232047192,176,2796.87034457922,52.88544548908726,-0.5476346217874442,-0.7315163426821898,7.522152892230895,693.74303002451,0.0164285119850627,0.1232094542204627,0.8760554527526372,0.001439415156729063,0.01058539474556657,165.0717620849609,10.35617600611956,176,2348.216087385779,48.45839542727121,-0.6622828328335405,-0.2206776595347919,7.478562173870252,691.9028952205884,0.01583830517838582,0.1246687269761733,0.8528309834796148,0.001443236657431289,0.0105572086420506,133.1696929931641,10.36007683449315,176,3452.968747623032,58.76196684610746,-0.2388793668508004,-1.074578493577543,7.716191605510069,697.2181219362745,0.01465210500112705,0.1223218645827729,0.898878084112403,0.001432247250563877,0.01063829499587591
30,119.9588165283203,9.927147805377166,116,715.2548194245901,26.74424834286038,0.6233446989920806,0.4133321051717389,6.667928469682095,179.916099877451,0.02299170339502503,0.1928513600466712,0.8744238995149581,0.005528126583118893,0.002745060644000454,118.4503326416016,10.56073380550529,116,941.0673268546816,30.67682067709562,0.6095612863440726,-0.4540957303097919,6.722593448025968,182.1285539215687,0.0228715675032926,0.1942607514529266,0.9034073839071878,0.005461326962351356,0.002778840314085577,113.4370422363281,9.7551928654331,116,959.3340490153059,30.97311816745782,-0.6728013629151313,-0.02251772384163431,6.806823102181888,175.0733609068628,0.02201141248925664,0.1872385250700157,0.9088439636231668,0.005680160946633126,0.002671188128072309
31,120.5593109130859,10.36869087041421,111,1562.665427528089,39.53056320782805,0.8267207986352478,0.1623570336457636,7.192263826039311,342.5936274509804,0.0131054237566864,0.08094540784691501,0.8905190026689701,0.002910525876437095,0.005227438322340397,119.8724212646484,10.31758944606438,111,1365.1099596282,36.94739449038592,0.8003545496529434,0.250738100207148,7.123568476202287,342.8161764705883,0.01340895384071452,0.08076895466403787,0.8745936692848651,0.002908644416165984,0.005230853292161527,107.6229553222656,10.22307343555499,111,892.4200931703672,29.87340109814025,0.4055046755657735,1.168983359474612,6.895125694989654,340.4154718137254,0.01474371537659409,0.08061851130253994,0.8095297305485979,0.002929109160282533,0.005194248309926843
32,115.3716430664062,10.36918900234759,118,2864.954837974161,53.52527289023533,-0.2627133517514141,-1.008952545291357,7.569173791694053,631.8186427696078,0.01253799477774117,0.1045945939055839,0.8898807955137275,0.001580262883772001,0.0096407861535798,107.1886596679688,10.42687081581841,118,2706.662436094135,52.02559404845018,-0.2257197371567513,-1.007159645742749,7.551284507940697,630.8759037990197,0.01220528405051864,0.1056267846410559,0.8836239468621573,0.001582619799729339,0.009626402340393253,87.85260009765625,10.32282272178073,118,3556.664918776602,59.63778096791162,0.2119764230885049,-1.344900803417468,7.489044842396401,601.5681832107844,0.0151255292789819,0.1117488125283053,0.9154756278083835,0.001659604888319354,0.00917920031452316
33,160.5634307861328,10.23524790528384,160,1358.043431369355,36.85164082329788,-0.1087118298389383,-1.076760391951555,7.09653144778435,190.3387867647059,0.01607295624942334,0.1437682197169027,0.929994314553558,0.005226770936362288,0.002904308616301502,165.1529235839844,10.33403144036957,160,813.5501312231645,28.522800199545,-0.5012516605543099,0.2367757913318238,6.824521768333803,190.5212469362745,0.01819102328366873,0.145460775553471,0.883062931678683,0.00522184878581963,0.002907096381277356,126.4665832519531,10.42383379736823,160,2331.797131611966,48.28868533737449,0.1971697250106243,-1.215309088441815,7.347613249720449,192.6143382352942,0.01581447794169897,0.1401221552060233,0.9586686869207363,0.005165328642967103,0.002939041173017539
34,91.01747131347656,9.5170079621569,97,2232.123825002229,47.24535770847998,-0.5621578058152316,-0.02342605675744824,6.565360640476086,780.0371017156863,0.1290628717832727,0.1762412716784135,0.8241824118352842,0.001280560514501108,0.0119023212436293,106.6816253662109,8.8151721555416,97,2639.980256855255,51.38073818908458,-1.054987478384029,0.2607140725275476,6.445208658919971,779.990349264706,0.1303711046480831,0.1772436931466189,0.8512880663515473,0.001280639330954446,0.01190162279975043,85.94557189941406,9.505914553530525,97,2252.459363631671,47.46008179124507,-0.3015271307071519,-0.3083393130258609,6.710824972487425,780.435631127451,0.128069543138217,0.1760253963317932,0.8258033482019856,0.001279905698048319,0.01190842208817389
35,117.0605926513672,10.50220502679341,106,1113.254583535483,33.36546992828789,0.8788664315085642,0.5015686954916312,6.743388300431892,66.26018688725492,0.03617654661047662,0.2873005918703209,0.9703356088895635,0.01487563736427947,0.001011049808305572,117.0296630859375,10.45453208952641,106,988.5387929528952,31.4410367665078,0.9636989180771918,0.9325118667144459,6.697920842166333,65.48282781862747,0.03654002268994848,0.2878643851242914,0.9669867927199755,0.01504974970266344,0.0009991885617666122,109.1728210449219,9.788641626028225,106,663.2688999762759,25.75400745469093,0.02778250010080084,1.121621872659173,6.623656224919694,63.16525735294118,0.03257137908499372,0.2823572623539272,0.9525048602751837,0.01559267298437574,0.0009638135035918658
36,90.33949279785156,10.46518202374135,94,1835.831232066965,42.84660117286977,-0.1193208991903154,-1.14622350852976,7.233706969067991,107.7747089460784,0.01986557266172432,0.227643994096638,0.9706325863969927,0.009194992783598945,0.001644003729417244,87.75979614257812,10.40896818384722,94,1731.107768415473,41.60658323409258,-0.1419860023862371,-1.010458823305483,7.23484605388573,106.7450214460784,0.01994279387958749,0.2304313504240167,0.9691543276643856,0.0092828894860091,0.001628186887112954,63.84036254882812,9.765376559339794,94,2963.622251479886,54.43916101006597,0.4738041437279644,-1.260913678718764,7.065727097499956,104.0344975490196,0.0343865894141648,0.2481227403170104,0.9824159314731294,0.009523799459456854,0.001586663131056062
37,165.9497680664062,10.52518313287084,186,3404.090677436441,58.34458567370618,-0.7203482884197772,-0.6486035840846216,7.492753936795674,542.1957261029413,0.01741259696789455,0.1306324076926307,0.9204557175075234,0.001841016062562304,0.008273250000266325,150.5030059814453,10.64413846752382,186,3413.822561764857,58.42792621482348,-0.6353170750461301,-0.7725105478932184,7.544459715192633,540.7986366421569,0.01650515109702078,0.1301857928658172,0.9208773389522742,0.001845760393108316,0.008251931966521972,132.7646484375,10.62906775304533,186,4216.490050315857,64.93450585255775,-0.4283451194641077,-1.186047957099064,7.586473997621146,534.0963082107843,0.01635643531914092,0.1310503734325312,0.936709583108071,0.001868879588334172,0.008149662889000951
38,122.7744903564453,10.44115196800359,126,2523.528109634062,50.23473011407608,-0.2305876022239354,-0.7550301708551079,7.611857933250015,489.4614889705883,0.01143736366947614,0.1146922563908766,0.9028336617807371,0.002038943612552559,0.007466567531944194,120.0487060546875,10.13710033602589,126,2360.080696567893,48.58066175514588,-0.5288845497539006,-0.4292326011561496,7.507748937264931,490.1231004901962,0.01222967685734905,0.1160076719413662,0.8960169338392455,0.002036200091323329,0.007477346551788971,75.696044921875,10.11318544156047,126,3168.342334210873,56.28803011485544,0.6392830657208007,-0.5677867615512882,7.416453194145431,455.2930606617647,0.03007252968928564,0.1412317145965034,0.9278138691864173,0.002191718429965062,0.00694419428264677
39,105.89990234375,10.21725219575403,104,855.7513635158539,29.25322825802058,0.3415258959960867,-0.07377337095229919,6.893331525156202,586.8868566176471,0.01292291251142784,0.06956729491223046,0.6569289283863274,0.001701044973532671,0.00895518230502764,116.3505096435547,9.68976079340447,104,857.7550574184861,29.28745563237759,-0.3008721785011979,-0.2921797279263489,6.853187102635323,587.784037990196,0.01330471959212688,0.07021950624156602,0.6573075871058316,0.001698453988099969,0.008968872591331802,102.2980194091797,10.25529008519239,104,939.1533871905413,30.64560959078056,0.4136458267483122,-0.2021632491197223,6.935518115495326,586.1292892156863,0.01290428665470142,0.06945030574056747,0.6879158826621802,0.001703239810145779,0.008943623186578572
40,105.3932342529297,10.23092812303894,101,547.2154077158775,23.39263575820129,0.2437748851062997,-0.7048083246572898,6.458661894608658,136.0324142156863,0.02038938661748683,0.1308868973550799,0.8756842855808913,0.007298629454221728,0.002075642001862047,123.3319091796875,9.04680922093962,101,392.3974351733923,19.80902408432561,-0.3934999716665606,1.079998391405185,6.281700257982054,136.5917585784314,0.02291084976505542,0.1306606076799985,0.8260815048224276,0.007269087562413462,0.002084185696811756,104.7487182617188,10.3076782051279,101,602.8644087575376,24.55329730927269,0.2589237759009201,-0.7851631260371659,6.511733011026323,135.4878676470588,0.01987591764186401,0.1310896713280578,0.8875923402050943,0.007327725625088397,0.00206734012806647
41,117.359375,10.17630231991218,122,2171.338134765625,46.59761941092726,-0.2057691214543204,-0.5360474243850075,7.519874742005199,1777.971859681373,0.008526519223021412,0.04203237062864273,0.5912201843565825,0.000562125132856154,0.0271296713276029,121.4800567626953,10.1769747980448,122,2083.760374972364,45.64822422583779,-0.169070174505892,-0.2243770133905074,7.508238502329743,1778.385768995098,0.008582506253824338,0.04170420737440267,0.5741732311411484,0.0005619943919665789,0.0271359940318327,101.7572631835938,10.1135158636846,122,2853.480873759836,53.41798268148879,-0.1553917758010395,-0.8364432911388824,7.617658999567066,1765.326056985294,0.008636717690027154,0.04330195517787628,0.6909376858172543,0.0005661496560728569,0.02693673170062827
42,107.4426422119141,10.39003537448299,100,2722.42209460563,52.17683484656414,0.1894891890808655,-0.9809208439947814,7.53930470659665,583.5245404411764,0.01258572315839429,0.1119762103125535,0.8926395264688167,0.001710828994904686,0.008903877870213727,115.1359710693359,10.24105593601413,100,2032.497548855608,45.08322913074893,-0.299665844900106,-0.3993520054096864,7.383784338270465,579.8972886029412,0.01315398328141784,0.1125004954572504,0.8573020754007045,0.001721513707126398,0.008848530026503631,81.39633178710938,10.50722582005325,100,3138.101466036402,56.01875994732838,0.6095361190081445,-0.9255030117058594,7.404638575213455,579.6725949754903,0.01325217993395692,0.1120650468060961,0.907337914006754,0.001722180160204688,0.008845101193059772
43,160.0966491699219,10.49078109756892,163,3028.900662600063,55.03544914507433,-0.3692000897941548,-0.842587153336344,7.569656180018256,509.302512254902,0.01852594043308515,0.1639816310515974,0.915941167967346,0.001959693086241075,0.007771111015546945,162.8967590332031,10.49237074020929,163,2495.474021478556,49.95471971174051,-0.6240865742834046,-0.4284941638093698,7.471788022941437,508.1800245098041,0.01801323387926954,0.1639386036236505,0.8982460435547694,0.001964011410619714,0.007754044571489681,127.3699645996094,10.26041683190567,163,4236.164365208708,65.08582307391302,-0.0152718208369669,-0.9956663908982759,7.726675985484678,518.7945465686274,0.01708754269004364,0.1618253429284425,0.9387301152963377,0.001923900282005302,0.007915917730395012
44,134.6389312744141,10.04457153682517,141,2193.673477642005,46.83666808860345,-0.9534835070714552,0.8188986991679554,7.343173647017283,782.7609681372552,0.01291012261790985,0.1097024415116925,0.8219126982936102,0.001275920226881537,0.0119437744033905,121.7372131347656,9.786237621136314,141,2075.106541207992,45.55333732239595,-0.9960384562575759,0.6241747803387923,7.257687237995532,777.212193627451,0.01342116347217332,0.1110696274112547,0.8130366668091443,0.001285018732211233,0.01185906076890455,114.9651031494141,10.07689324473671,141,2850.740710310405,53.39232819713339,-0.6713730664692041,-0.5810725994955295,7.430960610651407,750.3624540441176,0.01577549413069277,0.1170917329873957,0.8685731117599471,0.001330943529197315,0.01144929468035569
45,145.8988494873047,9.92204493579866,144,1505.433631488821,38.79991793147017,-0.6528407422806942,1.09945635683741,7.173498990868816,483.6430912990196,0.01408049371573266,0.1056205818793935,0.8398543851075295,0.002063434044813596,0.00737979567019639,135.4772491455078,9.831463221076648,144,1325.412476783386,36.40621480988356,-0.91389202056587,1.739341967559487,6.994159325362213,482.2986672794118,0.01480473820140789,0.1069574931800408,0.8185336112591534,0.002069177304497165,0.007359282550373698,97.57662963867188,10.00180952866311,144,2227.985979705118,47.20154636985019,-0.1364419508111704,-1.15564870197957,7.269015899015165,476.5945465686276,0.01459380481173027,0.1057194577689177,0.8930679355543354,0.002093890235996869,0.0072722547947186
46,153.230224609375,10.43236447386809,162,3788.102025926113,61.54755905741602,-0.4634760356383564,-0.8491889658794376,7.727534786205895,720.8218903186275,0.01335248405607919,0.1296580751802485,0.9048736754677843,0.001385408938220659,0.01099880664368754,147.3229217529297,10.38983270593067,162,3770.538162337383,61.40470798185904,-0.4790953933652349,-0.7700591794940617,7.749127358516341,720.1229319852943,0.01309612745822799,0.1293078032955794,0.9045449047559657,0.001386751296784622,0.01098808383927543,131.7484436035156,10.44741733888019,162,4719.300824603997,68.69716751514575,-0.1002012956912399,-1.250743957470059,7.849267160751787,717.7050857843137,0.01263451567252642,0.1274767367504751,0.9239259234239505,0.00139141575542472,0.0109511739370778
47,96.15614318847656,10.41144896992346,92,692.1131467705127,26.30804338544607,0.574902825954021,0.1829850586679651,6.707173965464116,538.4956035539217,0.0143255787475776,0.0718674505109195,0.6110231944620589,0.001853632444397854,0.00821679068675214,110.4530181884766,9.80089957331923,92,740.1805930023547,27.20626018037677,-0.03504900363755414,0.008545247037592407,6.789212898138062,539.5990655637254,0.01381918505624526,0.07169590695277417,0.6356587666468843,0.00184984700692242,0.008233628202453885,89.83251953125,10.40463400083858,92,830.8553121089935,28.82456091788726,0.5645961098989741,-0.03652476148463224,6.827354398402834,536.7626072303922,0.01355562645510881,0.07143354765726768,0.6769668484808237,0.001859603465626416,0.00819034694401803
48,151.0315399169922,10.53186214490381,171,4106.319851791253,64.08057312314905,-0.7106170889107587,-0.674513025512721,7.666862029032774,567.6278339460786,0.01466707182135918,0.1470624159298013,0.9310452808145853,0.001758664867887485,0.008661280445627773,146.4708557128906,10.62866434973722,171,4082.889745092951,63.89749404392124,-0.8367790359911594,-0.5750054312099282,7.54803375280606,569.941574754902,0.01542867943750889,0.1473132533362693,0.9303715954737733,0.001751540031708096,0.008696588526670747,134.0460357666016,10.40876954882314,171,5171.994966279482,71.91658338853065,-0.3243286457599405,-1.225933175457617,7.79853992443859,568.1953125,0.01441031027470718,0.1458394270630754,0.9451313379179785,0.001756910669618127,0.008669964703389288
49,91.07853698730469,9.383621523978546,102,1973.537609407445,44.42451586013566,-0.9465041387814508,0.2274459404236233,6.309268221371443,525.5344515931373,0.1312392364707382,0.1993422570357907,0.8660022164926983,0.001899684455805422,0.008018976846897471,105.5607147216797,8.772365215806522,102,2580.479742677649,50.79842263966126,-1.125396457585434,0.1420196218146192,6.400082354818963,526.0717984068626,0.1295883415614023,0.1995469384473555,0.8974371693379161,0.001897741309955176,0.00802718372596231,88.71144104003906,9.556561389986774,102,2002.869812950259,44.75343353252641,-0.7015640000463514,0.07147357953719258,6.471138039521971,526.0668504901962,0.125249154337086,0.1972972762759494,0.8678819366682063,0.001897743502249361,0.008027105283970354
50,111.6908416748047,9.540574812296345,119,871.9636099727359,29.52902995312809,-0.4211149709255588,-0.9354430015709458,6.730098831881977,59.06927083333333,0.02880860845007494,0.2658857320168904,0.9661547299648847,0.01665543473423758,0.0009011700436449978,111.2378997802734,9.776115459203604,119,323.6708359455224,17.99085423056733,-0.5033688863398067,1.147199059939254,6.171563431527411,58.01438419117647,0.03474373447523607,0.2686094957016707,0.9104297453245493,0.01695500332414083,0.0008850944823034392,81.95646667480469,10.10909047971915,119,1931.393780508777,43.94762542514416,-0.2418974130633208,-1.549128012746706,6.863605434715076,61.31657475490195,0.02823169427666474,0.2626111210295285,0.9841365109959259,0.01605436829531168,0.0009354768117538144
51,127.4393005371094,10.53177883733397,141,4303.50241909083,65.60108550238196,-0.370807814834178,-1.224678059679554,7.594391814091881,606.245955882353,0.01872591776937802,0.196303060954142,0.9294906632817297,0.00164682996850837,0.009247581125314031,117.8598022460938,10.39528942532761,141,4422.000150498003,66.4981214057811,-0.2708858956810795,-1.305800252044576,7.635174158893368,601.890456495098,0.01829575188936579,0.1985528597013621,0.9318683107620014,0.001658726451669654,0.009180946381431774,103.9005889892578,10.23956288477634,141,4959.996724506607,70.42724419219175,0.05592388330986506,-1.428071247152516,7.616119904689648,588.9881893382355,0.01913536328758427,0.1952979808406596,0.9405532036885006,0.001695004158713828,0.008984086612083364
52,106.6172027587891,10.15017922529765,104,468.095089196926,21.63550529100085,0.3047171741921513,-0.3784538376370432,6.441736911566208,223.4538602941176,0.01820889361243049,0.1013094211986531,0.7614418453243748,0.00445562010206436,0.00340962460295357,121.2833862304688,9.30841425419681,104,465.4477378986776,21.5742378289171,-0.3336266915552772,-0.2110271141999247,6.411096112812468,224.1040134803922,0.01889320294420374,0.10162285905369,0.7594948056797116,0.004442763692097301,0.003419547748753012,105.4639892578125,10.21851705583117,104,536.8822481483221,23.1707196294876,0.3325114866959162,-0.4883622659276239,6.517684830245167,222.8073529411765,0.01781946869137132,0.1007301496813857,0.7926315435684637,0.004468484224812728,0.003399759683627685
53,84.69973754882812,10.40915435493036,83,1323.558859794401,36.38074847765505,0.1438694337804754,-0.9420552849342863,7.107274081301611,95.62608762254904,0.01835018120200938,0.1863184213378464,0.9638210948540641,0.01035113777100023,0.001459097029442188,101.7144927978516,10.16810230895764,83,841.2397594412323,29.00413348888796,0.07085976481184694,-0.7325855043357765,6.811995186135621,95.24053308823528,0.020578419458463,0.1870514311193341,0.9433918594380102,0.01039285461568086,0.001453204959307277,73.25474548339844,10.37442125291854,83,1843.605255495524,42.93722459003987,0.2527584064610984,-0.919433585517734,7.270633178384561,97.17961090686278,0.01781463510005405,0.1884967878319377,0.9735784088931456,0.01018726264168477,0.001482764390458004
54,89.95989990234375,9.384893867815249,102,1904.652017470449,43.64231911196344,-1.014351228298933,0.2002024450083879,6.284124864832577,490.3458486519608,0.1298857180495606,0.1973657602517999,0.8704364229309146,0.002035764460965901,0.007482069592657244,106.3607635498047,9.285128312957552,102,2785.003928640625,52.77313642982217,-0.9781932278839859,-0.1255341439100786,6.539295153793268,492.1011029411764,0.1306963389661366,0.1980586769612703,0.9111631766227093,0.002028519332209984,0.007508854406088395,79.39140319824219,9.471433555110186,102,1767.131120553007,42.03725871834422,-0.515746848852044,-0.2659755746069723,6.48346846436763,490.1055147058822,0.1279464568128251,0.1958349949361196,0.860546988843692,0.002036752928583302,0.00747840585144826
55,107.5854644775391,10.1255869754143,112,2062.48909474886,45.41463524844013,-0.3122256780848877,-0.1543025819178387,7.437940023511592,1741.408195465686,0.01024389043509132,0.0490747743797442,0.5783617781653141,0.0005739217031883728,0.02657145218879646,115.6442565917969,10.15025664507738,112,2128.769564791583,46.13859084098237,-0.3873660186802266,0.0953725675034165,7.453620570323894,1742.942723651961,0.0102597529447386,0.04945248318284626,0.5914013794536065,0.0005734167008762707,0.02659480338071511,110.7376403808594,10.04586801184089,112,2710.063216990791,52.05826751814539,-0.351376524880089,-0.4247731261708361,7.586762670541786,1735.117616421569,0.009018001950030377,0.04788532117736102,0.6800546226739302,0.000576000833651939,0.0264753915395148
56,121.721435546875,9.424499854621763,122,777.6664509177208,27.88667156398771,0.01810157997192042,1.177001685824884,6.77104423521657,98.78857230392157,0.02436588413566416,0.203185535568895,0.9365605599393342,0.01002363508804169,0.001507357275045431,126.1042022705078,9.605106553256661,122,887.1132416182663,29.78444630370466,0.1006785978402163,0.5687212470469989,6.88830112420052,97.80271139705883,0.02256421863944718,0.2028297853846968,0.9449366967916553,0.01012349169913437,0.001492302267937872,100.2629852294922,9.785636527634601,122,933.326850121608,30.55039852639582,-0.3410629484383215,-0.2967892044253202,6.895208840060608,98.41049325980391,0.02162737402255409,0.2000219345752456,0.9472842736828166,0.01006148919285597,0.001501604350926824
57,111.1658325195312,10.09739255579287,117,2280.38845416531,47.75341301064574,-0.2093935344206698,-0.5551999201102196,7.456685704694438,1716.679105392157,0.01389371642120594,0.06909488466428851,0.6235511526889539,0.0005821856280272513,0.02619389219953607,114.3199310302734,10.22612904328715,117,2304.351303193485,48.00365926878372,-0.2355331740518256,-0.3558022337838693,7.476979044767967,1718.798958333334,0.01402843403074655,0.06897974779579817,0.6270999895515534,0.0005814680560426543,0.02622620391184289,103.8296966552734,10.14871490310819,117,2741.28113165847,52.35724526422747,-0.1707915948182085,-0.7475851252087322,7.563499422565951,1711.13059129902,0.01317669119058082,0.06740496621339838,0.6877441559419653,0.0005840720919418111,0.02610910506711707
58,118.5292205810547,9.888732632701457,117,758.6577765287366,27.54374296512253,0.2121162065449053,0.2438643300661112,6.820095024132913,717.4675857843137,0.01269632388191082,0.05719723079949456,0.5270118694717316,0.001391875836144719,0.01094767346078733,127.0191497802734,9.826372775786137,117,847.6658472751733,29.11470156596446,-0.3538911905364298,-0.01159828264077989,6.85831186164897,717.9682598039217,0.01276509598959437,0.05708364200877354,0.5763856097242285,0.001390906679705173,0.0109553131400416,111.8644714355469,10.18289173956433,117,839.5899083754048,28.97567787602914,0.4005351299814957,0.0448122374322768,6.870538270106171,716.5075674019606,0.01245770836708242,0.05716100951389029,0.5733232473901586,0.001393737722375627,0.01093302838919668
59,122.0405426025391,10.25497911054026,119,1471.504932835465,38.36019985395625,0.5813990841408538,0.01447967851576371,7.208230644288381,69.7537530637255,0.01986563172370108,0.2082167606584419,0.9763004140469378,0.01413749528415675,0.001064356124194705,122.9980926513672,10.26855055463837,119,1318.654522118857,36.31328299835829,0.5195928239532335,-0.08709489252200253,7.138828623061232,68.67954963235294,0.02037277243960579,0.2089206565464795,0.9739588873751276,0.01435561034565524,0.001047965825769172,110.0198516845703,10.16391912970559,119,824.0585811303463,28.70642055586775,1.401255655667126,2.9978564086325,6.671005136114593,65.12279411764708,0.02538344178881833,0.2049321700857016,0.9605621619887066,0.01512918569388445,0.000993694949598667
60,82.604736328125,10.31169060507372,83,1038.245530545712,32.22181761703879,-0.02506062326727106,-1.09131461330059,6.929815282005505,192.6825520833333,0.01638112165220216,0.1413842724138135,0.9070931073152048,0.005163524404052272,0.002940082323176357,88.08528137207031,10.21813104370693,83,1043.66684512957,32.30583298925397,-0.3042261051579901,-0.8287604451457495,6.957497663239466,192.7525888480392,0.01648645884790357,0.1413335311405998,0.9076505337135762,0.005161660566449957,0.002941135992963828,67.50686645507812,10.30219359510846,83,1672.407393037342,40.89507785831128,0.3783814845604068,-1.146873650322806,7.115628817109513,190.5089767156863,0.01605643549767518,0.1421854178288981,0.9428351411261476,0.00522212517589068,0.002906886952879427
61,150.3363189697266,10.31792071664825,154,1090.899905297672,33.02877389939978,-1.455864456667471,3.882922224799808,6.846726958950286,556.6923406862745,0.01406086458301877,0.07241195132530949,0.7454485151275945,0.001793148552100207,0.008494450809825778,140.5824127197266,10.02003075021986,154,1071.955000135815,32.74072387922745,-1.445635678169154,3.642902887881219,6.836898331072875,556.4772365196079,0.01390210805517593,0.07278235562418309,0.7409732690291229,0.001793839950129779,0.008491168120336711,105.4541168212891,10.34795854126212,154,2785.025116413599,52.77333717336435,-0.1727269958674168,-1.304331073736101,7.424342167978275,558.9618259803922,0.01158250325828495,0.0739578183535619,0.8997694292211146,0.001785872962194427,0.008529079027433823
62,83.39578247070312,10.71789582966848,84,500.1573821147904,22.36419866918532,0.09774109216780966,0.5991309879432625,6.50796706597654,497.9484834558823,0.01621143644241856,0.07765624780777226,0.5019410102532026,0.002004280051784337,0.007598055186135403,90.94679260253906,10.540464631757,84,623.8252787140664,24.97649452413341,-0.3092264967088331,-0.1280592732636792,6.642003215153496,498.7184283088235,0.01517295936639442,0.07779491931563967,0.6003823558223558,0.00200118768347961,0.007609806099429623,82.07608032226562,10.61942926112469,84,514.2541605150327,22.67717267463104,0.4653902824535338,0.625200289504368,6.519906569140429,497.0451746323531,0.01595387798112817,0.07758224751046779,0.5163770590513584,0.002007914311705015,0.007584268457522299
63,133.5459289550781,9.570087688686067,135,688.7706566443667,26.24444049021367,-0.2826370069400098,2.497664893410271,6.600780393612045,54.10107230392157,0.03203515084765539,0.2729115256333077,0.9608438398870265,0.0181590245934449,0.0008255152525763382,127.9660949707031,9.418029506492122,135,845.9871927341446,29.08585898222957,0.03032373591589558,1.043580335346671,6.743667542085431,54.99083946078431,0.02968024292105678,0.2779318094787717,0.9675792434561301,0.01786953690696228,0.0008390932530451169,105.0437622070312,10.00114434370356,135,2063.155128326267,45.42196746428172,-0.7126660034317231,-0.9342511040948924,6.87015267643786,52.66536458333334,0.02928149125929429,0.2727762252917347,0.9872626376361471,0.01864416531466991,0.0008036048126524054
64,114.5462493896484,10.11910500048014,120,2098.658505525207,45.81111770656995,-0.3539795333363407,-0.3526799513487453,7.446143503251224,1776.990027573529,0.009455949376662009,0.04709922746212775,0.5771171005926098,0.0005624358420781384,0.02711453114952054,118.0306701660156,10.15644681299687,120,2146.715093276463,46.33265687694225,-0.2947478537700918,-0.1916396794168458,7.489850757089521,1777.540058210785,0.009348881903034699,0.04649328786487333,0.5866871337286477,0.0005622618686057685,0.02712286526877583,109.0063171386719,10.07652755023789,120,2520.479543833993,50.20437773575122,-0.3678214506653205,-0.499885393034794,7.539026959668802,1770.943428308824,0.008884777510102733,0.04540158438404204,0.64891233436606,0.0005643549326642087,0.02702219381773403
65,132.266845703125,10.33275266266887,141,2420.294180333614,49.19648544696678,-0.6939230491450403,-0.1132510987162472,7.505676504299469,624.4545036764706,0.01286410869884971,0.1136437531894072,0.8713103417175053,0.001598870201048777,0.009528364753640646,129.4405670166016,10.20460319618561,141,2144.746193062281,46.31140456801414,-0.9206381463465226,0.3640188846224097,7.355692474078729,620.6078125000001,0.01358476403769219,0.1158137498960621,0.8556420612922441,0.001608766547981483,0.009469667039811612,114.8965454101562,10.2467229303103,141,3485.27527737245,59.03622004644648,-0.2680105620254943,-1.021263698246167,7.655121257765888,610.362806372549,0.0145331395943928,0.1198597786321151,0.9125487354175967,0.001635728837037132,0.009313348981665333
66,114.0199279785156,9.64926932143051,114,936.3339534616098,30.59957440000775,0.3537456157698453,0.6097544881382091,6.862777368111406,93.41786151960784,0.04080118650202574,0.419551885402944,0.950254852526046,0.01059579516961515,0.001425437777017067,113.1655120849609,9.699456299950448,114,924.3924208132084,30.40382247042645,0.3267479171364472,0.5875150713764499,6.869769096513924,93.79882046568628,0.04131958326848374,0.4200976468932742,0.9494186964200816,0.0105532542615373,0.00143125363664973,110.1076507568359,9.952005032896873,114,931.9726489854511,30.52822708552613,-0.6889103000608388,0.3636879683018144,6.809376602455204,89.8780943627451,0.03937454062920493,0.4098937222504095,0.9518365125999302,0.01100852149786172,0.001371425880632667
67,110.470458984375,10.10962253367738,108,556.7790345549583,23.59616567484977,0.3749092665189828,-0.06610086333809528,6.56958097233596,498.5327665441175,0.01441348534354735,0.0642386356487823,0.5524694472824089,0.002001928445424584,0.007606985752525575,125.4273071289062,9.401727850361636,108,462.515925463289,21.50618342391995,-0.003264435016371113,0.2936087117708701,6.464597005268365,499.5492493872549,0.01525076881716492,0.06378123400590521,0.4601268886616103,0.00199786628432869,0.007622498447406338,107.2644653320312,10.09071101213729,108,730.7077070139349,27.03160570543183,0.2151125334666356,-0.3883670916486079,6.769134819834392,498.4641390931372,0.01310329281820942,0.06400366519707945,0.6591406379631278,0.002002198270342162,0.007605943707047444
68,169.6780090332031,10.51650430480437,179,1508.977925821207,38.84556507274939,-1.35719143476392,2.343780758905988,7.081573685425206,909.2108762254903,0.01237566873452818,0.05656534336998491,0.6994118453475274,0.00109866144515544,0.01387338453027972,156.7341003417969,10.51509389910671,179,1679.92258350458,40.98685866841444,-1.250702589791926,1.755243155619271,7.175596923336407,912.9013174019608,0.01189092606794223,0.05651252239707138,0.7289639476698749,0.001094224280344465,0.01392970310693828,131.8217163085938,10.49052364878805,179,3352.25807088241,57.89868798930085,-0.430497084805854,-0.96258716851277,7.614864064744107,901.737775735294,0.01029972383232691,0.05873039051568436,0.8656402250178957,0.001107754030505773,0.01375936899011935
69,117.7375030517578,9.793406576770398,126,2292.552906265249,47.88061096378418,-0.8191470387128634,0.1345207605941736,7.2315951818335,379.5311887254903,0.0214026499184801,0.1989984136023713,0.91741786707387,0.002628053302685343,0.005790879585934529,114.9040832519531,10.31330045425642,126,2472.271287037991,49.72193969504801,-0.5360213512902724,-0.1419848158251407,7.377971995732187,381.4780177696078,0.02024182587544816,0.2005491269702734,0.9230542874762632,0.002614667717325013,0.00582048548872825,101.7727203369141,9.698339292589205,126,3111.269617758458,55.77875597177172,-0.4217731379579898,-1.000672230992223,7.417762109475296,361.8515624999998,0.02812488319105138,0.2144211491578129,0.9418682987003414,0.002756161527404238,0.005521102564016223
70,169.6780853271484,10.51798198069806,179,1509.096398409223,38.84708996062927,-1.35755770042496,2.345247405675108,7.081651044851285,909.0398590686275,0.01238578999811295,0.05657311462621771,0.6994920187419198,0.001098867923621272,0.01387077501555708,156.7338714599609,10.51095518176192,179,1679.86824725545,40.9861958134132,-1.250662472423269,1.755448222265599,7.175544736589469,913.0306985294119,0.011882279254811,0.05652463992586752,0.7289168644780655,0.001094069380434189,0.01393167736752819,131.8217468261719,10.49020364714593,179,3352.266748755239,57.89876292940324,-0.4305016774603673,-0.9625846615016767,7.614906540902211,901.3355392156863,0.01028346660263001,0.0592721331697396,0.8657005819797898,0.001108247822643321,0.01375323117557041
71,144.7758636474609,10.40427102640162,147,3123.323160722619,55.88669931855539,-0.215045520333925,-0.9744198664665804,7.681282607037258,893.8368106617647,0.01174042633529166,0.09942096285708103,0.8568176576500592,0.001117536860849125,0.01363700778967629,135.9043731689453,10.39463987870709,147,2882.905360514065,53.69269373494,-0.4392507230639688,-0.6590971598560573,7.622914416613166,889.9863511029414,0.01199793784670054,0.1002163374839713,0.8456433199024372,0.001122366762239118,0.01357883401455337,93.19303894042969,10.22127993935362,147,4071.340650396189,63.80705799828252,0.3365592256023719,-1.132912939097313,7.588668191992042,863.6598805147061,0.01714204377962471,0.1088780421228485,0.893700553170028,0.001156547040189623,0.01317580350900269
72,114.9592895507812,10.59688375478848,119,4313.358816292137,65.67616627279745,-0.105018011815177,-1.255836116319424,7.578638013437456,546.4806525735296,0.02810956032591344,0.1828522376630363,0.9366829176995527,0.001826642350578836,0.008338623549248515,114.181884765625,10.17765322872324,119,3770.335722863674,61.40305955621164,-0.2396295421227157,-1.053177206394017,7.520270230042733,543.9589154411766,0.02830096418148152,0.1847001836170596,0.9279345889702433,0.001835096016691527,0.008300133793629486,99.23001098632812,10.00573565979783,119,4263.08216574695,65.29228258949865,0.1026966085454069,-1.273864970710319,7.585631953284152,540.8261795343136,0.02484793756978212,0.1828553422626291,0.9365712067358953,0.00184569498390286,0.008252327504898295
73,135.7346649169922,10.45435767325528,147,2966.425584232202,54.46490231545634,-0.3923202832240038,-0.7375899818571132,7.662094754854406,1146.10931372549,0.008881607563991532,0.05640939846093176,0.8070444177522716,0.0008717632493204364,0.01748804756216433,137.0996398925781,10.2789211244382,147,2104.001210807823,45.86939296314943,-0.7790455887412343,0.5655581193450026,7.391351304709784,1147.33509497549,0.009863816354010643,0.0566129795079386,0.7277895298029566,0.0008708334301690693,0.01750669136829245,108.3392181396484,10.4747104358937,147,4027.708371605491,63.4642290712295,0.04667177741778887,-1.283295111526082,7.745896759050666,1144.006418504902,0.009537195869633159,0.0580760568184718,0.8580012545446171,0.000873364824240165,0.01745586843028599
74,108.6371612548828,10.54113921000603,102,1155.821091575315,33.99736889194979,0.9103492152546637,0.8090604473619334,6.953289449377002,81.2997855392157,0.0290692177158766,0.2661874880969071,0.9649382546637847,0.01215499323103219,0.001240477720930777,106.3652496337891,10.5130018842462,102,915.2810977098998,30.25361296952646,0.63630624607477,0.9010978565853014,6.823342850948929,79.01395526960785,0.0310294973722412,0.2674520065340832,0.9569744569761581,0.01250266841760281,0.001205616732142645,94.05891418457031,10.27210438712726,102,942.6086659596767,30.70193260952275,-0.7434271714911141,0.2318486771155062,6.819886695372692,75.84635416666666,0.03003957455197635,0.2648394123570233,0.9598200638296908,0.01301806791057185,0.001157250236096817
75,142.8321228027344,10.17093889701806,148,1286.596756211482,35.86916163240343,-1.394636372066214,3.09419367660252,6.92582097268021,844.8405330882355,0.01302910276622968,0.05854030413322417,0.6723772500089913,0.001182274157896359,0.01289116935779422,133.4938659667969,9.841728463061,148,1354.798149629496,36.80758277351959,-1.233129854541688,2.372880618961505,7.016819019680836,846.4646446078434,0.01203654267575435,0.05858996553292083,0.6883406915433656,0.00118000698857145,0.01291595956261217,110.2406158447266,10.11345777655902,148,2450.026927623665,49.49774669238656,-0.4216248532441613,-0.751318036416956,7.454337071959962,830.9713848039218,0.01176827569792998,0.06350054242930456,0.8306198855451331,0.001201981418488809,0.012679581458579
76,130.9978942871094,9.79390748268008,132,1377.663722372614,37.11689268207421,0.2404114526315387,-0.09569997045417722,7.097682267092739,76.66351102941178,0.02887334127306547,0.2599353899814677,0.9721984966729313,0.01288084841739119,0.001169781922386019,133.0872650146484,9.734419674104952,132,1215.988036062336,34.87102000318224,-0.08284897470228875,-0.04967364327064594,6.923805766039496,76.82265625000002,0.03085517625460063,0.2617029450305804,0.9684186085938564,0.01285482513834608,0.001172213313044097,117.4320983886719,9.775619885236178,132,721.6595434239134,26.86372169718696,0.1017329232311183,0.8824780594998045,6.673742782306268,72.09036458333335,0.03061494285584897,0.2582095943314994,0.9501366540460721,0.01368742713903261,0.001099998970805699
77,171.7937774658203,10.56228547188763,179,1274.549742163857,35.70083671517878,-0.7058315177862758,-0.4147291256164403,6.959950609476396,185.2469669117647,0.0186115839001739,0.1437579649217694,0.9274562114446735,0.005369751551741135,0.002826240553059792,169.9163970947266,10.40916534918154,179,675.4249716138002,25.98893940917559,-0.8737913257423184,1.089904965485337,6.600346800742691,182.8007352941177,0.02092988727108475,0.146928638967396,0.8647918332797627,0.005441294258562458,0.002788853337318679,143.317626953125,10.76234472430816,179,3132.600712239742,55.96964098723291,-0.4333696648155835,-1.334745875044056,7.249787964727419,185.3747549019608,0.01728997404376768,0.1444443052167546,0.9704580812104828,0.005366031354777226,0.002828118435147633
78,133.2794952392578,10.10731374489262,140,1921.546439906349,43.83544729903357,-0.878928503255085,0.7216374160439529,7.30634595892221,557.5192708333333,0.0158352527880273,0.1446171452415163,0.8552426816040062,0.001790499281281115,0.008506784437010147,123.6823120117188,9.858636746825566,140,1854.378413941711,43.06249428379307,-0.9802875957902053,0.6195590620917706,7.221899493954962,555.255269607843,0.01624915780024085,0.1444521217724179,0.8505842066361227,0.00179778829466318,0.00847226250472721,116.6009368896484,10.35559989071998,140,2929.288090552902,54.12289802433811,-0.5608888266669367,-0.788139819284952,7.505950567291441,538.7225796568628,0.01555357509729327,0.1443285261143459,0.908197351170564,0.001852857108902081,0.008220053332335374
79,114.0243072509766,10.26077299838633,124,2733.596287209308,52.28380520973304,-0.3295150676829441,-0.7798839879061785,7.606469482348825,446.1176776960785,0.01180864493791935,0.1117259191795791,0.9184107879034494,0.002236606739522846,0.006806415902885369,106.7946166992188,10.02824989210169,124,2534.194389965385,50.34078257203979,-0.35633706038779,-0.6770582246568302,7.539220288402793,442.4578278186275,0.01254368313286133,0.1154566848879209,0.9127013736944664,0.002255069646189878,0.006750478490994458,77.20060729980469,9.848649419374324,124,3322.433221677085,57.64055188560468,0.3664451870451174,-1.103587483203717,7.466645919648083,419.3026960784314,0.02149733458220515,0.1273924326733962,0.9367938763836633,0.002379359350332192,0.006397167452937225
80,71.33538818359375,10.76966939179628,70,397.4669215045869,19.93657246129803,0.5366750000752547,0.4145621132842767,6.313965311896052,236.2074295343137,0.02068788435504827,0.1216036555468198,0.7028769621716872,0.004216087261217176,0.003604212440675649,78.44326782226562,10.87636794332887,70,491.4413005029783,22.16847537615021,0.01222786263252544,-0.3624980948097614,6.403269569846156,237.4142003676471,0.01996797043591283,0.1218135255053477,0.7585555000265236,0.004194732355495101,0.003622631376454523,67.51084899902344,10.66185659991854,70,374.8471723382827,19.36097033565938,0.6958621480886762,0.5805418115764676,6.240257445087544,234.4769761029412,0.02229552420163521,0.1211410640758734,0.6872440611066247,0.004247101809749691,0.003577814555362795
81,131.4481964111328,10.46618220024058,142,3622.795442608884,60.18966225697636,-0.3710029023762144,-1.015467979988411,7.718782444006015,496.3728707107844,0.01354298358870203,0.1455127490538827,0.9313646426536258,0.002010618770476756,0.007571141990080694,126.3213806152344,10.34454508603976,142,3435.277787498198,58.61124284212201,-0.4359841440364866,-0.8631030716898094,7.689973927570918,495.8945772058825,0.01376139755046889,0.1466951924663558,0.927661087127912,0.002012555059855123,0.007563634705183736,94.20018005371094,9.992246292096391,142,5042.362470060354,71.00959421134833,0.2250739602758448,-1.39460703803092,7.533891742639891,468.1095588235295,0.03466533976697605,0.1701704648315537,0.9534960396099837,0.002131855731124557,0.007139540064889439
82,162.2276000976562,10.53888586304904,173,1739.887163039297,41.71195467775751,-1.260123258563751,1.431629091137173,7.137934768397544,399.7602941176471,0.01547296637135259,0.1035044419507034,0.8852175515682014,0.002495353519796363,0.006099669900319981,157.34619140625,10.63481279402992,173,1543.818261861801,39.29145278380275,-1.534652814399647,2.325020243803404,6.95268834433959,397.3051776960784,0.01666183665685593,0.1032464047824094,0.8714630107718586,0.002510742740955545,0.006062166166149139,131.4480895996094,10.56936115683781,173,2408.974417126738,49.08130415063089,-0.4432188253873559,-0.6393811853870601,7.472767075609318,397.5641390931373,0.01271540201453512,0.102175646876205,0.9174731804931737,0.002509086508181689,0.006066127532129189
83,134.7743682861328,9.639313594709348,134,901.1219571509864,30.0186934617579,-0.39001033196908,2.008113296383755,6.861000226193412,512.9816789215688,0.01385534075143168,0.06787259833420024,0.7160098290448197,0.001945647089409203,0.007827433750050565,132.5525512695312,9.957402865515279,134,1070.556961264461,32.71936676136109,-0.2001021314699782,0.7915094963822287,7.008617779789623,513.4353400735295,0.01246646428952365,0.06938996384712469,0.76061403380367,0.001943926001936704,0.007834367030445214,111.0310974121094,9.920942992643454,134,2042.39942357596,45.19291342208378,-0.4747038386122075,-0.7022933882978517,7.31247041263548,495.7402113970589,0.01186275142804887,0.07133556064625877,0.8788761965059768,0.002013172799029045,0.007564372739184222
84,120.3686981201172,9.419293962653613,119,317.5917991229799,17.8211054405438,0.2698930951135735,1.26348020775198,6.119325387471112,58.59505208333333,0.03348932253307087,0.2265109103982316,0.9080036696911954,0.01678935128038881,0.0008940785365291612,115.9826965332031,9.943133598706131,119,515.6339168986306,22.70757399852813,-0.01070455809630437,-0.3204035988811742,6.393818820558991,60.00597426470588,0.02968083588622444,0.2303526290015545,0.9419342761586987,0.01639981612144635,0.0009156063284405559,75.81085205078125,10.78369112988524,119,957.213643219322,30.93886945606323,-0.04939621880494377,-1.493318316505327,6.509119391429095,57.16738664215687,0.02819801079722667,0.2236028671217886,0.9701166388339434,0.01720010243590862,0.0008722972616041992
85,132.3721618652344,10.4791634308726,149,1959.833785585128,44.27001000208976,-1.003006312435827,0.206839613350331,7.174689608766631,549.3418811274512,0.01873783125885883,0.1357133998344012,0.8601823930668782,0.001817114203139708,0.008382257920006339,125.0209350585938,10.40418963039575,149,1974.610615190119,44.43659094924045,-0.9331408871138731,0.123541041655391,7.226585791642412,546.1311734068628,0.01780510895463271,0.1367738427953003,0.8620431434476824,0.001827774750068785,0.008333252384533238,104.3883666992188,10.54631798297619,149,3115.821064617485,55.81954016845253,-0.1552657837309718,-1.250769939057921,7.443271639749738,538.493612132353,0.0166773778162481,0.1373851459903086,0.9136180547104654,0.001853647367621013,0.008216720995636816
86,119.1314086914062,9.896334622719856,121,1163.605839665979,34.11166720736439,0.1558743558907083,-0.1351408275696566,7.105042974987391,403.9562193627452,0.01270508158664548,0.08021805406117868,0.8267490436315904,0.002469480223124859,0.006163879089137652,113.6921997070312,10.10604176115085,121,1374.457993354648,37.0736832990013,0.1146982717404476,-0.7028225738032114,7.201700427016679,406.4510416666667,0.01205966182150191,0.08035938465958199,0.8524295509177582,0.002454355238861529,0.0062019477177788,105.4210662841797,10.20966198637235,121,1516.471918882569,38.94190440749617,-0.2287539943782912,-0.8977428975398238,7.217025207084149,397.0466299019608,0.01208048367045898,0.07875003710819721,0.8692823717459849,0.002512344723495624,0.006058446885928403
87,133.10888671875,9.255722337888802,130,708.9075162410736,26.62531720451559,-0.00412092972326794,-0.1794104787430371,6.603720080621988,110.18359375,0.02911653231076506,0.2516406948157263,0.9225629719425923,0.008996488715803693,0.001681254946697261,116.9473114013672,10.53790779093989,130,953.6629191020038,30.8814332423546,0.1954388040845128,-0.3114704786260609,6.676246759974029,110.8064031862745,0.02903349931552043,0.2532319086243334,0.9421156621291781,0.008946354729947356,0.001690754765262974,90.06375122070312,10.04098960102881,130,724.6351569732651,26.9190482181905,-0.398931520283921,-0.4946297304772242,6.628935117280168,108.9171721813725,0.02665312637761605,0.2418557619725887,0.9247543024980287,0.009099966117182029,0.001661910737464716
88,113.6663208007812,9.70303064567651,114,427.4327255748212,20.67444619753625,-0.2164565373678269,-0.209926435913927,6.389890593277528,137.9047794117647,0.02106695040796798,0.1365905673586911,0.8386834438433969,0.007200268356004971,0.002104236142568775,127.0145721435547,9.360854399720862,114,484.572495782515,22.01300742248807,-0.556912991796182,0.2256800530143757,6.379940718216476,139.4356617647059,0.0230175312534147,0.1371316694910316,0.8562984155880916,0.007121865736944477,0.002127603348824369,112.4839019775391,10.06803713263422,114,463.6004488614853,21.5313828831658,0.02673805188344189,-0.5232622500533308,6.402539757308969,136.6159620098039,0.02096286863249744,0.136951107755768,0.8526221047293501,0.007267705993980258,0.002084579565381486
89,128.1965789794922,10.30284008387713,137,2510.195807998767,50.10185433692816,-0.5924182971926633,-0.2594957629065076,7.50387587100593,598.7592064950982,0.01329711571003376,0.1154075031825503,0.8804039224632778,0.001667372772971126,0.009133845440486947,122.2956085205078,10.15972671862144,137,2169.136996095767,46.57399484793812,-0.8598802370826272,0.1892072618041536,7.308477508906545,596.7734375,0.01424325947441786,0.1153616618734479,0.8619701213684712,0.001672914460597358,0.009103559921755213,75.44540405273438,10.13893656494451,137,2636.10154198762,51.34297948101201,0.3896361166133229,-0.9217125609686909,7.432849403744239,590.2471966911767,0.01683469067673001,0.1220488956657721,0.8874887288773089,0.001691388102289568,0.009003776136477097
90,149.5697021484375,10.36835754277242,161,1985.778131112456,44.56207054337193,-0.7852027845000602,-0.03714726389587808,7.333547577857614,591.8399969362746,0.01191036829646827,0.07847287487959596,0.8512911175429552,0.001686829660499448,0.009030659223649967,151.5437774658203,10.31303931473291,161,1584.115728797158,39.80095135542815,-1.165173805082846,1.330689961454881,7.138911278911197,592.3495863970588,0.0127540246418843,0.07778079602736054,0.8134610233667736,0.001685383319288587,0.009038411180060164,123.9260711669922,10.53933106936339,161,4163.730603253236,64.52697577953919,-0.2239844443677606,-1.410487551363024,7.581997449557435,585.4767922794118,0.01171084772972184,0.080176695722957,0.9297712471760099,0.001705131356770286,0.00893356761843559
91,131.0656585693359,10.10854103858272,138,1343.577308214968,36.65484017445674,-1.026985464247548,1.474186251956544,7.030082455513981,528.6242493872548,0.01382269962787309,0.08894375320760203,0.8036324148765659,0.001888180348439055,0.00806616538398323,132.9102935791016,9.60597071939708,138,1102.214471678948,33.19961553510745,-1.588732709770482,3.597480175857249,6.699947174651762,529.1091758578431,0.01624767026947709,0.08987456163959263,0.760661718961221,0.001886461687800803,0.008073565304642405,99.51838684082031,10.32572024883623,138,2817.429929258069,53.07946805741434,-0.08468662953693053,-1.35973326246335,7.350151371632626,517.899923406863,0.01298060032770438,0.08953299852429414,0.9080818009736477,0.001927202088746422,0.007902521251173392
92,128.3379821777344,10.66512700730897,150,4664.146327129565,68.29455561850861,-0.4412047541838953,-1.204642311022655,7.649600595083644,698.9792279411764,0.01497281233077663,0.1535340477801987,0.9251171556108848,0.001428644381013321,0.01066484541833825,122.7458648681641,10.48728463607649,150,4480.931890554493,66.93976314982369,-0.4502087954561164,-1.140005929695905,7.6341695827538,696.9642769607846,0.01488530821949482,0.154760414156915,0.92228781508384,0.001432768639044525,0.01063404616044375,109.1339263916016,10.18719519410773,150,5345.971306275344,73.1161494218298,-0.1540399896310858,-1.437527634917179,7.599848318046003,670.7548100490199,0.02134350470177363,0.1644300349405194,0.9372808021959397,0.001488685691282324,0.01023405763790762
93,120.0616302490234,10.23338273457916,118,724.5794078891631,26.91801270319121,-0.04037942955488829,-0.8991879815205022,6.676643872295523,78.26496629901962,0.02340451671206802,0.2046848751427623,0.9460554448315439,0.01261964021793513,0.001194225679112685,132.8207244873047,9.812590969174263,118,434.2350569458213,20.83830743956479,-0.2817475245942155,-0.2767042611081498,6.365585296968747,77.70347732843136,0.02795085811420991,0.2068648353272336,0.9106001797492228,0.01271043289907036,0.001185657731649458,116.0372924804688,10.29822490914317,118,947.0056588314474,30.7734570503778,-0.08413967044231772,-1.04192912514285,6.825643828214099,78.02441789215686,0.02241015198705919,0.2041559175048987,0.9588499626622352,0.01265790615459934,0.001190551743283724
94,126.2100524902344,10.52388698464712,131,3905.028753927909,62.49022926768559,-0.3521394054105363,-1.137408367705064,7.570329922240151,497.3059129901961,0.02137186256894222,0.2063271951973802,0.9363700852964696,0.002006885458932725,0.007588195288478642,127.1019592285156,10.37241855356747,131,3387.241526923142,58.20001311789493,-0.6071011216020523,-0.7088444188308056,7.527051662008643,496.1462775735295,0.02094292245956603,0.2082337218525643,0.9268512085887055,0.002011565153286536,0.007570477454750865,108.1729888916016,10.44211645311944,131,4340.579770277953,65.8830765089029,-0.07188181328071364,-1.372704754524482,7.609212399987323,489.6608915441177,0.02098876696497132,0.2108799395415078,0.9436005151641614,0.002038154651384311,0.007471476708954541
95,156.4334259033203,9.950358199376465,153,802.0928884462919,28.32124447206181,0.4542087008387835,0.214887176032994,6.785419982373559,113.8285845588236,0.02149464913062222,0.1729775993567522,0.9292274508931405,0.008710263458350858,0.001736825876659794,155.9208374023438,10.11690093706133,153,692.7628983221948,26.32038940293617,0.4809211149996362,0.7494731543344684,6.662093112554328,113.8973192401961,0.02287601987319583,0.1723645296707675,0.9180192215607205,0.008705156447044142,0.001737892821926003,140.6981658935547,10.24188432164745,153,681.2855898977723,26.10144804216372,-1.085486092316466,1.831850167882226,6.603152894031387,114.2106770833334,0.02385277051766155,0.1699989347866185,0.9162430623527515,0.008681548484089426,0.001742677044167095
96,148.9928436279297,10.29835159296023,154,1389.559686945518,37.27679823892495,-1.139365581283187,1.738322948908211,7.038022175136535,430.3301470588235,0.01472790235087505,0.1056763641805863,0.8455226939429666,0.00231848887284324,0.006566242617524527,143.5768127441406,10.11533978059823,154,1295.284566110931,35.99006204650016,-1.018200015380531,1.482527918550249,7.04461069125494,430.8152879901961,0.01463345111982401,0.106544050627223,0.8341046455830186,0.00231588347420975,0.006573641045775976,126.1979064941406,10.36278872392556,154,2814.057817882858,53.04769380362221,-0.7164564808541722,-0.6070018460409088,7.374183786463499,424.2948223039216,0.01426035046329257,0.1098330793674404,0.924758838191879,0.002351388917016709,0.006474196273204754
97,114.169677734375,10.60734545434863,96,1874.921557366848,43.30036440224087,0.7055635722362279,-0.8693797851465233,7.016911543632999,117.9475949754902,0.01977704217088054,0.1936590524921947,0.9686036952265661,0.008408461681863882,0.001799722673086416,117.4325561523438,10.65005375664983,96,2018.459806796163,44.92727241660864,0.6178012440893199,-0.9981676279431282,7.070742324819149,119.1908700980392,0.01955446644949126,0.1967825284211639,0.9705258096000587,0.008321453374661463,0.001818684251511363,81.0723876953125,10.72619263746898,96,507.9480681270361,22.53770325758674,-0.303079346271931,0.3145068349684759,6.50343463986359,114.487331495098,0.02297066878380428,0.1836865047022095,0.8874042828889961,0.008660681034767404,0.001746911296831506
98,104.8334197998047,10.37730951915983,105,2875.134833434364,53.62028378733522,-0.07658298371753432,-1.0304518682763,7.623664575141993,753.2526654411764,0.0111961876867244,0.09094613565469988,0.8686805331084819,0.001325835346854834,0.01149242683917124,107.3435821533203,10.0598391219333,105,2466.985421152553,49.66875699222352,-0.3647929995012367,-0.6085274972210493,7.508999732116698,750.6927236519605,0.01170389252633182,0.09147987475092553,0.8474875635032871,0.001330351537038992,0.01145313017465237,86.80189514160156,10.07002536077251,105,2902.293441843009,53.87293793587843,0.2018180839997665,-0.9696039508175951,7.562357591511897,730.9029411764706,0.01332986436747994,0.09684100440349148,0.8736196871349297,0.001366326266343963,0.01115120573300884
99,115.4544372558594,10.01957617558154,113,963.711699671112,31.04370628116289,0.5675118111384954,0.4277620860215228,6.915244006668924,234.8256740196079,0.01735395643856903,0.1242424089201152,0.8784548170057677,0.004240732471747035,0.00358315541256063,112.8381500244141,10.25220670439152,113,1244.507297627395,35.27757499641089,0.453058634477835,-0.4196576737770119,7.072428856904501,236.7572303921568,0.01625200250411742,0.1262856501693517,0.905101802072403,0.004206258453101089,0.003612628633436425,103.5155029296875,10.09248159842034,113,1322.785556778312,36.37011900968034,-0.3956093142808289,-0.4526032423830655,7.125290764620929,225.8617953431372,0.01610610718122962,0.1247575354742758,0.9147380911052427,0.004408283019915971,0.003446377478654524
100,99.32572937011719,9.073810123171368,110,2112.354608995607,45.96035910429342,-1.289053795043999,0.5498302086042282,6.099839649542345,197.4463235294118,0.1286221436436819,0.2458758805612493,0.9529248275352474,0.005042414232377561,0.003012741610253146,113.1876220703125,8.971257407557552,110,2651.811294540763,51.49574054755173,-1.430846089318868,0.7010411484335983,6.074225847146378,198.6005821078431,0.1293302101105873,0.2453365576710963,0.9622850498687888,0.00501325374201137,0.003030370246076162,98.03805541992188,9.285965566064771,110,2160.534470974468,46.48154979101351,-1.128920072006648,0.2915405214066626,6.225343861229306,197.6635569852941,0.1281399770939391,0.2445866376945015,0.9539412033155622,0.005036884678156427,0.003016062733792098
101,133.8343353271484,10.18424701826804,143,832.5700436194893,28.8542898651048,-1.046440409324816,0.7761485261294108,6.64157841659094,190.300612745098,0.03044171668792231,0.2309172209985881,0.8859922288355027,0.005228206753950496,0.002903494051858491,119.142333984375,9.993016665655977,143,1007.06619733572,31.73430631565341,-0.8765568948393976,0.3250716163964551,6.852063149929518,191.3383118872549,0.02671197054626418,0.2309993004928644,0.9052646125539243,0.005199894340399156,0.00291934646519602,95.78123474121094,10.25188521749514,143,1445.591378211742,38.02093342110031,-0.1384873560071223,-1.069823632048844,6.970230670389292,188.4015165441177,0.02498939110134181,0.2263362404082857,0.9348400143346879,0.005280485470049831,0.002874532983602897
102,105.1774291992188,10.35857074083914,100,529.0864998362958,23.00188035436007,0.6748041456808268,0.4166407510507475,6.447121162544955,398.7419577205883,0.01964317579073856,0.1030456379216963,0.6231238601076292,0.002501736739763445,0.006084311008421142,119.3882446289062,9.401427594802424,100,530.2206039987504,23.02651958066504,-0.193034401229307,-0.3063397324230963,6.50043539466697,400.2646292892157,0.01792501976293298,0.1034583404904747,0.6226786207743408,0.002492232308351774,0.006107543284518902,101.7179260253906,10.31884126767254,100,733.7154477005824,27.08718235070939,0.5161881736183518,-0.2168896852981779,6.708601120015235,398.6586856617646,0.01712492376844683,0.1022924698504175,0.7283872354087072,0.002502242254667795,0.006083044451999777
103,111.0111541748047,10.51008847911697,103,1442.028577366611,37.97405136888361,0.9244792002254483,-0.06506021839792986,6.908077565173269,219.3845281862745,0.01810257369989873,0.1359842010200187,0.9241222201499258,0.004537896357034425,0.003347542154252162,101.2045745849609,10.62851432574002,103,1309.47830609954,36.18671449716788,0.7968914789383432,-0.2544406274446849,6.885762406483116,219.9444240196079,0.01806434487591089,0.1362115538598671,0.9162228591696122,0.004526395136697546,0.003356085571230191,95.07899475097656,9.983237140512637,103,937.3099371974822,30.61551791489868,-0.5010006318545727,-0.3061820755682052,6.874158001781462,200.5284007352942,0.01765886298427357,0.1344146808652072,0.8931558255541376,0.004962514606956606,0.003059820561544087
104,149.4120483398438,10.39404901291179,155,3997.400284525007,63.22499730743377,-0.3437097354665938,-1.07705161057276,7.649632323779419,444.5639705882352,0.01661724431864184,0.1631960500750712,0.9444316235463311,0.002244430345045958,0.00678349426455197,153.1560821533203,10.55159833470703,155,3216.664008112391,56.71564165300779,-0.6657634509475707,-0.4209952084181636,7.592238535143191,440.1736672794117,0.01586351676222847,0.1636236861167043,0.9316723274554908,0.002266762576726439,0.006716500263498586,131.4937896728516,10.57935032023433,155,4579.180930670118,67.6696455633552,-0.2404970065615165,-1.169125696990314,7.74744402556403,443.7888633578432,0.01560922285930142,0.1621417584333865,0.9515627413156754,0.0022483366315379,0.006771660525232169
105,137.5025787353516,10.49401176085266,141,4896.454186465358,69.9746681768864,-0.2816390324653043,-1.188836901448904,7.707114888917742,520.3549172794118,0.02168791993597628,0.2201586753336676,0.9467494758506281,0.001918158950329384,0.007934864082931183,140.5836639404297,10.50750101187949,141,4516.086323098978,67.20183273616114,-0.484506860003927,-0.9252752641556774,7.70024194754864,519.5190104166668,0.02136111056818823,0.2213138052515081,0.9423108920039036,0.001921238263675446,0.007921692014441628,121.1372985839844,10.20402973831371,141,5242.791177175008,72.40712103912851,-0.03539226669679876,-1.20404748599456,7.701205688610897,512.5350949754902,0.02130075940851117,0.2162928157938541,0.9509965914372583,0.001947367356560649,0.00781493445663931
106,114.3217620849609,10.32898702789683,126,4041.949249312049,63.57632617029746,-0.2374504072762272,-1.051961739142149,7.696173926917948,722.4346200980393,0.01903790490066531,0.1765577118775405,0.9106107578294327,0.001382331296995782,0.0110217626806476,113.3245849609375,10.21101221759197,126,3716.791495189071,60.96549429955498,-0.3783674193551742,-0.9780911508362515,7.60790482529559,722.3268995098041,0.01850064065985466,0.1782739728217453,0.9027804185909812,0.001382536137508494,0.01101995640214832,99.04875183105469,10.12013937993622,126,4585.035419279477,67.71288960958229,0.1146728556291219,-1.252589018078444,7.715695702785763,698.4189338235296,0.01950395175155166,0.175447325389334,0.923681393149374,0.001429798134355545,0.01065515143625647
107,124.6097412109375,10.0838585919063,135,2985.455974444747,54.63932626272717,-0.5988028446712186,-0.4914362795831986,7.358755503542205,398.2975949754903,0.02457023799354806,0.1825650638853276,0.9334223657572547,0.002504551868129466,0.00607749688460555,118.6200866699219,9.969114290953522,135,2688.830153166316,51.85393093263342,-0.7751463322398877,-0.3422732440361664,7.214227256716394,394.9955422794118,0.02423712828656267,0.1834318739644943,0.9267037288958148,0.002525435522703704,0.006027094667622736,80.51429748535156,10.2090835814603,135,3061.759225513553,55.3331656921376,0.3245115945956444,-0.9872449574644895,7.546578733812074,390.693612132353,0.02037453466811298,0.1841623758956955,0.9361154205222566,0.002553148655582055,0.005961427224888789
108,113.9803161621094,9.800338303312545,112,399.3896271949634,19.98473485425722,0.2251623486990911,0.363137842373586,6.34320764237526,166.4476102941177,0.02221697459726844,0.1604031924986405,0.791799046975399,0.005972809620889261,0.002539659039371979,110.0093231201172,9.790558015001862,112,513.2452591487672,22.654916886821,-0.1322983754260729,-0.2667328162186946,6.516135704241857,167.0358455882353,0.02134320784924084,0.1650736246284288,0.8375005196716918,0.005951867165228349,0.002548638906033394,81.17440795898438,10.56363540957403,112,929.2551043247804,30.48368587170489,0.02626368125819052,-1.0871085709666,6.773157979505094,165.0177083333333,0.02074932827473229,0.1594585527939203,0.9111331220875103,0.006024206744471301,0.002517823648640098
109,100.1164398193359,9.995980790198018,107,762.5517036092933,27.61433873206623,-0.7686822495287118,0.03742554346453053,6.651727575414883,90.76323529411765,0.02760040901172262,0.2426459685422485,0.9406414533783584,0.01090088929184877,0.001384926883690703,101.1726379394531,9.936234687527515,107,829.2128108879551,28.79605547445614,-0.842188273701487,0.1616569444996951,6.690914145674649,90.58330269607843,0.02735225759476839,0.2431636802555205,0.945521700531315,0.01092228298882549,0.00138216454792096,79.911376953125,9.930878358468757,107,1620.942615926266,40.26093163261707,-0.2988979859633592,-1.27352830536564,7.036950813641559,85.30759803921568,0.02347469575074739,0.2401822311697784,0.9736957536362507,0.01158961766371981,0.001301660903445555
110,104.1864776611328,10.15406602119049,105,652.0719918289687,25.53570033950447,0.01647765796537394,0.4303018687019402,6.703614425255705,596.7728400735294,0.01415994793481347,0.06499208914613185,0.5423656298910031,0.001672915899422641,0.009106026560219234,113.1405792236328,9.682484368179432,105,852.6199927309062,29.19965740776604,-0.3972492573324085,-0.2119295486153256,6.846139180134727,598.457398897059,0.01325749106015763,0.06505102856034804,0.6492020998564834,0.001668212150100417,0.009131729537069724,99.8934326171875,10.35411672496968,105,630.6192281097174,25.11213308561655,0.3085763680249817,0.4759620336869377,6.680641908886161,595.2760876225491,0.01403201325482256,0.06515776469969596,0.5279918068468075,0.001677114937287337,0.009083185987697428
111,124.4838714599609,10.38280735632867,133,2849.478591188556,53.38050759583086,-0.375203493939002,-0.9375453683698494,7.599413648555085,561.1037837009803,0.01126326498596136,0.09940243398142704,0.9015586309613166,0.001779066548020132,0.008561226520246924,127.423828125,10.20902753273114,133,2308.626644134521,48.04817003939402,-0.5808337868145463,-0.4389761974549167,7.480799113893858,560.6914675245098,0.01165380125872558,0.09973204968781253,0.8786156958700188,0.001780373756662575,0.008554762480307839,98.19989013671875,10.04917869438297,133,4076.638663318008,63.84856038563444,-0.04010905809444455,-1.369164880454805,7.535818350413676,537.0416053921568,0.02716858663757572,0.1201006731658475,0.9340944259548234,0.001858686183102329,0.008193885014177239
112,138.0802459716797,10.07558334592803,144,1788.890395911178,42.29527628366054,-1.14185108583675,1.258711935072741,7.085816621128526,572.4288602941176,0.01455413112119561,0.1018754294631963,0.8399171581791223,0.001743939746971963,0.0087340694489312,129.6004638671875,10.05885846132263,144,1778.552742704749,42.17289108781551,-1.172557500741717,1.191105166526119,7.06250679059575,572.8066942401961,0.0145442441916916,0.1029485282675897,0.8388893396857136,0.001742791357474939,0.008739846787028377,86.9515380859375,10.16986317230273,144,2688.55145393312,51.85124351385529,0.214890726745286,-1.166422654282751,7.43661663396626,565.9011182598039,0.01381237409066497,0.1036454407538962,0.8946012928100033,0.001764019038030116,0.008634259672040569
113,100.3072967529297,10.62906416411543,94,2880.974004374584,53.67470544283018,0.1382998474717283,-1.525727026150857,7.22750848756723,111.4787990196078,0.02511356172937255,0.2641370206589966,0.9806571554198933,0.008892549816649341,0.001699948403432891,106.3072662353516,10.52743071624561,94,2773.529443051433,52.66430900573398,0.1518065342975878,-1.281624941660891,7.380854351856782,111.6575827205883,0.02339925232055803,0.2648866170531136,0.9798700291402075,0.008878299368874359,0.00170213972983874,92.00436401367188,10.03601911554078,94,5463.87180712726,73.91800732654568,0.2256680883837932,-1.585865883999776,7.353607075904358,120.1137714460784,0.02715955927032444,0.2714599318437526,0.9890168656520045,0.008258551332948363,0.001830631063123882
114,110.1020812988281,10.34305222108285,124,3328.619797914289,57.69419206397026,-0.2074075986815681,-1.203069252784331,7.577033933379897,584.8922794117648,0.01519210927666324,0.1725770879070269,0.9121895934332227,0.00170684264954656,0.008924036655948854,105.1218719482422,10.30761677115407,124,3209.142907848349,56.64929750533848,-0.2909555576567184,-1.198761597924509,7.523758869649416,581.463480392157,0.0159463012162487,0.173269693083334,0.9094352296569151,0.001716892838357977,0.008871627029236325,98.54969787597656,9.783306649045496,124,4854.990450042998,69.67776151716556,-0.1465035740007688,-1.547581320806677,7.381537672507203,556.9776501225491,0.02693236895237444,0.1859488731660528,0.9426235685607409,0.001792272987883532,0.008498012843820733
115,154.7189331054688,10.54859505649997,164,3522.910533871502,59.3541113476691,-0.6299063473240316,-0.5896805744296052,7.575360158197838,246.115456495098,0.02233159576487981,0.2091647257023344,0.9651142401078189,0.004047057158742901,0.003754500650991612,156.0648193359375,10.58484628831546,164,3614.287699088454,60.11894625730273,-0.7899619888475298,-0.3391852098182033,7.551020464040819,246.6340073529412,0.02231440857543321,0.2104992998174253,0.9659390606257472,0.004038581490675738,0.003762250725682632,131.9335632324219,10.48893663571512,164,4640.505809544586,68.12125813242578,-0.2387681911535453,-1.099104371357086,7.747358970840207,247.8415287990197,0.02062651906403643,0.2066110686509872,0.973305638315098,0.004018954962533135,0.003780647551136715
116,115.3776397705078,9.70188495372283,121,941.1775938922074,30.67861786150425,-0.6922854681644206,0.1590384993709377,6.879160333684583,319.563924632353,0.01449928925626865,0.08293393143654776,0.830456867247633,0.003119643714630467,0.004876158398037912,118.0938568115234,9.665719435310981,121,721.4663343315478,26.86012535956502,-0.5860809235420722,0.5109614033002199,6.743400003111438,319.5018075980392,0.01513392012879588,0.08292372044497992,0.7789119841394427,0.003120254544515013,0.004875210555229495,109.4419555664062,9.849990271548972,121,1266.769732650369,35.59170876272126,-0.6735562422061163,-0.1904653608027798,7.071358922347462,319.7756587009804,0.01336743140541264,0.08238413576013899,0.8739163086246918,0.003117573440574972,0.004879387183908354
117,98.25868225097656,9.330811386888886,110,3273.967278439319,57.2185920697051,-0.3870218450456011,-0.7491077443059249,7.03940807435442,1507.897610294118,0.1239283190470054,0.1629194674147065,0.7688286601147909,0.0006627899279704714,0.02300867698182914,107.8449554443359,9.343651200094289,110,3542.86705920822,59.521988031384,-0.5907827179600267,-0.5918558111208068,6.943641852234343,1507.065180759804,0.1298384777419531,0.1641785831866512,0.7864378541413389,0.000663158407366878,0.02299596825650736,89.26226806640625,9.41355029726929,110,3758.62024134025,61.30758714335649,0.02285680600708035,-1.012684010178491,7.17615455292592,1494.274785539216,0.1239712849613404,0.1625382918719281,0.8007090028243738,0.00066882885021788,0.02280080723325962
118,103.5996704101562,9.474245195343235,115,1008.24851917848,31.75292930075082,-0.9556836335615951,0.01143305765512981,6.615716044894958,133.8395067401961,0.02525009840659961,0.1709450269792709,0.93373639400488,0.007417613128684654,0.00204222755938101,108.4583435058594,9.443066704681403,115,665.752201504074,25.80217435612887,-1.09708494702303,1.038372909976392,6.482152308062531,132.0642922794118,0.02618590210851235,0.170293688931541,0.9009758249622793,0.007516643368058367,0.00201513920189517,97.71464538574219,9.714584586410448,115,1360.607949575176,36.88641958194339,-0.7254048860056217,-0.6944260031597258,6.846569940941493,131.7424785539216,0.0222138162720451,0.1699973216349442,0.9516400435765173,0.007534644403977928,0.002010230690735703
119,122.0315551757812,10.2729518064848,134,3995.688548948616,63.21145900031588,-0.457801730515104,-0.9760209837536387,7.608580082918652,560.7069240196079,0.02047264497684398,0.200673483545724,0.9298497607070828,0.001780352717343763,0.008553406958128456,119.4916534423828,10.16732344043322,134,3667.431723547867,60.55932400174119,-0.5635856090295639,-0.8820040427104376,7.486235629981362,559.5209865196077,0.02073036522518408,0.1992731185744196,0.9237115605670677,0.001784120504887982,0.008535243686516324,109.0765838623047,10.00360423938894,134,4746.406106957933,68.89416598637314,-0.1310165256637681,-1.302800103296501,7.619005504590517,540.6339613970589,0.02180346045515685,0.1994164289093758,0.9430161630514329,0.001846339646084996,0.008246833793944273
