,Mean_B,RMS_B,Median_B,Variance_B,Std_B,Skewness_B,Kurtosis_B,Contrast_B,Entropy_B,Energy_B,Homogeneity_B,Correlation_B,IDM_B,Smoothness_B
0,16.00325012207031,3.340318862405064,0,2447.315434382996,49.47034904246174,2.794530349663438,5.901902681573407,1.010504624912982,319.4096200980393,0.8989632682024132,0.9134492180670877,0.9349095369630567,0.003129786060727778,0.004873802605464979
1,16.00325012207031,3.340318862405064,0,2447.315434382996,49.47034904246174,2.794530349663438,5.901902681573407,1.010504624912982,319.4096200980393,0.8989632682024132,0.9134492180670877,0.9349095369630567,0.003129786060727778,0.004873802605464979
2,16.00325012207031,3.340318862405064,0,2447.315434382996,49.47034904246174,2.794530349663438,5.901902681573407,1.010504624912982,319.4096200980393,0.8989632682024132,0.9134492180670877,0.9349095369630567,0.003129786060727778,0.004873802605464979
3,16.00325012207031,3.340318862405064,0,2447.315434382996,49.47034904246174,2.794530349663438,5.901902681573407,1.010504624912982,319.4096200980393,0.8989632682024132,0.9134492180670877,0.9349095369630567,0.003129786060727778,0.004873802605464979
4,16.00325012207031,3.340318862405064,0,2447.315434382996,49.47034904246174,2.794530349663438,5.901902681573407,1.010504624912982,319.4096200980393,0.8989632682024132,0.9134492180670877,0.9349095369630567,0.003129786060727778,0.004873802605464979
5,16.00325012207031,3.340318862405064,0,2447.315434382996,49.47034904246174,2.794530349663438,5.901902681573407,1.010504624912982,319.4096200980393,0.8989632682024132,0.9134492180670877,0.9349095369630567,0.003129786060727778,0.004873802605464979
6,16.00325012207031,3.340318862405064,0,2447.315434382996,49.47034904246174,2.794530349663438,5.901902681573407,1.010504624912982,319.4096200980393,0.8989632682024132,0.9134492180670877,0.9349095369630567,0.003129786060727778,0.004873802605464979
7,16.00325012207031,3.340318862405064,0,2447.315434382996,49.47034904246174,2.794530349663438,5.901902681573407,1.010504624912982,319.4096200980393,0.8989632682024132,0.9134492180670877,0.9349095369630567,0.003129786060727778,0.004873802605464979
8,16.00325012207031,3.340318862405064,0,2447.315434382996,49.47034904246174,2.794530349663438,5.901902681573407,1.010504624912982,319.4096200980393,0.8989632682024132,0.9134492180670877,0.9349095369630567,0.003129786060727778,0.004873802605464979
9,16.00325012207031,3.340318862405064,0,2447.315434382996,49.47034904246174,2.794530349663438,5.901902681573407,1.010504624912982,319.4096200980393,0.8989632682024132,0.9134492180670877,0.9349095369630567,0.003129786060727778,0.004873802605464979
10,16.00325012207031,3.340318862405064,0,2447.315434382996,49.47034904246174,2.794530349663438,5.901902681573407,1.010504624912982,319.4096200980393,0.8989632682024132,0.9134492180670877,0.9349095369630567,0.003129786060727778,0.004873802605464979
11,16.00325012207031,3.340318862405064,0,2447.315434382996,49.47034904246174,2.794530349663438,5.901902681573407,1.010504624912982,319.4096200980393,0.8989632682024132,0.9134492180670877,0.9349095369630567,0.003129786060727778,0.004873802605464979
12,16.00325012207031,3.340318862405064,0,2447.315434382996,49.47034904246174,2.794530349663438,5.901902681573407,1.010504624912982,319.4096200980393,0.8989632682024132,0.9134492180670877,0.9349095369630567,0.003129786060727778,0.004873802605464979
13,16.00325012207031,3.340318862405064,0,2447.315434382996,49.47034904246174,2.794530349663438,5.901902681573407,1.010504624912982,319.4096200980393,0.8989632682024132,0.9134492180670877,0.9349095369630567,0.003129786060727778,0.004873802605464979
14,16.00325012207031,3.340318862405064,0,2447.315434382996,49.47034904246174,2.794530349663438,5.901902681573407,1.010504624912982,319.4096200980393,0.8989632682024132,0.9134492180670877,0.9349095369630567,0.003129786060727778,0.004873802605464979
15,16.00325012207031,3.340318862405064,0,2447.315434382996,49.47034904246174,2.794530349663438,5.901902681573407,1.010504624912982,319.4096200980393,0.8989632682024132,0.9134492180670877,0.9349095369630567,0.003129786060727778,0.004873802605464979
16,16.00325012207031,3.340318862405064,0,2447.315434382996,49.47034904246174,2.794530349663438,5.901902681573407,1.010504624912982,319.4096200980393,0.8989632682024132,0.9134492180670877,0.9349095369630567,0.003129786060727778,0.004873802605464979
17,16.00325012207031,3.340318862405064,0,2447.315434382996,49.47034904246174,2.794530349663438,5.901902681573407,1.010504624912982,319.4096200980393,0.8989632682024132,0.9134492180670877,0.9349095369630567,0.003129786060727778,0.004873802605464979
18,16.00325012207031,3.340318862405064,0,2447.315434382996,49.47034904246174,2.794530349663438,5.901902681573407,1.010504624912982,319.4096200980393,0.8989632682024132,0.9134492180670877,0.9349095369630567,0.003129786060727778,0.004873802605464979
19,16.00325012207031,3.340318862405064,0,2447.315434382996,49.47034904246174,2.794530349663438,5.901902681573407,1.010504624912982,319.4096200980393,0.8989632682024132,0.9134492180670877,0.9349095369630567,0.003129786060727778,0.004873802605464979
20,16.00325012207031,3.340318862405064,0,2447.315434382996,49.47034904246174,2.794530349663438,5.901902681573407,1.010504624912982,319.4096200980393,0.8989632682024132,0.9134492180670877,0.9349095369630567,0.003129786060727778,0.004873802605464979
21,16.00325012207031,3.340318862405064,0,2447.315434382996,49.47034904246174,2.794530349663438,5.901902681573407,1.010504624912982,319.4096200980393,0.8989632682024132,0.9134492180670877,0.9349095369630567,0.003129786060727778,0.004873802605464979
22,16.00325012207031,3.340318862405064,0,2447.315434382996,49.47034904246174,2.794530349663438,5.901902681573407,1.010504624912982,319.4096200980393,0.8989632682024132,0.9134492180670877,0.9349095369630567,0.003129786060727778,0.004873802605464979
23,16.00325012207031,3.340318862405064,0,2447.315434382996,49.47034904246174,2.794530349663438,5.901902681573407,1.010504624912982,319.4096200980393,0.8989632682024132,0.9134492180670877,0.9349095369630567,0.003129786060727778,0.004873802605464979
24,16.00325012207031,3.340318862405064,0,2447.315434382996,49.47034904246174,2.794530349663438,5.901902681573407,1.010504624912982,319.4096200980393,0.8989632682024132,0.9134492180670877,0.9349095369630567,0.003129786060727778,0.004873802605464979
25,16.00325012207031,3.340318862405064,0,2447.315434382996,49.47034904246174,2.794530349663438,5.901902681573407,1.010504624912982,319.4096200980393,0.8989632682024132,0.9134492180670877,0.9349095369630567,0.003129786060727778,0.004873802605464979
26,16.00325012207031,3.340318862405064,0,2447.315434382996,49.47034904246174,2.794530349663438,5.901902681573407,1.010504624912982,319.4096200980393,0.8989632682024132,0.9134492180670877,0.9349095369630567,0.003129786060727778,0.004873802605464979
27,16.00325012207031,3.340318862405064,0,2447.315434382996,49.47034904246174,2.794530349663438,5.901902681573407,1.010504624912982,319.4096200980393,0.8989632682024132,0.9134492180670877,0.9349095369630567,0.003129786060727778,0.004873802605464979
28,16.00325012207031,3.340318862405064,0,2447.315434382996,49.47034904246174,2.794530349663438,5.901902681573407,1.010504624912982,319.4096200980393,0.8989632682024132,0.9134492180670877,0.9349095369630567,0.003129786060727778,0.004873802605464979
29,16.00325012207031,3.340318862405064,0,2447.315434382996,49.47034904246174,2.794530349663438,5.901902681573407,1.010504624912982,319.4096200980393,0.8989632682024132,0.9134492180670877,0.9349095369630567,0.003129786060727778,0.004873802605464979
30,16.00325012207031,3.340318862405064,0,2447.315434382996,49.47034904246174,2.794530349663438,5.901902681573407,1.010504624912982,319.4096200980393,0.8989632682024132,0.9134492180670877,0.9349095369630567,0.003129786060727778,0.004873802605464979
31,16.00325012207031,3.340318862405064,0,2447.315434382996,49.47034904246174,2.794530349663438,5.901902681573407,1.010504624912982,319.4096200980393,0.8989632682024132,0.9134492180670877,0.9349095369630567,0.003129786060727778,0.004873802605464979
32,16.00325012207031,3.340318862405064,0,2447.315434382996,49.47034904246174,2.794530349663438,5.901902681573407,1.010504624912982,319.4096200980393,0.8989632682024132,0.9134492180670877,0.9349095369630567,0.003129786060727778,0.004873802605464979
33,16.00325012207031,3.340318862405064,0,2447.315434382996,49.47034904246174,2.794530349663438,5.901902681573407,1.010504624912982,319.4096200980393,0.8989632682024132,0.9134492180670877,0.9349095369630567,0.003129786060727778,0.004873802605464979
34,16.00325012207031,3.340318862405064,0,2447.315434382996,49.47034904246174,2.794530349663438,5.901902681573407,1.010504624912982,319.4096200980393,0.8989632682024132,0.9134492180670877,0.9349095369630567,0.003129786060727778,0.004873802605464979
35,16.00325012207031,3.340318862405064,0,2447.315434382996,49.47034904246174,2.794530349663438,5.901902681573407,1.010504624912982,319.4096200980393,0.8989632682024132,0.9134492180670877,0.9349095369630567,0.003129786060727778,0.004873802605464979
36,16.00325012207031,3.340318862405064,0,2447.315434382996,49.47034904246174,2.794530349663438,5.901902681573407,1.010504624912982,319.4096200980393,0.8989632682024132,0.9134492180670877,0.9349095369630567,0.003129786060727778,0.004873802605464979
37,16.00325012207031,3.340318862405064,0,2447.315434382996,49.47034904246174,2.794530349663438,5.901902681573407,1.010504624912982,319.4096200980393,0.8989632682024132,0.9134492180670877,0.9349095369630567,0.003129786060727778,0.004873802605464979
38,16.00325012207031,3.340318862405064,0,2447.315434382996,49.47034904246174,2.794530349663438,5.901902681573407,1.010504624912982,319.4096200980393,0.8989632682024132,0.9134492180670877,0.9349095369630567,0.003129786060727778,0.004873802605464979
39,16.00325012207031,3.340318862405064,0,2447.315434382996,49.47034904246174,2.794530349663438,5.901902681573407,1.010504624912982,319.4096200980393,0.8989632682024132,0.9134492180670877,0.9349095369630567,0.003129786060727778,0.004873802605464979
40,16.00325012207031,3.340318862405064,0,2447.315434382996,49.47034904246174,2.794530349663438,5.901902681573407,1.010504624912982,319.4096200980393,0.8989632682024132,0.9134492180670877,0.9349095369630567,0.003129786060727778,0.004873802605464979
41,16.00325012207031,3.340318862405064,0,2447.315434382996,49.47034904246174,2.794530349663438,5.901902681573407,1.010504624912982,319.4096200980393,0.8989632682024132,0.9134492180670877,0.9349095369630567,0.003129786060727778,0.004873802605464979
42,16.00325012207031,3.340318862405064,0,2447.315434382996,49.47034904246174,2.794530349663438,5.901902681573407,1.010504624912982,319.4096200980393,0.8989632682024132,0.9134492180670877,0.9349095369630567,0.003129786060727778,0.004873802605464979
43,16.00325012207031,3.340318862405064,0,2447.315434382996,49.47034904246174,2.794530349663438,5.901902681573407,1.010504624912982,319.4096200980393,0.8989632682024132,0.9134492180670877,0.9349095369630567,0.003129786060727778,0.004873802605464979
44,16.00325012207031,3.340318862405064,0,2447.315434382996,49.47034904246174,2.794530349663438,5.901902681573407,1.010504624912982,319.4096200980393,0.8989632682024132,0.9134492180670877,0.9349095369630567,0.003129786060727778,0.004873802605464979
45,16.00325012207031,3.340318862405064,0,2447.315434382996,49.47034904246174,2.794530349663438,5.901902681573407,1.010504624912982,319.4096200980393,0.8989632682024132,0.9134492180670877,0.9349095369630567,0.003129786060727778,0.004873802605464979
46,16.00325012207031,3.340318862405064,0,2447.315434382996,49.47034904246174,2.794530349663438,5.901902681573407,1.010504624912982,319.4096200980393,0.8989632682024132,0.9134492180670877,0.9349095369630567,0.003129786060727778,0.004873802605464979
47,16.00325012207031,3.340318862405064,0,2447.315434382996,49.47034904246174,2.794530349663438,5.901902681573407,1.010504624912982,319.4096200980393,0.8989632682024132,0.9134492180670877,0.9349095369630567,0.003129786060727778,0.004873802605464979
48,16.00325012207031,3.340318862405064,0,2447.315434382996,49.47034904246174,2.794530349663438,5.901902681573407,1.010504624912982,319.4096200980393,0.8989632682024132,0.9134492180670877,0.9349095369630567,0.003129786060727778,0.004873802605464979
49,16.00325012207031,3.340318862405064,0,2447.315434382996,49.47034904246174,2.794530349663438,5.901902681573407,1.010504624912982,319.4096200980393,0.8989632682024132,0.9134492180670877,0.9349095369630567,0.003129786060727778,0.004873802605464979
50,16.00325012207031,3.340318862405064,0,2447.315434382996,49.47034904246174,2.794530349663438,5.901902681573407,1.010504624912982,319.4096200980393,0.8989632682024132,0.9134492180670877,0.9349095369630567,0.003129786060727778,0.004873802605464979
51,16.00325012207031,3.340318862405064,0,2447.315434382996,49.47034904246174,2.794530349663438,5.901902681573407,1.010504624912982,319.4096200980393,0.8989632682024132,0.9134492180670877,0.9349095369630567,0.003129786060727778,0.004873802605464979
52,16.00325012207031,3.340318862405064,0,2447.315434382996,49.47034904246174,2.794530349663438,5.901902681573407,1.010504624912982,319.4096200980393,0.8989632682024132,0.9134492180670877,0.9349095369630567,0.003129786060727778,0.004873802605464979
53,16.00325012207031,3.340318862405064,0,2447.315434382996,49.47034904246174,2.794530349663438,5.901902681573407,1.010504624912982,319.4096200980393,0.8989632682024132,0.9134492180670877,0.9349095369630567,0.003129786060727778,0.004873802605464979
54,16.00325012207031,3.340318862405064,0,2447.315434382996,49.47034904246174,2.794530349663438,5.901902681573407,1.010504624912982,319.4096200980393,0.8989632682024132,0.9134492180670877,0.9349095369630567,0.003129786060727778,0.004873802605464979
55,16.00325012207031,3.340318862405064,0,2447.315434382996,49.47034904246174,2.794530349663438,5.901902681573407,1.010504624912982,319.4096200980393,0.8989632682024132,0.9134492180670877,0.9349095369630567,0.003129786060727778,0.004873802605464979
56,16.00325012207031,3.340318862405064,0,2447.315434382996,49.47034904246174,2.794530349663438,5.901902681573407,1.010504624912982,319.4096200980393,0.8989632682024132,0.9134492180670877,0.9349095369630567,0.003129786060727778,0.004873802605464979
57,16.00325012207031,3.340318862405064,0,2447.315434382996,49.47034904246174,2.794530349663438,5.901902681573407,1.010504624912982,319.4096200980393,0.8989632682024132,0.9134492180670877,0.9349095369630567,0.003129786060727778,0.004873802605464979
58,16.00325012207031,3.340318862405064,0,2447.315434382996,49.47034904246174,2.794530349663438,5.901902681573407,1.010504624912982,319.4096200980393,0.8989632682024132,0.9134492180670877,0.9349095369630567,0.003129786060727778,0.004873802605464979
59,16.00325012207031,3.340318862405064,0,2447.315434382996,49.47034904246174,2.794530349663438,5.901902681573407,1.010504624912982,319.4096200980393,0.8989632682024132,0.9134492180670877,0.9349095369630567,0.003129786060727778,0.004873802605464979
60,16.00325012207031,3.340318862405064,0,2447.315434382996,49.47034904246174,2.794530349663438,5.901902681573407,1.010504624912982,319.4096200980393,0.8989632682024132,0.9134492180670877,0.9349095369630567,0.003129786060727778,0.004873802605464979
61,16.00325012207031,3.340318862405064,0,2447.315434382996,49.47034904246174,2.794530349663438,5.901902681573407,1.010504624912982,319.4096200980393,0.8989632682024132,0.9134492180670877,0.9349095369630567,0.003129786060727778,0.004873802605464979
62,16.00325012207031,3.340318862405064,0,2447.315434382996,49.47034904246174,2.794530349663438,5.901902681573407,1.010504624912982,319.4096200980393,0.8989632682024132,0.9134492180670877,0.9349095369630567,0.003129786060727778,0.004873802605464979
63,16.00325012207031,3.340318862405064,0,2447.315434382996,49.47034904246174,2.794530349663438,5.901902681573407,1.010504624912982,319.4096200980393,0.8989632682024132,0.9134492180670877,0.9349095369630567,0.003129786060727778,0.004873802605464979
64,16.00325012207031,3.340318862405064,0,2447.315434382996,49.47034904246174,2.794530349663438,5.901902681573407,1.010504624912982,319.4096200980393,0.8989632682024132,0.9134492180670877,0.9349095369630567,0.003129786060727778,0.004873802605464979
65,16.00325012207031,3.340318862405064,0,2447.315434382996,49.47034904246174,2.794530349663438,5.901902681573407,1.010504624912982,319.4096200980393,0.8989632682024132,0.9134492180670877,0.9349095369630567,0.003129786060727778,0.004873802605464979
66,16.00325012207031,3.340318862405064,0,2447.315434382996,49.47034904246174,2.794530349663438,5.901902681573407,1.010504624912982,319.4096200980393,0.8989632682024132,0.9134492180670877,0.9349095369630567,0.003129786060727778,0.004873802605464979
67,16.00325012207031,3.340318862405064,0,2447.315434382996,49.47034904246174,2.794530349663438,5.901902681573407,1.010504624912982,319.4096200980393,0.8989632682024132,0.9134492180670877,0.9349095369630567,0.003129786060727778,0.004873802605464979
68,16.00325012207031,3.340318862405064,0,2447.315434382996,49.47034904246174,2.794530349663438,5.901902681573407,1.010504624912982,319.4096200980393,0.8989632682024132,0.9134492180670877,0.9349095369630567,0.003129786060727778,0.004873802605464979
69,16.00325012207031,3.340318862405064,0,2447.315434382996,49.47034904246174,2.794530349663438,5.901902681573407,1.010504624912982,319.4096200980393,0.8989632682024132,0.9134492180670877,0.9349095369630567,0.003129786060727778,0.004873802605464979
70,16.00325012207031,3.340318862405064,0,2447.315434382996,49.47034904246174,2.794530349663438,5.901902681573407,1.010504624912982,319.4096200980393,0.8989632682024132,0.9134492180670877,0.9349095369630567,0.003129786060727778,0.004873802605464979
71,16.00325012207031,3.340318862405064,0,2447.315434382996,49.47034904246174,2.794530349663438,5.901902681573407,1.010504624912982,319.4096200980393,0.8989632682024132,0.9134492180670877,0.9349095369630567,0.003129786060727778,0.004873802605464979
72,16.00325012207031,3.340318862405064,0,2447.315434382996,49.47034904246174,2.794530349663438,5.901902681573407,1.010504624912982,319.4096200980393,0.8989632682024132,0.9134492180670877,0.9349095369630567,0.003129786060727778,0.004873802605464979
73,16.00325012207031,3.340318862405064,0,2447.315434382996,49.47034904246174,2.794530349663438,5.901902681573407,1.010504624912982,319.4096200980393,0.8989632682024132,0.9134492180670877,0.9349095369630567,0.003129786060727778,0.004873802605464979
74,16.00325012207031,3.340318862405064,0,2447.315434382996,49.47034904246174,2.794530349663438,5.901902681573407,1.010504624912982,319.4096200980393,0.8989632682024132,0.9134492180670877,0.9349095369630567,0.003129786060727778,0.004873802605464979
75,16.00325012207031,3.340318862405064,0,2447.315434382996,49.47034904246174,2.794530349663438,5.901902681573407,1.010504624912982,319.4096200980393,0.8989632682024132,0.9134492180670877,0.9349095369630567,0.003129786060727778,0.004873802605464979
76,16.00325012207031,3.340318862405064,0,2447.315434382996,49.47034904246174,2.794530349663438,5.901902681573407,1.010504624912982,319.4096200980393,0.8989632682024132,0.9134492180670877,0.9349095369630567,0.003129786060727778,0.004873802605464979
77,16.00325012207031,3.340318862405064,0,2447.315434382996,49.47034904246174,2.794530349663438,5.901902681573407,1.010504624912982,319.4096200980393,0.8989632682024132,0.9134492180670877,0.9349095369630567,0.003129786060727778,0.004873802605464979
78,16.00325012207031,3.340318862405064,0,2447.315434382996,49.47034904246174,2.794530349663438,5.901902681573407,1.010504624912982,319.4096200980393,0.8989632682024132,0.9134492180670877,0.9349095369630567,0.003129786060727778,0.004873802605464979
79,16.00325012207031,3.340318862405064,0,2447.315434382996,49.47034904246174,2.794530349663438,5.901902681573407,1.010504624912982,319.4096200980393,0.8989632682024132,0.9134492180670877,0.9349095369630567,0.003129786060727778,0.004873802605464979
80,16.00325012207031,3.340318862405064,0,2447.315434382996,49.47034904246174,2.794530349663438,5.901902681573407,1.010504624912982,319.4096200980393,0.8989632682024132,0.9134492180670877,0.9349095369630567,0.003129786060727778,0.004873802605464979
81,16.00325012207031,3.340318862405064,0,2447.315434382996,49.47034904246174,2.794530349663438,5.901902681573407,1.010504624912982,319.4096200980393,0.8989632682024132,0.9134492180670877,0.9349095369630567,0.003129786060727778,0.004873802605464979
82,16.00325012207031,3.340318862405064,0,2447.315434382996,49.47034904246174,2.794530349663438,5.901902681573407,1.010504624912982,319.4096200980393,0.8989632682024132,0.9134492180670877,0.9349095369630567,0.003129786060727778,0.004873802605464979
83,16.00325012207031,3.340318862405064,0,2447.315434382996,49.47034904246174,2.794530349663438,5.901902681573407,1.010504624912982,319.4096200980393,0.8989632682024132,0.9134492180670877,0.9349095369630567,0.003129786060727778,0.004873802605464979
84,16.00325012207031,3.340318862405064,0,2447.315434382996,49.47034904246174,2.794530349663438,5.901902681573407,1.010504624912982,319.4096200980393,0.8989632682024132,0.9134492180670877,0.9349095369630567,0.003129786060727778,0.004873802605464979
85,16.00325012207031,3.340318862405064,0,2447.315434382996,49.47034904246174,2.794530349663438,5.901902681573407,1.010504624912982,319.4096200980393,0.8989632682024132,0.9134492180670877,0.9349095369630567,0.003129786060727778,0.004873802605464979
86,16.00325012207031,3.340318862405064,0,2447.315434382996,49.47034904246174,2.794530349663438,5.901902681573407,1.010504624912982,319.4096200980393,0.8989632682024132,0.9134492180670877,0.9349095369630567,0.003129786060727778,0.004873802605464979
87,16.00325012207031,3.340318862405064,0,2447.315434382996,49.47034904246174,2.794530349663438,5.901902681573407,1.010504624912982,319.4096200980393,0.8989632682024132,0.9134492180670877,0.9349095369630567,0.003129786060727778,0.004873802605464979
88,16.00325012207031,3.340318862405064,0,2447.315434382996,49.47034904246174,2.794530349663438,5.901902681573407,1.010504624912982,319.4096200980393,0.8989632682024132,0.9134492180670877,0.9349095369630567,0.003129786060727778,0.004873802605464979
89,16.00325012207031,3.340318862405064,0,2447.315434382996,49.47034904246174,2.794530349663438,5.901902681573407,1.010504624912982,319.4096200980393,0.8989632682024132,0.9134492180670877,0.9349095369630567,0.003129786060727778,0.004873802605464979
90,16.00325012207031,3.340318862405064,0,2447.315434382996,49.47034904246174,2.794530349663438,5.901902681573407,1.010504624912982,319.4096200980393,0.8989632682024132,0.9134492180670877,0.9349095369630567,0.003129786060727778,0.004873802605464979
91,16.00325012207031,3.340318862405064,0,2447.315434382996,49.47034904246174,2.794530349663438,5.901902681573407,1.010504624912982,319.4096200980393,0.8989632682024132,0.9134492180670877,0.9349095369630567,0.003129786060727778,0.004873802605464979
92,16.00325012207031,3.340318862405064,0,2447.315434382996,49.47034904246174,2.794530349663438,5.901902681573407,1.010504624912982,319.4096200980393,0.8989632682024132,0.9134492180670877,0.9349095369630567,0.003129786060727778,0.004873802605464979
93,16.00325012207031,3.340318862405064,0,2447.315434382996,49.47034904246174,2.794530349663438,5.901902681573407,1.010504624912982,319.4096200980393,0.8989632682024132,0.9134492180670877,0.9349095369630567,0.003129786060727778,0.004873802605464979
94,16.00325012207031,3.340318862405064,0,2447.315434382996,49.47034904246174,2.794530349663438,5.901902681573407,1.010504624912982,319.4096200980393,0.8989632682024132,0.9134492180670877,0.9349095369630567,0.003129786060727778,0.004873802605464979
95,16.00325012207031,3.340318862405064,0,2447.315434382996,49.47034904246174,2.794530349663438,5.901902681573407,1.010504624912982,319.4096200980393,0.8989632682024132,0.9134492180670877,0.9349095369630567,0.003129786060727778,0.004873802605464979
96,16.00325012207031,3.340318862405064,0,2447.315434382996,49.47034904246174,2.794530349663438,5.901902681573407,1.010504624912982,319.4096200980393,0.8989632682024132,0.9134492180670877,0.9349095369630567,0.003129786060727778,0.004873802605464979
97,16.00325012207031,3.340318862405064,0,2447.315434382996,49.47034904246174,2.794530349663438,5.901902681573407,1.010504624912982,319.4096200980393,0.8989632682024132,0.9134492180670877,0.9349095369630567,0.003129786060727778,0.004873802605464979
98,16.00325012207031,3.340318862405064,0,2447.315434382996,49.47034904246174,2.794530349663438,5.901902681573407,1.010504624912982,319.4096200980393,0.8989632682024132,0.9134492180670877,0.9349095369630567,0.003129786060727778,0.004873802605464979
99,16.00325012207031,3.340318862405064,0,2447.315434382996,49.47034904246174,2.794530349663438,5.901902681573407,1.010504624912982,319.4096200980393,0.8989632682024132,0.9134492180670877,0.9349095369630567,0.003129786060727778,0.004873802605464979
100,16.00325012207031,3.340318862405064,0,2447.315434382996,49.47034904246174,2.794530349663438,5.901902681573407,1.010504624912982,319.4096200980393,0.8989632682024132,0.9134492180670877,0.9349095369630567,0.003129786060727778,0.004873802605464979
101,16.00325012207031,3.340318862405064,0,2447.315434382996,49.47034904246174,2.794530349663438,5.901902681573407,1.010504624912982,319.4096200980393,0.8989632682024132,0.9134492180670877,0.9349095369630567,0.003129786060727778,0.004873802605464979
102,16.00325012207031,3.340318862405064,0,2447.315434382996,49.47034904246174,2.794530349663438,5.901902681573407,1.010504624912982,319.4096200980393,0.8989632682024132,0.9134492180670877,0.9349095369630567,0.003129786060727778,0.004873802605464979
103,16.00325012207031,3.340318862405064,0,2447.315434382996,49.47034904246174,2.794530349663438,5.901902681573407,1.010504624912982,319.4096200980393,0.8989632682024132,0.9134492180670877,0.9349095369630567,0.003129786060727778,0.004873802605464979
104,16.00325012207031,3.340318862405064,0,2447.315434382996,49.47034904246174,2.794530349663438,5.901902681573407,1.010504624912982,319.4096200980393,0.8989632682024132,0.9134492180670877,0.9349095369630567,0.003129786060727778,0.004873802605464979
105,16.00325012207031,3.340318862405064,0,2447.315434382996,49.47034904246174,2.794530349663438,5.901902681573407,1.010504624912982,319.4096200980393,0.8989632682024132,0.9134492180670877,0.9349095369630567,0.003129786060727778,0.004873802605464979
106,16.00325012207031,3.340318862405064,0,2447.315434382996,49.47034904246174,2.794530349663438,5.901902681573407,1.010504624912982,319.4096200980393,0.8989632682024132,0.9134492180670877,0.9349095369630567,0.003129786060727778,0.004873802605464979
107,16.00325012207031,3.340318862405064,0,2447.315434382996,49.47034904246174,2.794530349663438,5.901902681573407,1.010504624912982,319.4096200980393,0.8989632682024132,0.9134492180670877,0.9349095369630567,0.003129786060727778,0.004873802605464979
108,16.00325012207031,3.340318862405064,0,2447.315434382996,49.47034904246174,2.794530349663438,5.901902681573407,1.010504624912982,319.4096200980393,0.8989632682024132,0.9134492180670877,0.9349095369630567,0.003129786060727778,0.004873802605464979
109,16.00325012207031,3.340318862405064,0,2447.315434382996,49.47034904246174,2.794530349663438,5.901902681573407,1.010504624912982,319.4096200980393,0.8989632682024132,0.9134492180670877,0.9349095369630567,0.003129786060727778,0.004873802605464979
110,16.00325012207031,3.340318862405064,0,2447.315434382996,49.47034904246174,2.794530349663438,5.901902681573407,1.010504624912982,319.4096200980393,0.8989632682024132,0.9134492180670877,0.9349095369630567,0.003129786060727778,0.004873802605464979
111,16.00325012207031,3.340318862405064,0,2447.315434382996,49.47034904246174,2.794530349663438,5.901902681573407,1.010504624912982,319.4096200980393,0.8989632682024132,0.9134492180670877,0.9349095369630567,0.003129786060727778,0.004873802605464979
112,16.00325012207031,3.340318862405064,0,2447.315434382996,49.47034904246174,2.794530349663438,5.901902681573407,1.010504624912982,319.4096200980393,0.8989632682024132,0.9134492180670877,0.9349095369630567,0.003129786060727778,0.004873802605464979
113,16.00325012207031,3.340318862405064,0,2447.315434382996,49.47034904246174,2.794530349663438,5.901902681573407,1.010504624912982,319.4096200980393,0.8989632682024132,0.9134492180670877,0.9349095369630567,0.003129786060727778,0.004873802605464979
114,16.00325012207031,3.340318862405064,0,2447.315434382996,49.47034904246174,2.794530349663438,5.901902681573407,1.010504624912982,319.4096200980393,0.8989632682024132,0.9134492180670877,0.9349095369630567,0.003129786060727778,0.004873802605464979
115,16.00325012207031,3.340318862405064,0,2447.315434382996,49.47034904246174,2.794530349663438,5.901902681573407,1.010504624912982,319.4096200980393,0.8989632682024132,0.9134492180670877,0.9349095369630567,0.003129786060727778,0.004873802605464979
116,16.00325012207031,3.340318862405064,0,2447.315434382996,49.47034904246174,2.794530349663438,5.901902681573407,1.010504624912982,319.4096200980393,0.8989632682024132,0.9134492180670877,0.9349095369630567,0.003129786060727778,0.004873802605464979
117,16.00325012207031,3.340318862405064,0,2447.315434382996,49.47034904246174,2.794530349663438,5.901902681573407,1.010504624912982,319.4096200980393,0.8989632682024132,0.9134492180670877,0.9349095369630567,0.003129786060727778,0.004873802605464979
118,16.00325012207031,3.340318862405064,0,2447.315434382996,49.47034904246174,2.794530349663438,5.901902681573407,1.010504624912982,319.4096200980393,0.8989632682024132,0.9134492180670877,0.9349095369630567,0.003129786060727778,0.004873802605464979
119,16.00325012207031,3.340318862405064,0,2447.315434382996,49.47034904246174,2.794530349663438,5.901902681573407,1.010504624912982,319.4096200980393,0.8989632682024132,0.9134492180670877,0.9349095369630567,0.003129786060727778,0.004873802605464979
120,16.00325012207031,3.340318862405064,0,2447.315434382996,49.47034904246174,2.794530349663438,5.901902681573407,1.010504624912982,319.4096200980393,0.8989632682024132,0.9134492180670877,0.9349095369630567,0.003129786060727778,0.004873802605464979
121,16.00325012207031,3.340318862405064,0,2447.315434382996,49.47034904246174,2.794530349663438,5.901902681573407,1.010504624912982,319.4096200980393,0.8989632682024132,0.9134492180670877,0.9349095369630567,0.003129786060727778,0.004873802605464979
122,16.00325012207031,3.340318862405064,0,2447.315434382996,49.47034904246174,2.794530349663438,5.901902681573407,1.010504624912982,319.4096200980393,0.8989632682024132,0.9134492180670877,0.9349095369630567,0.003129786060727778,0.004873802605464979
123,16.00325012207031,3.340318862405064,0,2447.315434382996,49.47034904246174,2.794530349663438,5.901902681573407,1.010504624912982,319.4096200980393,0.8989632682024132,0.9134492180670877,0.9349095369630567,0.003129786060727778,0.004873802605464979
124,16.00325012207031,3.340318862405064,0,2447.315434382996,49.47034904246174,2.794530349663438,5.901902681573407,1.010504624912982,319.4096200980393,0.8989632682024132,0.9134492180670877,0.9349095369630567,0.003129786060727778,0.004873802605464979
125,16.00325012207031,3.340318862405064,0,2447.315434382996,49.47034904246174,2.794530349663438,5.901902681573407,1.010504624912982,319.4096200980393,0.8989632682024132,0.9134492180670877,0.9349095369630567,0.003129786060727778,0.004873802605464979
126,16.00325012207031,3.340318862405064,0,2447.315434382996,49.47034904246174,2.794530349663438,5.901902681573407,1.010504624912982,319.4096200980393,0.8989632682024132,0.9134492180670877,0.9349095369630567,0.003129786060727778,0.004873802605464979
127,16.00325012207031,3.340318862405064,0,2447.315434382996,49.47034904246174,2.794530349663438,5.901902681573407,1.010504624912982,319.4096200980393,0.8989632682024132,0.9134492180670877,0.9349095369630567,0.003129786060727778,0.004873802605464979
128,16.00325012207031,3.340318862405064,0,2447.315434382996,49.47034904246174,2.794530349663438,5.901902681573407,1.010504624912982,319.4096200980393,0.8989632682024132,0.9134492180670877,0.9349095369630567,0.003129786060727778,0.004873802605464979
129,16.00325012207031,3.340318862405064,0,2447.315434382996,49.47034904246174,2.794530349663438,5.901902681573407,1.010504624912982,319.4096200980393,0.8989632682024132,0.9134492180670877,0.9349095369630567,0.003129786060727778,0.004873802605464979
130,16.00325012207031,3.340318862405064,0,2447.315434382996,49.47034904246174,2.794530349663438,5.901902681573407,1.010504624912982,319.4096200980393,0.8989632682024132,0.9134492180670877,0.9349095369630567,0.003129786060727778,0.004873802605464979
131,16.00325012207031,3.340318862405064,0,2447.315434382996,49.47034904246174,2.794530349663438,5.901902681573407,1.010504624912982,319.4096200980393,0.8989632682024132,0.9134492180670877,0.9349095369630567,0.003129786060727778,0.004873802605464979
132,16.00325012207031,3.340318862405064,0,2447.315434382996,49.47034904246174,2.794530349663438,5.901902681573407,1.010504624912982,319.4096200980393,0.8989632682024132,0.9134492180670877,0.9349095369630567,0.003129786060727778,0.004873802605464979
133,16.00325012207031,3.340318862405064,0,2447.315434382996,49.47034904246174,2.794530349663438,5.901902681573407,1.010504624912982,319.4096200980393,0.8989632682024132,0.9134492180670877,0.9349095369630567,0.003129786060727778,0.004873802605464979
134,16.00325012207031,3.340318862405064,0,2447.315434382996,49.47034904246174,2.794530349663438,5.901902681573407,1.010504624912982,319.4096200980393,0.8989632682024132,0.9134492180670877,0.9349095369630567,0.003129786060727778,0.004873802605464979
135,16.00325012207031,3.340318862405064,0,2447.315434382996,49.47034904246174,2.794530349663438,5.901902681573407,1.010504624912982,319.4096200980393,0.8989632682024132,0.9134492180670877,0.9349095369630567,0.003129786060727778,0.004873802605464979
136,16.00325012207031,3.340318862405064,0,2447.315434382996,49.47034904246174,2.794530349663438,5.901902681573407,1.010504624912982,319.4096200980393,0.8989632682024132,0.9134492180670877,0.9349095369630567,0.003129786060727778,0.004873802605464979
137,16.00325012207031,3.340318862405064,0,2447.315434382996,49.47034904246174,2.794530349663438,5.901902681573407,1.010504624912982,319.4096200980393,0.8989632682024132,0.9134492180670877,0.9349095369630567,0.003129786060727778,0.004873802605464979
138,16.00325012207031,3.340318862405064,0,2447.315434382996,49.47034904246174,2.794530349663438,5.901902681573407,1.010504624912982,319.4096200980393,0.8989632682024132,0.9134492180670877,0.9349095369630567,0.003129786060727778,0.004873802605464979
139,16.00325012207031,3.340318862405064,0,2447.315434382996,49.47034904246174,2.794530349663438,5.901902681573407,1.010504624912982,319.4096200980393,0.8989632682024132,0.9134492180670877,0.9349095369630567,0.003129786060727778,0.004873802605464979
140,16.00325012207031,3.340318862405064,0,2447.315434382996,49.47034904246174,2.794530349663438,5.901902681573407,1.010504624912982,319.4096200980393,0.8989632682024132,0.9134492180670877,0.9349095369630567,0.003129786060727778,0.004873802605464979
141,16.00325012207031,3.340318862405064,0,2447.315434382996,49.47034904246174,2.794530349663438,5.901902681573407,1.010504624912982,319.4096200980393,0.8989632682024132,0.9134492180670877,0.9349095369630567,0.003129786060727778,0.004873802605464979
142,16.00325012207031,3.340318862405064,0,2447.315434382996,49.47034904246174,2.794530349663438,5.901902681573407,1.010504624912982,319.4096200980393,0.8989632682024132,0.9134492180670877,0.9349095369630567,0.003129786060727778,0.004873802605464979
143,16.00325012207031,3.340318862405064,0,2447.315434382996,49.47034904246174,2.794530349663438,5.901902681573407,1.010504624912982,319.4096200980393,0.8989632682024132,0.9134492180670877,0.9349095369630567,0.003129786060727778,0.004873802605464979
144,16.00325012207031,3.340318862405064,0,2447.315434382996,49.47034904246174,2.794530349663438,5.901902681573407,1.010504624912982,319.4096200980393,0.8989632682024132,0.9134492180670877,0.9349095369630567,0.003129786060727778,0.004873802605464979
145,16.00325012207031,3.340318862405064,0,2447.315434382996,49.47034904246174,2.794530349663438,5.901902681573407,1.010504624912982,319.4096200980393,0.8989632682024132,0.9134492180670877,0.9349095369630567,0.003129786060727778,0.004873802605464979
146,16.00325012207031,3.340318862405064,0,2447.315434382996,49.47034904246174,2.794530349663438,5.901902681573407,1.010504624912982,319.4096200980393,0.8989632682024132,0.9134492180670877,0.9349095369630567,0.003129786060727778,0.004873802605464979
147,16.00325012207031,3.340318862405064,0,2447.315434382996,49.47034904246174,2.794530349663438,5.901902681573407,1.010504624912982,319.4096200980393,0.8989632682024132,0.9134492180670877,0.9349095369630567,0.003129786060727778,0.004873802605464979
148,16.00325012207031,3.340318862405064,0,2447.315434382996,49.47034904246174,2.794530349663438,5.901902681573407,1.010504624912982,319.4096200980393,0.8989632682024132,0.9134492180670877,0.9349095369630567,0.003129786060727778,0.004873802605464979
149,16.00325012207031,3.340318862405064,0,2447.315434382996,49.47034904246174,2.794530349663438,5.901902681573407,1.010504624912982,319.4096200980393,0.8989632682024132,0.9134492180670877,0.9349095369630567,0.003129786060727778,0.004873802605464979
150,16.00325012207031,3.340318862405064,0,2447.315434382996,49.47034904246174,2.794530349663438,5.901902681573407,1.010504624912982,319.4096200980393,0.8989632682024132,0.9134492180670877,0.9349095369630567,0.003129786060727778,0.004873802605464979
151,16.00325012207031,3.340318862405064,0,2447.315434382996,49.47034904246174,2.794530349663438,5.901902681573407,1.010504624912982,319.4096200980393,0.8989632682024132,0.9134492180670877,0.9349095369630567,0.003129786060727778,0.004873802605464979
152,16.00325012207031,3.340318862405064,0,2447.315434382996,49.47034904246174,2.794530349663438,5.901902681573407,1.010504624912982,319.4096200980393,0.8989632682024132,0.9134492180670877,0.9349095369630567,0.003129786060727778,0.004873802605464979
153,16.00325012207031,3.340318862405064,0,2447.315434382996,49.47034904246174,2.794530349663438,5.901902681573407,1.010504624912982,319.4096200980393,0.8989632682024132,0.9134492180670877,0.9349095369630567,0.003129786060727778,0.004873802605464979
154,16.00325012207031,3.340318862405064,0,2447.315434382996,49.47034904246174,2.794530349663438,5.901902681573407,1.010504624912982,319.4096200980393,0.8989632682024132,0.9134492180670877,0.9349095369630567,0.003129786060727778,0.004873802605464979
155,16.00325012207031,3.340318862405064,0,2447.315434382996,49.47034904246174,2.794530349663438,5.901902681573407,1.010504624912982,319.4096200980393,0.8989632682024132,0.9134492180670877,0.9349095369630567,0.003129786060727778,0.004873802605464979
156,16.00325012207031,3.340318862405064,0,2447.315434382996,49.47034904246174,2.794530349663438,5.901902681573407,1.010504624912982,319.4096200980393,0.8989632682024132,0.9134492180670877,0.9349095369630567,0.003129786060727778,0.004873802605464979
157,16.00325012207031,3.340318862405064,0,2447.315434382996,49.47034904246174,2.794530349663438,5.901902681573407,1.010504624912982,319.4096200980393,0.8989632682024132,0.9134492180670877,0.9349095369630567,0.003129786060727778,0.004873802605464979
158,16.00325012207031,3.340318862405064,0,2447.315434382996,49.47034904246174,2.794530349663438,5.901902681573407,1.010504624912982,319.4096200980393,0.8989632682024132,0.9134492180670877,0.9349095369630567,0.003129786060727778,0.004873802605464979
159,16.00325012207031,3.340318862405064,0,2447.315434382996,49.47034904246174,2.794530349663438,5.901902681573407,1.010504624912982,319.4096200980393,0.8989632682024132,0.9134492180670877,0.9349095369630567,0.003129786060727778,0.004873802605464979
160,16.00325012207031,3.340318862405064,0,2447.315434382996,49.47034904246174,2.794530349663438,5.901902681573407,1.010504624912982,319.4096200980393,0.8989632682024132,0.9134492180670877,0.9349095369630567,0.003129786060727778,0.004873802605464979
161,16.00325012207031,3.340318862405064,0,2447.315434382996,49.47034904246174,2.794530349663438,5.901902681573407,1.010504624912982,319.4096200980393,0.8989632682024132,0.9134492180670877,0.9349095369630567,0.003129786060727778,0.004873802605464979
162,16.00325012207031,3.340318862405064,0,2447.315434382996,49.47034904246174,2.794530349663438,5.901902681573407,1.010504624912982,319.4096200980393,0.8989632682024132,0.9134492180670877,0.9349095369630567,0.003129786060727778,0.004873802605464979
163,16.00325012207031,3.340318862405064,0,2447.315434382996,49.47034904246174,2.794530349663438,5.901902681573407,1.010504624912982,319.4096200980393,0.8989632682024132,0.9134492180670877,0.9349095369630567,0.003129786060727778,0.004873802605464979
164,16.00325012207031,3.340318862405064,0,2447.315434382996,49.47034904246174,2.794530349663438,5.901902681573407,1.010504624912982,319.4096200980393,0.8989632682024132,0.9134492180670877,0.9349095369630567,0.003129786060727778,0.004873802605464979
165,16.00325012207031,3.340318862405064,0,2447.315434382996,49.47034904246174,2.794530349663438,5.901902681573407,1.010504624912982,319.4096200980393,0.8989632682024132,0.9134492180670877,0.9349095369630567,0.003129786060727778,0.004873802605464979
166,16.00325012207031,3.340318862405064,0,2447.315434382996,49.47034904246174,2.794530349663438,5.901902681573407,1.010504624912982,319.4096200980393,0.8989632682024132,0.9134492180670877,0.9349095369630567,0.003129786060727778,0.004873802605464979
167,16.00325012207031,3.340318862405064,0,2447.315434382996,49.47034904246174,2.794530349663438,5.901902681573407,1.010504624912982,319.4096200980393,0.8989632682024132,0.9134492180670877,0.9349095369630567,0.003129786060727778,0.004873802605464979
168,16.00325012207031,3.340318862405064,0,2447.315434382996,49.47034904246174,2.794530349663438,5.901902681573407,1.010504624912982,319.4096200980393,0.8989632682024132,0.9134492180670877,0.9349095369630567,0.003129786060727778,0.004873802605464979
169,16.00325012207031,3.340318862405064,0,2447.315434382996,49.47034904246174,2.794530349663438,5.901902681573407,1.010504624912982,319.4096200980393,0.8989632682024132,0.9134492180670877,0.9349095369630567,0.003129786060727778,0.004873802605464979
170,16.00325012207031,3.340318862405064,0,2447.315434382996,49.47034904246174,2.794530349663438,5.901902681573407,1.010504624912982,319.4096200980393,0.8989632682024132,0.9134492180670877,0.9349095369630567,0.003129786060727778,0.004873802605464979
171,16.00325012207031,3.340318862405064,0,2447.315434382996,49.47034904246174,2.794530349663438,5.901902681573407,1.010504624912982,319.4096200980393,0.8989632682024132,0.9134492180670877,0.9349095369630567,0.003129786060727778,0.004873802605464979
172,16.00325012207031,3.340318862405064,0,2447.315434382996,49.47034904246174,2.794530349663438,5.901902681573407,1.010504624912982,319.4096200980393,0.8989632682024132,0.9134492180670877,0.9349095369630567,0.003129786060727778,0.004873802605464979
173,16.00325012207031,3.340318862405064,0,2447.315434382996,49.47034904246174,2.794530349663438,5.901902681573407,1.010504624912982,319.4096200980393,0.8989632682024132,0.9134492180670877,0.9349095369630567,0.003129786060727778,0.004873802605464979
174,16.00325012207031,3.340318862405064,0,2447.315434382996,49.47034904246174,2.794530349663438,5.901902681573407,1.010504624912982,319.4096200980393,0.8989632682024132,0.9134492180670877,0.9349095369630567,0.003129786060727778,0.004873802605464979
175,16.00325012207031,3.340318862405064,0,2447.315434382996,49.47034904246174,2.794530349663438,5.901902681573407,1.010504624912982,319.4096200980393,0.8989632682024132,0.9134492180670877,0.9349095369630567,0.003129786060727778,0.004873802605464979
176,16.00325012207031,3.340318862405064,0,2447.315434382996,49.47034904246174,2.794530349663438,5.901902681573407,1.010504624912982,319.4096200980393,0.8989632682024132,0.9134492180670877,0.9349095369630567,0.003129786060727778,0.004873802605464979
177,16.00325012207031,3.340318862405064,0,2447.315434382996,49.47034904246174,2.794530349663438,5.901902681573407,1.010504624912982,319.4096200980393,0.8989632682024132,0.9134492180670877,0.9349095369630567,0.003129786060727778,0.004873802605464979
178,16.00325012207031,3.340318862405064,0,2447.315434382996,49.47034904246174,2.794530349663438,5.901902681573407,1.010504624912982,319.4096200980393,0.8989632682024132,0.9134492180670877,0.9349095369630567,0.003129786060727778,0.004873802605464979
179,16.00325012207031,3.340318862405064,0,2447.315434382996,49.47034904246174,2.794530349663438,5.901902681573407,1.010504624912982,319.4096200980393,0.8989632682024132,0.9134492180670877,0.9349095369630567,0.003129786060727778,0.004873802605464979
180,16.00325012207031,3.340318862405064,0,2447.315434382996,49.47034904246174,2.794530349663438,5.901902681573407,1.010504624912982,319.4096200980393,0.8989632682024132,0.9134492180670877,0.9349095369630567,0.003129786060727778,0.004873802605464979
181,16.00325012207031,3.340318862405064,0,2447.315434382996,49.47034904246174,2.794530349663438,5.901902681573407,1.010504624912982,319.4096200980393,0.8989632682024132,0.9134492180670877,0.9349095369630567,0.003129786060727778,0.004873802605464979
182,16.00325012207031,3.340318862405064,0,2447.315434382996,49.47034904246174,2.794530349663438,5.901902681573407,1.010504624912982,319.4096200980393,0.8989632682024132,0.9134492180670877,0.9349095369630567,0.003129786060727778,0.004873802605464979
183,16.00325012207031,3.340318862405064,0,2447.315434382996,49.47034904246174,2.794530349663438,5.901902681573407,1.010504624912982,319.4096200980393,0.8989632682024132,0.9134492180670877,0.9349095369630567,0.003129786060727778,0.004873802605464979
184,16.00325012207031,3.340318862405064,0,2447.315434382996,49.47034904246174,2.794530349663438,5.901902681573407,1.010504624912982,319.4096200980393,0.8989632682024132,0.9134492180670877,0.9349095369630567,0.003129786060727778,0.004873802605464979
185,16.00325012207031,3.340318862405064,0,2447.315434382996,49.47034904246174,2.794530349663438,5.901902681573407,1.010504624912982,319.4096200980393,0.8989632682024132,0.9134492180670877,0.9349095369630567,0.003129786060727778,0.004873802605464979
186,16.00325012207031,3.340318862405064,0,2447.315434382996,49.47034904246174,2.794530349663438,5.901902681573407,1.010504624912982,319.4096200980393,0.8989632682024132,0.9134492180670877,0.9349095369630567,0.003129786060727778,0.004873802605464979
187,16.00325012207031,3.340318862405064,0,2447.315434382996,49.47034904246174,2.794530349663438,5.901902681573407,1.010504624912982,319.4096200980393,0.8989632682024132,0.9134492180670877,0.9349095369630567,0.003129786060727778,0.004873802605464979
188,16.00325012207031,3.340318862405064,0,2447.315434382996,49.47034904246174,2.794530349663438,5.901902681573407,1.010504624912982,319.4096200980393,0.8989632682024132,0.9134492180670877,0.9349095369630567,0.003129786060727778,0.004873802605464979
189,16.00325012207031,3.340318862405064,0,2447.315434382996,49.47034904246174,2.794530349663438,5.901902681573407,1.010504624912982,319.4096200980393,0.8989632682024132,0.9134492180670877,0.9349095369630567,0.003129786060727778,0.004873802605464979
190,16.00325012207031,3.340318862405064,0,2447.315434382996,49.47034904246174,2.794530349663438,5.901902681573407,1.010504624912982,319.4096200980393,0.8989632682024132,0.9134492180670877,0.9349095369630567,0.003129786060727778,0.004873802605464979
191,16.00325012207031,3.340318862405064,0,2447.315434382996,49.47034904246174,2.794530349663438,5.901902681573407,1.010504624912982,319.4096200980393,0.8989632682024132,0.9134492180670877,0.9349095369630567,0.003129786060727778,0.004873802605464979
192,16.00325012207031,3.340318862405064,0,2447.315434382996,49.47034904246174,2.794530349663438,5.901902681573407,1.010504624912982,319.4096200980393,0.8989632682024132,0.9134492180670877,0.9349095369630567,0.003129786060727778,0.004873802605464979
193,16.00325012207031,3.340318862405064,0,2447.315434382996,49.47034904246174,2.794530349663438,5.901902681573407,1.010504624912982,319.4096200980393,0.8989632682024132,0.9134492180670877,0.9349095369630567,0.003129786060727778,0.004873802605464979
194,16.00325012207031,3.340318862405064,0,2447.315434382996,49.47034904246174,2.794530349663438,5.901902681573407,1.010504624912982,319.4096200980393,0.8989632682024132,0.9134492180670877,0.9349095369630567,0.003129786060727778,0.004873802605464979
195,16.00325012207031,3.340318862405064,0,2447.315434382996,49.47034904246174,2.794530349663438,5.901902681573407,1.010504624912982,319.4096200980393,0.8989632682024132,0.9134492180670877,0.9349095369630567,0.003129786060727778,0.004873802605464979
196,16.00325012207031,3.340318862405064,0,2447.315434382996,49.47034904246174,2.794530349663438,5.901902681573407,1.010504624912982,319.4096200980393,0.8989632682024132,0.9134492180670877,0.9349095369630567,0.003129786060727778,0.004873802605464979
197,16.00325012207031,3.340318862405064,0,2447.315434382996,49.47034904246174,2.794530349663438,5.901902681573407,1.010504624912982,319.4096200980393,0.8989632682024132,0.9134492180670877,0.9349095369630567,0.003129786060727778,0.004873802605464979
198,16.00325012207031,3.340318862405064,0,2447.315434382996,49.47034904246174,2.794530349663438,5.901902681573407,1.010504624912982,319.4096200980393,0.8989632682024132,0.9134492180670877,0.9349095369630567,0.003129786060727778,0.004873802605464979
199,16.00325012207031,3.340318862405064,0,2447.315434382996,49.47034904246174,2.794530349663438,5.901902681573407,1.010504624912982,319.4096200980393,0.8989632682024132,0.9134492180670877,0.9349095369630567,0.003129786060727778,0.004873802605464979
200,16.00325012207031,3.340318862405064,0,2447.315434382996,49.47034904246174,2.794530349663438,5.901902681573407,1.010504624912982,319.4096200980393,0.8989632682024132,0.9134492180670877,0.9349095369630567,0.003129786060727778,0.004873802605464979
201,16.00325012207031,3.340318862405064,0,2447.315434382996,49.47034904246174,2.794530349663438,5.901902681573407,1.010504624912982,319.4096200980393,0.8989632682024132,0.9134492180670877,0.9349095369630567,0.003129786060727778,0.004873802605464979
202,16.00325012207031,3.340318862405064,0,2447.315434382996,49.47034904246174,2.794530349663438,5.901902681573407,1.010504624912982,319.4096200980393,0.8989632682024132,0.9134492180670877,0.9349095369630567,0.003129786060727778,0.004873802605464979
203,16.00325012207031,3.340318862405064,0,2447.315434382996,49.47034904246174,2.794530349663438,5.901902681573407,1.010504624912982,319.4096200980393,0.8989632682024132,0.9134492180670877,0.9349095369630567,0.003129786060727778,0.004873802605464979
204,16.00325012207031,3.340318862405064,0,2447.315434382996,49.47034904246174,2.794530349663438,5.901902681573407,1.010504624912982,319.4096200980393,0.8989632682024132,0.9134492180670877,0.9349095369630567,0.003129786060727778,0.004873802605464979
205,16.00325012207031,3.340318862405064,0,2447.315434382996,49.47034904246174,2.794530349663438,5.901902681573407,1.010504624912982,319.4096200980393,0.8989632682024132,0.9134492180670877,0.9349095369630567,0.003129786060727778,0.004873802605464979
206,16.00325012207031,3.340318862405064,0,2447.315434382996,49.47034904246174,2.794530349663438,5.901902681573407,1.010504624912982,319.4096200980393,0.8989632682024132,0.9134492180670877,0.9349095369630567,0.003129786060727778,0.004873802605464979
207,16.00325012207031,3.340318862405064,0,2447.315434382996,49.47034904246174,2.794530349663438,5.901902681573407,1.010504624912982,319.4096200980393,0.8989632682024132,0.9134492180670877,0.9349095369630567,0.003129786060727778,0.004873802605464979
208,16.00325012207031,3.340318862405064,0,2447.315434382996,49.47034904246174,2.794530349663438,5.901902681573407,1.010504624912982,319.4096200980393,0.8989632682024132,0.9134492180670877,0.9349095369630567,0.003129786060727778,0.004873802605464979
209,16.00325012207031,3.340318862405064,0,2447.315434382996,49.47034904246174,2.794530349663438,5.901902681573407,1.010504624912982,319.4096200980393,0.8989632682024132,0.9134492180670877,0.9349095369630567,0.003129786060727778,0.004873802605464979
210,16.00325012207031,3.340318862405064,0,2447.315434382996,49.47034904246174,2.794530349663438,5.901902681573407,1.010504624912982,319.4096200980393,0.8989632682024132,0.9134492180670877,0.9349095369630567,0.003129786060727778,0.004873802605464979
211,16.00325012207031,3.340318862405064,0,2447.315434382996,49.47034904246174,2.794530349663438,5.901902681573407,1.010504624912982,319.4096200980393,0.8989632682024132,0.9134492180670877,0.9349095369630567,0.003129786060727778,0.004873802605464979
212,16.00325012207031,3.340318862405064,0,2447.315434382996,49.47034904246174,2.794530349663438,5.901902681573407,1.010504624912982,319.4096200980393,0.8989632682024132,0.9134492180670877,0.9349095369630567,0.003129786060727778,0.004873802605464979
213,16.00325012207031,3.340318862405064,0,2447.315434382996,49.47034904246174,2.794530349663438,5.901902681573407,1.010504624912982,319.4096200980393,0.8989632682024132,0.9134492180670877,0.9349095369630567,0.003129786060727778,0.004873802605464979
214,16.00325012207031,3.340318862405064,0,2447.315434382996,49.47034904246174,2.794530349663438,5.901902681573407,1.010504624912982,319.4096200980393,0.8989632682024132,0.9134492180670877,0.9349095369630567,0.003129786060727778,0.004873802605464979
215,16.00325012207031,3.340318862405064,0,2447.315434382996,49.47034904246174,2.794530349663438,5.901902681573407,1.010504624912982,319.4096200980393,0.8989632682024132,0.9134492180670877,0.9349095369630567,0.003129786060727778,0.004873802605464979
216,16.00325012207031,3.340318862405064,0,2447.315434382996,49.47034904246174,2.794530349663438,5.901902681573407,1.010504624912982,319.4096200980393,0.8989632682024132,0.9134492180670877,0.9349095369630567,0.003129786060727778,0.004873802605464979
217,16.00325012207031,3.340318862405064,0,2447.315434382996,49.47034904246174,2.794530349663438,5.901902681573407,1.010504624912982,319.4096200980393,0.8989632682024132,0.9134492180670877,0.9349095369630567,0.003129786060727778,0.004873802605464979
218,16.00325012207031,3.340318862405064,0,2447.315434382996,49.47034904246174,2.794530349663438,5.901902681573407,1.010504624912982,319.4096200980393,0.8989632682024132,0.9134492180670877,0.9349095369630567,0.003129786060727778,0.004873802605464979
219,16.00325012207031,3.340318862405064,0,2447.315434382996,49.47034904246174,2.794530349663438,5.901902681573407,1.010504624912982,319.4096200980393,0.8989632682024132,0.9134492180670877,0.9349095369630567,0.003129786060727778,0.004873802605464979
220,16.00325012207031,3.340318862405064,0,2447.315434382996,49.47034904246174,2.794530349663438,5.901902681573407,1.010504624912982,319.4096200980393,0.8989632682024132,0.9134492180670877,0.9349095369630567,0.003129786060727778,0.004873802605464979
221,16.00325012207031,3.340318862405064,0,2447.315434382996,49.47034904246174,2.794530349663438,5.901902681573407,1.010504624912982,319.4096200980393,0.8989632682024132,0.9134492180670877,0.9349095369630567,0.003129786060727778,0.004873802605464979
222,16.00325012207031,3.340318862405064,0,2447.315434382996,49.47034904246174,2.794530349663438,5.901902681573407,1.010504624912982,319.4096200980393,0.8989632682024132,0.9134492180670877,0.9349095369630567,0.003129786060727778,0.004873802605464979
223,16.00325012207031,3.340318862405064,0,2447.315434382996,49.47034904246174,2.794530349663438,5.901902681573407,1.010504624912982,319.4096200980393,0.8989632682024132,0.9134492180670877,0.9349095369630567,0.003129786060727778,0.004873802605464979
224,16.00325012207031,3.340318862405064,0,2447.315434382996,49.47034904246174,2.794530349663438,5.901902681573407,1.010504624912982,319.4096200980393,0.8989632682024132,0.9134492180670877,0.9349095369630567,0.003129786060727778,0.004873802605464979
225,16.00325012207031,3.340318862405064,0,2447.315434382996,49.47034904246174,2.794530349663438,5.901902681573407,1.010504624912982,319.4096200980393,0.8989632682024132,0.9134492180670877,0.9349095369630567,0.003129786060727778,0.004873802605464979
226,16.00325012207031,3.340318862405064,0,2447.315434382996,49.47034904246174,2.794530349663438,5.901902681573407,1.010504624912982,319.4096200980393,0.8989632682024132,0.9134492180670877,0.9349095369630567,0.003129786060727778,0.004873802605464979
227,16.00325012207031,3.340318862405064,0,2447.315434382996,49.47034904246174,2.794530349663438,5.901902681573407,1.010504624912982,319.4096200980393,0.8989632682024132,0.9134492180670877,0.9349095369630567,0.003129786060727778,0.004873802605464979
228,16.00325012207031,3.340318862405064,0,2447.315434382996,49.47034904246174,2.794530349663438,5.901902681573407,1.010504624912982,319.4096200980393,0.8989632682024132,0.9134492180670877,0.9349095369630567,0.003129786060727778,0.004873802605464979
229,16.00325012207031,3.340318862405064,0,2447.315434382996,49.47034904246174,2.794530349663438,5.901902681573407,1.010504624912982,319.4096200980393,0.8989632682024132,0.9134492180670877,0.9349095369630567,0.003129786060727778,0.004873802605464979
230,16.00325012207031,3.340318862405064,0,2447.315434382996,49.47034904246174,2.794530349663438,5.901902681573407,1.010504624912982,319.4096200980393,0.8989632682024132,0.9134492180670877,0.9349095369630567,0.003129786060727778,0.004873802605464979
231,16.00325012207031,3.340318862405064,0,2447.315434382996,49.47034904246174,2.794530349663438,5.901902681573407,1.010504624912982,319.4096200980393,0.8989632682024132,0.9134492180670877,0.9349095369630567,0.003129786060727778,0.004873802605464979
232,16.00325012207031,3.340318862405064,0,2447.315434382996,49.47034904246174,2.794530349663438,5.901902681573407,1.010504624912982,319.4096200980393,0.8989632682024132,0.9134492180670877,0.9349095369630567,0.003129786060727778,0.004873802605464979
233,16.00325012207031,3.340318862405064,0,2447.315434382996,49.47034904246174,2.794530349663438,5.901902681573407,1.010504624912982,319.4096200980393,0.8989632682024132,0.9134492180670877,0.9349095369630567,0.003129786060727778,0.004873802605464979
234,16.00325012207031,3.340318862405064,0,2447.315434382996,49.47034904246174,2.794530349663438,5.901902681573407,1.010504624912982,319.4096200980393,0.8989632682024132,0.9134492180670877,0.9349095369630567,0.003129786060727778,0.004873802605464979
235,16.00325012207031,3.340318862405064,0,2447.315434382996,49.47034904246174,2.794530349663438,5.901902681573407,1.010504624912982,319.4096200980393,0.8989632682024132,0.9134492180670877,0.9349095369630567,0.003129786060727778,0.004873802605464979
236,16.00325012207031,3.340318862405064,0,2447.315434382996,49.47034904246174,2.794530349663438,5.901902681573407,1.010504624912982,319.4096200980393,0.8989632682024132,0.9134492180670877,0.9349095369630567,0.003129786060727778,0.004873802605464979
237,16.00325012207031,3.340318862405064,0,2447.315434382996,49.47034904246174,2.794530349663438,5.901902681573407,1.010504624912982,319.4096200980393,0.8989632682024132,0.9134492180670877,0.9349095369630567,0.003129786060727778,0.004873802605464979
238,16.00325012207031,3.340318862405064,0,2447.315434382996,49.47034904246174,2.794530349663438,5.901902681573407,1.010504624912982,319.4096200980393,0.8989632682024132,0.9134492180670877,0.9349095369630567,0.003129786060727778,0.004873802605464979
239,16.00325012207031,3.340318862405064,0,2447.315434382996,49.47034904246174,2.794530349663438,5.901902681573407,1.010504624912982,319.4096200980393,0.8989632682024132,0.9134492180670877,0.9349095369630567,0.003129786060727778,0.004873802605464979
240,16.00325012207031,3.340318862405064,0,2447.315434382996,49.47034904246174,2.794530349663438,5.901902681573407,1.010504624912982,319.4096200980393,0.8989632682024132,0.9134492180670877,0.9349095369630567,0.003129786060727778,0.004873802605464979
241,16.00325012207031,3.340318862405064,0,2447.315434382996,49.47034904246174,2.794530349663438,5.901902681573407,1.010504624912982,319.4096200980393,0.8989632682024132,0.9134492180670877,0.9349095369630567,0.003129786060727778,0.004873802605464979
242,16.00325012207031,3.340318862405064,0,2447.315434382996,49.47034904246174,2.794530349663438,5.901902681573407,1.010504624912982,319.4096200980393,0.8989632682024132,0.9134492180670877,0.9349095369630567,0.003129786060727778,0.004873802605464979
243,16.00325012207031,3.340318862405064,0,2447.315434382996,49.47034904246174,2.794530349663438,5.901902681573407,1.010504624912982,319.4096200980393,0.8989632682024132,0.9134492180670877,0.9349095369630567,0.003129786060727778,0.004873802605464979
244,16.00325012207031,3.340318862405064,0,2447.315434382996,49.47034904246174,2.794530349663438,5.901902681573407,1.010504624912982,319.4096200980393,0.8989632682024132,0.9134492180670877,0.9349095369630567,0.003129786060727778,0.004873802605464979
245,16.00325012207031,3.340318862405064,0,2447.315434382996,49.47034904246174,2.794530349663438,5.901902681573407,1.010504624912982,319.4096200980393,0.8989632682024132,0.9134492180670877,0.9349095369630567,0.003129786060727778,0.004873802605464979
246,16.00325012207031,3.340318862405064,0,2447.315434382996,49.47034904246174,2.794530349663438,5.901902681573407,1.010504624912982,319.4096200980393,0.8989632682024132,0.9134492180670877,0.9349095369630567,0.003129786060727778,0.004873802605464979
247,16.00325012207031,3.340318862405064,0,2447.315434382996,49.47034904246174,2.794530349663438,5.901902681573407,1.010504624912982,319.4096200980393,0.8989632682024132,0.9134492180670877,0.9349095369630567,0.003129786060727778,0.004873802605464979
248,16.00325012207031,3.340318862405064,0,2447.315434382996,49.47034904246174,2.794530349663438,5.901902681573407,1.010504624912982,319.4096200980393,0.8989632682024132,0.9134492180670877,0.9349095369630567,0.003129786060727778,0.004873802605464979
249,16.00325012207031,3.340318862405064,0,2447.315434382996,49.47034904246174,2.794530349663438,5.901902681573407,1.010504624912982,319.4096200980393,0.8989632682024132,0.9134492180670877,0.9349095369630567,0.003129786060727778,0.004873802605464979
250,16.00325012207031,3.340318862405064,0,2447.315434382996,49.47034904246174,2.794530349663438,5.901902681573407,1.010504624912982,319.4096200980393,0.8989632682024132,0.9134492180670877,0.9349095369630567,0.003129786060727778,0.004873802605464979
251,16.00325012207031,3.340318862405064,0,2447.315434382996,49.47034904246174,2.794530349663438,5.901902681573407,1.010504624912982,319.4096200980393,0.8989632682024132,0.9134492180670877,0.9349095369630567,0.003129786060727778,0.004873802605464979
252,16.00325012207031,3.340318862405064,0,2447.315434382996,49.47034904246174,2.794530349663438,5.901902681573407,1.010504624912982,319.4096200980393,0.8989632682024132,0.9134492180670877,0.9349095369630567,0.003129786060727778,0.004873802605464979
253,16.00325012207031,3.340318862405064,0,2447.315434382996,49.47034904246174,2.794530349663438,5.901902681573407,1.010504624912982,319.4096200980393,0.8989632682024132,0.9134492180670877,0.9349095369630567,0.003129786060727778,0.004873802605464979
254,16.00325012207031,3.340318862405064,0,2447.315434382996,49.47034904246174,2.794530349663438,5.901902681573407,1.010504624912982,319.4096200980393,0.8989632682024132,0.9134492180670877,0.9349095369630567,0.003129786060727778,0.004873802605464979
255,16.00325012207031,3.340318862405064,0,2447.315434382996,49.47034904246174,2.794530349663438,5.901902681573407,1.010504624912982,319.4096200980393,0.8989632682024132,0.9134492180670877,0.9349095369630567,0.003129786060727778,0.004873802605464979
256,16.00325012207031,3.340318862405064,0,2447.315434382996,49.47034904246174,2.794530349663438,5.901902681573407,1.010504624912982,319.4096200980393,0.8989632682024132,0.9134492180670877,0.9349095369630567,0.003129786060727778,0.004873802605464979
257,16.00325012207031,3.340318862405064,0,2447.315434382996,49.47034904246174,2.794530349663438,5.901902681573407,1.010504624912982,319.4096200980393,0.8989632682024132,0.9134492180670877,0.9349095369630567,0.003129786060727778,0.004873802605464979
258,16.00325012207031,3.340318862405064,0,2447.315434382996,49.47034904246174,2.794530349663438,5.901902681573407,1.010504624912982,319.4096200980393,0.8989632682024132,0.9134492180670877,0.9349095369630567,0.003129786060727778,0.004873802605464979
259,16.00325012207031,3.340318862405064,0,2447.315434382996,49.47034904246174,2.794530349663438,5.901902681573407,1.010504624912982,319.4096200980393,0.8989632682024132,0.9134492180670877,0.9349095369630567,0.003129786060727778,0.004873802605464979
260,16.00325012207031,3.340318862405064,0,2447.315434382996,49.47034904246174,2.794530349663438,5.901902681573407,1.010504624912982,319.4096200980393,0.8989632682024132,0.9134492180670877,0.9349095369630567,0.003129786060727778,0.004873802605464979
261,16.00325012207031,3.340318862405064,0,2447.315434382996,49.47034904246174,2.794530349663438,5.901902681573407,1.010504624912982,319.4096200980393,0.8989632682024132,0.9134492180670877,0.9349095369630567,0.003129786060727778,0.004873802605464979
262,16.00325012207031,3.340318862405064,0,2447.315434382996,49.47034904246174,2.794530349663438,5.901902681573407,1.010504624912982,319.4096200980393,0.8989632682024132,0.9134492180670877,0.9349095369630567,0.003129786060727778,0.004873802605464979
263,16.00325012207031,3.340318862405064,0,2447.315434382996,49.47034904246174,2.794530349663438,5.901902681573407,1.010504624912982,319.4096200980393,0.8989632682024132,0.9134492180670877,0.9349095369630567,0.003129786060727778,0.004873802605464979
264,16.00325012207031,3.340318862405064,0,2447.315434382996,49.47034904246174,2.794530349663438,5.901902681573407,1.010504624912982,319.4096200980393,0.8989632682024132,0.9134492180670877,0.9349095369630567,0.003129786060727778,0.004873802605464979
265,16.00325012207031,3.340318862405064,0,2447.315434382996,49.47034904246174,2.794530349663438,5.901902681573407,1.010504624912982,319.4096200980393,0.8989632682024132,0.9134492180670877,0.9349095369630567,0.003129786060727778,0.004873802605464979
266,16.00325012207031,3.340318862405064,0,2447.315434382996,49.47034904246174,2.794530349663438,5.901902681573407,1.010504624912982,319.4096200980393,0.8989632682024132,0.9134492180670877,0.9349095369630567,0.003129786060727778,0.004873802605464979
267,16.00325012207031,3.340318862405064,0,2447.315434382996,49.47034904246174,2.794530349663438,5.901902681573407,1.010504624912982,319.4096200980393,0.8989632682024132,0.9134492180670877,0.9349095369630567,0.003129786060727778,0.004873802605464979
268,16.00325012207031,3.340318862405064,0,2447.315434382996,49.47034904246174,2.794530349663438,5.901902681573407,1.010504624912982,319.4096200980393,0.8989632682024132,0.9134492180670877,0.9349095369630567,0.003129786060727778,0.004873802605464979
269,16.00325012207031,3.340318862405064,0,2447.315434382996,49.47034904246174,2.794530349663438,5.901902681573407,1.010504624912982,319.4096200980393,0.8989632682024132,0.9134492180670877,0.9349095369630567,0.003129786060727778,0.004873802605464979
270,16.00325012207031,3.340318862405064,0,2447.315434382996,49.47034904246174,2.794530349663438,5.901902681573407,1.010504624912982,319.4096200980393,0.8989632682024132,0.9134492180670877,0.9349095369630567,0.003129786060727778,0.004873802605464979
271,16.00325012207031,3.340318862405064,0,2447.315434382996,49.47034904246174,2.794530349663438,5.901902681573407,1.010504624912982,319.4096200980393,0.8989632682024132,0.9134492180670877,0.9349095369630567,0.003129786060727778,0.004873802605464979
272,16.00325012207031,3.340318862405064,0,2447.315434382996,49.47034904246174,2.794530349663438,5.901902681573407,1.010504624912982,319.4096200980393,0.8989632682024132,0.9134492180670877,0.9349095369630567,0.003129786060727778,0.004873802605464979
273,16.00325012207031,3.340318862405064,0,2447.315434382996,49.47034904246174,2.794530349663438,5.901902681573407,1.010504624912982,319.4096200980393,0.8989632682024132,0.9134492180670877,0.9349095369630567,0.003129786060727778,0.004873802605464979
274,16.00325012207031,3.340318862405064,0,2447.315434382996,49.47034904246174,2.794530349663438,5.901902681573407,1.010504624912982,319.4096200980393,0.8989632682024132,0.9134492180670877,0.9349095369630567,0.003129786060727778,0.004873802605464979
275,16.00325012207031,3.340318862405064,0,2447.315434382996,49.47034904246174,2.794530349663438,5.901902681573407,1.010504624912982,319.4096200980393,0.8989632682024132,0.9134492180670877,0.9349095369630567,0.003129786060727778,0.004873802605464979
276,16.00325012207031,3.340318862405064,0,2447.315434382996,49.47034904246174,2.794530349663438,5.901902681573407,1.010504624912982,319.4096200980393,0.8989632682024132,0.9134492180670877,0.9349095369630567,0.003129786060727778,0.004873802605464979
277,16.00325012207031,3.340318862405064,0,2447.315434382996,49.47034904246174,2.794530349663438,5.901902681573407,1.010504624912982,319.4096200980393,0.8989632682024132,0.9134492180670877,0.9349095369630567,0.003129786060727778,0.004873802605464979
278,16.00325012207031,3.340318862405064,0,2447.315434382996,49.47034904246174,2.794530349663438,5.901902681573407,1.010504624912982,319.4096200980393,0.8989632682024132,0.9134492180670877,0.9349095369630567,0.003129786060727778,0.004873802605464979
279,16.00325012207031,3.340318862405064,0,2447.315434382996,49.47034904246174,2.794530349663438,5.901902681573407,1.010504624912982,319.4096200980393,0.8989632682024132,0.9134492180670877,0.9349095369630567,0.003129786060727778,0.004873802605464979
280,16.00325012207031,3.340318862405064,0,2447.315434382996,49.47034904246174,2.794530349663438,5.901902681573407,1.010504624912982,319.4096200980393,0.8989632682024132,0.9134492180670877,0.9349095369630567,0.003129786060727778,0.004873802605464979
281,16.00325012207031,3.340318862405064,0,2447.315434382996,49.47034904246174,2.794530349663438,5.901902681573407,1.010504624912982,319.4096200980393,0.8989632682024132,0.9134492180670877,0.9349095369630567,0.003129786060727778,0.004873802605464979
282,16.00325012207031,3.340318862405064,0,2447.315434382996,49.47034904246174,2.794530349663438,5.901902681573407,1.010504624912982,319.4096200980393,0.8989632682024132,0.9134492180670877,0.9349095369630567,0.003129786060727778,0.004873802605464979
283,16.00325012207031,3.340318862405064,0,2447.315434382996,49.47034904246174,2.794530349663438,5.901902681573407,1.010504624912982,319.4096200980393,0.8989632682024132,0.9134492180670877,0.9349095369630567,0.003129786060727778,0.004873802605464979
284,16.00325012207031,3.340318862405064,0,2447.315434382996,49.47034904246174,2.794530349663438,5.901902681573407,1.010504624912982,319.4096200980393,0.8989632682024132,0.9134492180670877,0.9349095369630567,0.003129786060727778,0.004873802605464979
285,16.00325012207031,3.340318862405064,0,2447.315434382996,49.47034904246174,2.794530349663438,5.901902681573407,1.010504624912982,319.4096200980393,0.8989632682024132,0.9134492180670877,0.9349095369630567,0.003129786060727778,0.004873802605464979
286,16.00325012207031,3.340318862405064,0,2447.315434382996,49.47034904246174,2.794530349663438,5.901902681573407,1.010504624912982,319.4096200980393,0.8989632682024132,0.9134492180670877,0.9349095369630567,0.003129786060727778,0.004873802605464979
287,16.00325012207031,3.340318862405064,0,2447.315434382996,49.47034904246174,2.794530349663438,5.901902681573407,1.010504624912982,319.4096200980393,0.8989632682024132,0.9134492180670877,0.9349095369630567,0.003129786060727778,0.004873802605464979
288,16.00325012207031,3.340318862405064,0,2447.315434382996,49.47034904246174,2.794530349663438,5.901902681573407,1.010504624912982,319.4096200980393,0.8989632682024132,0.9134492180670877,0.9349095369630567,0.003129786060727778,0.004873802605464979
289,16.00325012207031,3.340318862405064,0,2447.315434382996,49.47034904246174,2.794530349663438,5.901902681573407,1.010504624912982,319.4096200980393,0.8989632682024132,0.9134492180670877,0.9349095369630567,0.003129786060727778,0.004873802605464979
290,16.00325012207031,3.340318862405064,0,2447.315434382996,49.47034904246174,2.794530349663438,5.901902681573407,1.010504624912982,319.4096200980393,0.8989632682024132,0.9134492180670877,0.9349095369630567,0.003129786060727778,0.004873802605464979
291,16.00325012207031,3.340318862405064,0,2447.315434382996,49.47034904246174,2.794530349663438,5.901902681573407,1.010504624912982,319.4096200980393,0.8989632682024132,0.9134492180670877,0.9349095369630567,0.003129786060727778,0.004873802605464979
292,16.00325012207031,3.340318862405064,0,2447.315434382996,49.47034904246174,2.794530349663438,5.901902681573407,1.010504624912982,319.4096200980393,0.8989632682024132,0.9134492180670877,0.9349095369630567,0.003129786060727778,0.004873802605464979
293,16.00325012207031,3.340318862405064,0,2447.315434382996,49.47034904246174,2.794530349663438,5.901902681573407,1.010504624912982,319.4096200980393,0.8989632682024132,0.9134492180670877,0.9349095369630567,0.003129786060727778,0.004873802605464979
294,16.00325012207031,3.340318862405064,0,2447.315434382996,49.47034904246174,2.794530349663438,5.901902681573407,1.010504624912982,319.4096200980393,0.8989632682024132,0.9134492180670877,0.9349095369630567,0.003129786060727778,0.004873802605464979
295,16.00325012207031,3.340318862405064,0,2447.315434382996,49.47034904246174,2.794530349663438,5.901902681573407,1.010504624912982,319.4096200980393,0.8989632682024132,0.9134492180670877,0.9349095369630567,0.003129786060727778,0.004873802605464979
296,16.00325012207031,3.340318862405064,0,2447.315434382996,49.47034904246174,2.794530349663438,5.901902681573407,1.010504624912982,319.4096200980393,0.8989632682024132,0.9134492180670877,0.9349095369630567,0.003129786060727778,0.004873802605464979
297,16.00325012207031,3.340318862405064,0,2447.315434382996,49.47034904246174,2.794530349663438,5.901902681573407,1.010504624912982,319.4096200980393,0.8989632682024132,0.9134492180670877,0.9349095369630567,0.003129786060727778,0.004873802605464979
298,16.00325012207031,3.340318862405064,0,2447.315434382996,49.47034904246174,2.794530349663438,5.901902681573407,1.010504624912982,319.4096200980393,0.8989632682024132,0.9134492180670877,0.9349095369630567,0.003129786060727778,0.004873802605464979
299,16.00325012207031,3.340318862405064,0,2447.315434382996,49.47034904246174,2.794530349663438,5.901902681573407,1.010504624912982,319.4096200980393,0.8989632682024132,0.9134492180670877,0.9349095369630567,0.003129786060727778,0.004873802605464979
