,Mean_G,RMS_G,Median_G,Variance_G,Std_G,Skewness_G,Kurtosis_G,Contrast_G,Entropy_G,Energy_G,Homogeneity_G,Correlation_G,IDM_G,Smoothness_G
0,14.90486145019531,3.296312618651758,0,2126.331875780364,46.11216624471642,2.803210553815641,5.972379523438079,1.014062484731047,289.4618259803922,0.8989629729724463,0.9133560926126806,0.9321116433928405,0.003453481532866236,0.004416835805295935
1,14.90486145019531,3.296312618651758,0,2126.331875780364,46.11216624471642,2.803210553815641,5.972379523438079,1.014062484731047,289.4618259803922,0.8989629729724463,0.9133560926126806,0.9321116433928405,0.003453481532866236,0.004416835805295935
2,14.90486145019531,3.296312618651758,0,2126.331875780364,46.11216624471642,2.803210553815641,5.972379523438079,1.014062484731047,289.4618259803922,0.8989629729724463,0.9133560926126806,0.9321116433928405,0.003453481532866236,0.004416835805295935
3,14.90486145019531,3.296312618651758,0,2126.331875780364,46.11216624471642,2.803210553815641,5.972379523438079,1.014062484731047,289.4618259803922,0.8989629729724463,0.9133560926126806,0.9321116433928405,0.003453481532866236,0.004416835805295935
4,14.90486145019531,3.296312618651758,0,2126.331875780364,46.11216624471642,2.803210553815641,5.972379523438079,1.014062484731047,289.4618259803922,0.8989629729724463,0.9133560926126806,0.9321116433928405,0.003453481532866236,0.004416835805295935
5,14.90486145019531,3.296312618651758,0,2126.331875780364,46.11216624471642,2.803210553815641,5.972379523438079,1.014062484731047,289.4618259803922,0.8989629729724463,0.9133560926126806,0.9321116433928405,0.003453481532866236,0.004416835805295935
6,14.90486145019531,3.296312618651758,0,2126.331875780364,46.11216624471642,2.803210553815641,5.972379523438079,1.014062484731047,289.4618259803922,0.8989629729724463,0.9133560926126806,0.9321116433928405,0.003453481532866236,0.004416835805295935
7,14.90486145019531,3.296312618651758,0,2126.331875780364,46.11216624471642,2.803210553815641,5.972379523438079,1.014062484731047,289.4618259803922,0.8989629729724463,0.9133560926126806,0.9321116433928405,0.003453481532866236,0.004416835805295935
8,14.90486145019531,3.296312618651758,0,2126.331875780364,46.11216624471642,2.803210553815641,5.972379523438079,1.014062484731047,289.4618259803922,0.8989629729724463,0.9133560926126806,0.9321116433928405,0.003453481532866236,0.004416835805295935
9,14.90486145019531,3.296312618651758,0,2126.331875780364,46.11216624471642,2.803210553815641,5.972379523438079,1.014062484731047,289.4618259803922,0.8989629729724463,0.9133560926126806,0.9321116433928405,0.003453481532866236,0.004416835805295935
10,14.90486145019531,3.296312618651758,0,2126.331875780364,46.11216624471642,2.803210553815641,5.972379523438079,1.014062484731047,289.4618259803922,0.8989629729724463,0.9133560926126806,0.9321116433928405,0.003453481532866236,0.004416835805295935
11,14.90486145019531,3.296312618651758,0,2126.331875780364,46.11216624471642,2.803210553815641,5.972379523438079,1.014062484731047,289.4618259803922,0.8989629729724463,0.9133560926126806,0.9321116433928405,0.003453481532866236,0.004416835805295935
12,14.90486145019531,3.296312618651758,0,2126.331875780364,46.11216624471642,2.803210553815641,5.972379523438079,1.014062484731047,289.4618259803922,0.8989629729724463,0.9133560926126806,0.9321116433928405,0.003453481532866236,0.004416835805295935
13,14.90486145019531,3.296312618651758,0,2126.331875780364,46.11216624471642,2.803210553815641,5.972379523438079,1.014062484731047,289.4618259803922,0.8989629729724463,0.9133560926126806,0.9321116433928405,0.003453481532866236,0.004416835805295935
14,14.90486145019531,3.296312618651758,0,2126.331875780364,46.11216624471642,2.803210553815641,5.972379523438079,1.014062484731047,289.4618259803922,0.8989629729724463,0.9133560926126806,0.9321116433928405,0.003453481532866236,0.004416835805295935
15,14.90486145019531,3.296312618651758,0,2126.331875780364,46.11216624471642,2.803210553815641,5.972379523438079,1.014062484731047,289.4618259803922,0.8989629729724463,0.9133560926126806,0.9321116433928405,0.003453481532866236,0.004416835805295935
16,14.90486145019531,3.296312618651758,0,2126.331875780364,46.11216624471642,2.803210553815641,5.972379523438079,1.014062484731047,289.4618259803922,0.8989629729724463,0.9133560926126806,0.9321116433928405,0.003453481532866236,0.004416835805295935
17,14.90486145019531,3.296312618651758,0,2126.331875780364,46.11216624471642,2.803210553815641,5.972379523438079,1.014062484731047,289.4618259803922,0.8989629729724463,0.9133560926126806,0.9321116433928405,0.003453481532866236,0.004416835805295935
18,14.90486145019531,3.296312618651758,0,2126.331875780364,46.11216624471642,2.803210553815641,5.972379523438079,1.014062484731047,289.4618259803922,0.8989629729724463,0.9133560926126806,0.9321116433928405,0.003453481532866236,0.004416835805295935
19,14.90486145019531,3.296312618651758,0,2126.331875780364,46.11216624471642,2.803210553815641,5.972379523438079,1.014062484731047,289.4618259803922,0.8989629729724463,0.9133560926126806,0.9321116433928405,0.003453481532866236,0.004416835805295935
20,14.90486145019531,3.296312618651758,0,2126.331875780364,46.11216624471642,2.803210553815641,5.972379523438079,1.014062484731047,289.4618259803922,0.8989629729724463,0.9133560926126806,0.9321116433928405,0.003453481532866236,0.004416835805295935
21,14.90486145019531,3.296312618651758,0,2126.331875780364,46.11216624471642,2.803210553815641,5.972379523438079,1.014062484731047,289.4618259803922,0.8989629729724463,0.9133560926126806,0.9321116433928405,0.003453481532866236,0.004416835805295935
22,14.90486145019531,3.296312618651758,0,2126.331875780364,46.11216624471642,2.803210553815641,5.972379523438079,1.014062484731047,289.4618259803922,0.8989629729724463,0.9133560926126806,0.9321116433928405,0.003453481532866236,0.004416835805295935
23,14.90486145019531,3.296312618651758,0,2126.331875780364,46.11216624471642,2.803210553815641,5.972379523438079,1.014062484731047,289.4618259803922,0.8989629729724463,0.9133560926126806,0.9321116433928405,0.003453481532866236,0.004416835805295935
24,14.90486145019531,3.296312618651758,0,2126.331875780364,46.11216624471642,2.803210553815641,5.972379523438079,1.014062484731047,289.4618259803922,0.8989629729724463,0.9133560926126806,0.9321116433928405,0.003453481532866236,0.004416835805295935
25,14.90486145019531,3.296312618651758,0,2126.331875780364,46.11216624471642,2.803210553815641,5.972379523438079,1.014062484731047,289.4618259803922,0.8989629729724463,0.9133560926126806,0.9321116433928405,0.003453481532866236,0.004416835805295935
26,14.90486145019531,3.296312618651758,0,2126.331875780364,46.11216624471642,2.803210553815641,5.972379523438079,1.014062484731047,289.4618259803922,0.8989629729724463,0.9133560926126806,0.9321116433928405,0.003453481532866236,0.004416835805295935
27,14.90486145019531,3.296312618651758,0,2126.331875780364,46.11216624471642,2.803210553815641,5.972379523438079,1.014062484731047,289.4618259803922,0.8989629729724463,0.9133560926126806,0.9321116433928405,0.003453481532866236,0.004416835805295935
28,14.90486145019531,3.296312618651758,0,2126.331875780364,46.11216624471642,2.803210553815641,5.972379523438079,1.014062484731047,289.4618259803922,0.8989629729724463,0.9133560926126806,0.9321116433928405,0.003453481532866236,0.004416835805295935
29,14.90486145019531,3.296312618651758,0,2126.331875780364,46.11216624471642,2.803210553815641,5.972379523438079,1.014062484731047,289.4618259803922,0.8989629729724463,0.9133560926126806,0.9321116433928405,0.003453481532866236,0.004416835805295935
30,14.90486145019531,3.296312618651758,0,2126.331875780364,46.11216624471642,2.803210553815641,5.972379523438079,1.014062484731047,289.4618259803922,0.8989629729724463,0.9133560926126806,0.9321116433928405,0.003453481532866236,0.004416835805295935
31,14.90486145019531,3.296312618651758,0,2126.331875780364,46.11216624471642,2.803210553815641,5.972379523438079,1.014062484731047,289.4618259803922,0.8989629729724463,0.9133560926126806,0.9321116433928405,0.003453481532866236,0.004416835805295935
32,14.90486145019531,3.296312618651758,0,2126.331875780364,46.11216624471642,2.803210553815641,5.972379523438079,1.014062484731047,289.4618259803922,0.8989629729724463,0.9133560926126806,0.9321116433928405,0.003453481532866236,0.004416835805295935
33,14.90486145019531,3.296312618651758,0,2126.331875780364,46.11216624471642,2.803210553815641,5.972379523438079,1.014062484731047,289.4618259803922,0.8989629729724463,0.9133560926126806,0.9321116433928405,0.003453481532866236,0.004416835805295935
34,14.90486145019531,3.296312618651758,0,2126.331875780364,46.11216624471642,2.803210553815641,5.972379523438079,1.014062484731047,289.4618259803922,0.8989629729724463,0.9133560926126806,0.9321116433928405,0.003453481532866236,0.004416835805295935
35,14.90486145019531,3.296312618651758,0,2126.331875780364,46.11216624471642,2.803210553815641,5.972379523438079,1.014062484731047,289.4618259803922,0.8989629729724463,0.9133560926126806,0.9321116433928405,0.003453481532866236,0.004416835805295935
36,14.90486145019531,3.296312618651758,0,2126.331875780364,46.11216624471642,2.803210553815641,5.972379523438079,1.014062484731047,289.4618259803922,0.8989629729724463,0.9133560926126806,0.9321116433928405,0.003453481532866236,0.004416835805295935
37,14.90486145019531,3.296312618651758,0,2126.331875780364,46.11216624471642,2.803210553815641,5.972379523438079,1.014062484731047,289.4618259803922,0.8989629729724463,0.9133560926126806,0.9321116433928405,0.003453481532866236,0.004416835805295935
38,14.90486145019531,3.296312618651758,0,2126.331875780364,46.11216624471642,2.803210553815641,5.972379523438079,1.014062484731047,289.4618259803922,0.8989629729724463,0.9133560926126806,0.9321116433928405,0.003453481532866236,0.004416835805295935
39,14.90486145019531,3.296312618651758,0,2126.331875780364,46.11216624471642,2.803210553815641,5.972379523438079,1.014062484731047,289.4618259803922,0.8989629729724463,0.9133560926126806,0.9321116433928405,0.003453481532866236,0.004416835805295935
40,14.90486145019531,3.296312618651758,0,2126.331875780364,46.11216624471642,2.803210553815641,5.972379523438079,1.014062484731047,289.4618259803922,0.8989629729724463,0.9133560926126806,0.9321116433928405,0.003453481532866236,0.004416835805295935
41,14.90486145019531,3.296312618651758,0,2126.331875780364,46.11216624471642,2.803210553815641,5.972379523438079,1.014062484731047,289.4618259803922,0.8989629729724463,0.9133560926126806,0.9321116433928405,0.003453481532866236,0.004416835805295935
42,14.90486145019531,3.296312618651758,0,2126.331875780364,46.11216624471642,2.803210553815641,5.972379523438079,1.014062484731047,289.4618259803922,0.8989629729724463,0.9133560926126806,0.9321116433928405,0.003453481532866236,0.004416835805295935
43,14.90486145019531,3.296312618651758,0,2126.331875780364,46.11216624471642,2.803210553815641,5.972379523438079,1.014062484731047,289.4618259803922,0.8989629729724463,0.9133560926126806,0.9321116433928405,0.003453481532866236,0.004416835805295935
44,14.90486145019531,3.296312618651758,0,2126.331875780364,46.11216624471642,2.803210553815641,5.972379523438079,1.014062484731047,289.4618259803922,0.8989629729724463,0.9133560926126806,0.9321116433928405,0.003453481532866236,0.004416835805295935
45,14.90486145019531,3.296312618651758,0,2126.331875780364,46.11216624471642,2.803210553815641,5.972379523438079,1.014062484731047,289.4618259803922,0.8989629729724463,0.9133560926126806,0.9321116433928405,0.003453481532866236,0.004416835805295935
46,14.90486145019531,3.296312618651758,0,2126.331875780364,46.11216624471642,2.803210553815641,5.972379523438079,1.014062484731047,289.4618259803922,0.8989629729724463,0.9133560926126806,0.9321116433928405,0.003453481532866236,0.004416835805295935
47,14.90486145019531,3.296312618651758,0,2126.331875780364,46.11216624471642,2.803210553815641,5.972379523438079,1.014062484731047,289.4618259803922,0.8989629729724463,0.9133560926126806,0.9321116433928405,0.003453481532866236,0.004416835805295935
48,14.90486145019531,3.296312618651758,0,2126.331875780364,46.11216624471642,2.803210553815641,5.972379523438079,1.014062484731047,289.4618259803922,0.8989629729724463,0.9133560926126806,0.9321116433928405,0.003453481532866236,0.004416835805295935
49,14.90486145019531,3.296312618651758,0,2126.331875780364,46.11216624471642,2.803210553815641,5.972379523438079,1.014062484731047,289.4618259803922,0.8989629729724463,0.9133560926126806,0.9321116433928405,0.003453481532866236,0.004416835805295935
50,14.90486145019531,3.296312618651758,0,2126.331875780364,46.11216624471642,2.803210553815641,5.972379523438079,1.014062484731047,289.4618259803922,0.8989629729724463,0.9133560926126806,0.9321116433928405,0.003453481532866236,0.004416835805295935
51,14.90486145019531,3.296312618651758,0,2126.331875780364,46.11216624471642,2.803210553815641,5.972379523438079,1.014062484731047,289.4618259803922,0.8989629729724463,0.9133560926126806,0.9321116433928405,0.003453481532866236,0.004416835805295935
52,14.90486145019531,3.296312618651758,0,2126.331875780364,46.11216624471642,2.803210553815641,5.972379523438079,1.014062484731047,289.4618259803922,0.8989629729724463,0.9133560926126806,0.9321116433928405,0.003453481532866236,0.004416835805295935
53,14.90486145019531,3.296312618651758,0,2126.331875780364,46.11216624471642,2.803210553815641,5.972379523438079,1.014062484731047,289.4618259803922,0.8989629729724463,0.9133560926126806,0.9321116433928405,0.003453481532866236,0.004416835805295935
54,14.90486145019531,3.296312618651758,0,2126.331875780364,46.11216624471642,2.803210553815641,5.972379523438079,1.014062484731047,289.4618259803922,0.8989629729724463,0.9133560926126806,0.9321116433928405,0.003453481532866236,0.004416835805295935
55,14.90486145019531,3.296312618651758,0,2126.331875780364,46.11216624471642,2.803210553815641,5.972379523438079,1.014062484731047,289.4618259803922,0.8989629729724463,0.9133560926126806,0.9321116433928405,0.003453481532866236,0.004416835805295935
56,14.90486145019531,3.296312618651758,0,2126.331875780364,46.11216624471642,2.803210553815641,5.972379523438079,1.014062484731047,289.4618259803922,0.8989629729724463,0.9133560926126806,0.9321116433928405,0.003453481532866236,0.004416835805295935
57,14.90486145019531,3.296312618651758,0,2126.331875780364,46.11216624471642,2.803210553815641,5.972379523438079,1.014062484731047,289.4618259803922,0.8989629729724463,0.9133560926126806,0.9321116433928405,0.003453481532866236,0.004416835805295935
58,14.90486145019531,3.296312618651758,0,2126.331875780364,46.11216624471642,2.803210553815641,5.972379523438079,1.014062484731047,289.4618259803922,0.8989629729724463,0.9133560926126806,0.9321116433928405,0.003453481532866236,0.004416835805295935
59,14.90486145019531,3.296312618651758,0,2126.331875780364,46.11216624471642,2.803210553815641,5.972379523438079,1.014062484731047,289.4618259803922,0.8989629729724463,0.9133560926126806,0.9321116433928405,0.003453481532866236,0.004416835805295935
60,14.90486145019531,3.296312618651758,0,2126.331875780364,46.11216624471642,2.803210553815641,5.972379523438079,1.014062484731047,289.4618259803922,0.8989629729724463,0.9133560926126806,0.9321116433928405,0.003453481532866236,0.004416835805295935
61,14.90486145019531,3.296312618651758,0,2126.331875780364,46.11216624471642,2.803210553815641,5.972379523438079,1.014062484731047,289.4618259803922,0.8989629729724463,0.9133560926126806,0.9321116433928405,0.003453481532866236,0.004416835805295935
62,14.90486145019531,3.296312618651758,0,2126.331875780364,46.11216624471642,2.803210553815641,5.972379523438079,1.014062484731047,289.4618259803922,0.8989629729724463,0.9133560926126806,0.9321116433928405,0.003453481532866236,0.004416835805295935
63,14.90486145019531,3.296312618651758,0,2126.331875780364,46.11216624471642,2.803210553815641,5.972379523438079,1.014062484731047,289.4618259803922,0.8989629729724463,0.9133560926126806,0.9321116433928405,0.003453481532866236,0.004416835805295935
64,14.90486145019531,3.296312618651758,0,2126.331875780364,46.11216624471642,2.803210553815641,5.972379523438079,1.014062484731047,289.4618259803922,0.8989629729724463,0.9133560926126806,0.9321116433928405,0.003453481532866236,0.004416835805295935
65,14.90486145019531,3.296312618651758,0,2126.331875780364,46.11216624471642,2.803210553815641,5.972379523438079,1.014062484731047,289.4618259803922,0.8989629729724463,0.9133560926126806,0.9321116433928405,0.003453481532866236,0.004416835805295935
66,14.90486145019531,3.296312618651758,0,2126.331875780364,46.11216624471642,2.803210553815641,5.972379523438079,1.014062484731047,289.4618259803922,0.8989629729724463,0.9133560926126806,0.9321116433928405,0.003453481532866236,0.004416835805295935
67,14.90486145019531,3.296312618651758,0,2126.331875780364,46.11216624471642,2.803210553815641,5.972379523438079,1.014062484731047,289.4618259803922,0.8989629729724463,0.9133560926126806,0.9321116433928405,0.003453481532866236,0.004416835805295935
68,14.90486145019531,3.296312618651758,0,2126.331875780364,46.11216624471642,2.803210553815641,5.972379523438079,1.014062484731047,289.4618259803922,0.8989629729724463,0.9133560926126806,0.9321116433928405,0.003453481532866236,0.004416835805295935
69,14.90486145019531,3.296312618651758,0,2126.331875780364,46.11216624471642,2.803210553815641,5.972379523438079,1.014062484731047,289.4618259803922,0.8989629729724463,0.9133560926126806,0.9321116433928405,0.003453481532866236,0.004416835805295935
70,14.90486145019531,3.296312618651758,0,2126.331875780364,46.11216624471642,2.803210553815641,5.972379523438079,1.014062484731047,289.4618259803922,0.8989629729724463,0.9133560926126806,0.9321116433928405,0.003453481532866236,0.004416835805295935
71,14.90486145019531,3.296312618651758,0,2126.331875780364,46.11216624471642,2.803210553815641,5.972379523438079,1.014062484731047,289.4618259803922,0.8989629729724463,0.9133560926126806,0.9321116433928405,0.003453481532866236,0.004416835805295935
72,14.90486145019531,3.296312618651758,0,2126.331875780364,46.11216624471642,2.803210553815641,5.972379523438079,1.014062484731047,289.4618259803922,0.8989629729724463,0.9133560926126806,0.9321116433928405,0.003453481532866236,0.004416835805295935
73,14.90486145019531,3.296312618651758,0,2126.331875780364,46.11216624471642,2.803210553815641,5.972379523438079,1.014062484731047,289.4618259803922,0.8989629729724463,0.9133560926126806,0.9321116433928405,0.003453481532866236,0.004416835805295935
74,14.90486145019531,3.296312618651758,0,2126.331875780364,46.11216624471642,2.803210553815641,5.972379523438079,1.014062484731047,289.4618259803922,0.8989629729724463,0.9133560926126806,0.9321116433928405,0.003453481532866236,0.004416835805295935
75,14.90486145019531,3.296312618651758,0,2126.331875780364,46.11216624471642,2.803210553815641,5.972379523438079,1.014062484731047,289.4618259803922,0.8989629729724463,0.9133560926126806,0.9321116433928405,0.003453481532866236,0.004416835805295935
76,14.90486145019531,3.296312618651758,0,2126.331875780364,46.11216624471642,2.803210553815641,5.972379523438079,1.014062484731047,289.4618259803922,0.8989629729724463,0.9133560926126806,0.9321116433928405,0.003453481532866236,0.004416835805295935
77,14.90486145019531,3.296312618651758,0,2126.331875780364,46.11216624471642,2.803210553815641,5.972379523438079,1.014062484731047,289.4618259803922,0.8989629729724463,0.9133560926126806,0.9321116433928405,0.003453481532866236,0.004416835805295935
78,14.90486145019531,3.296312618651758,0,2126.331875780364,46.11216624471642,2.803210553815641,5.972379523438079,1.014062484731047,289.4618259803922,0.8989629729724463,0.9133560926126806,0.9321116433928405,0.003453481532866236,0.004416835805295935
79,14.90486145019531,3.296312618651758,0,2126.331875780364,46.11216624471642,2.803210553815641,5.972379523438079,1.014062484731047,289.4618259803922,0.8989629729724463,0.9133560926126806,0.9321116433928405,0.003453481532866236,0.004416835805295935
80,14.90486145019531,3.296312618651758,0,2126.331875780364,46.11216624471642,2.803210553815641,5.972379523438079,1.014062484731047,289.4618259803922,0.8989629729724463,0.9133560926126806,0.9321116433928405,0.003453481532866236,0.004416835805295935
81,14.90486145019531,3.296312618651758,0,2126.331875780364,46.11216624471642,2.803210553815641,5.972379523438079,1.014062484731047,289.4618259803922,0.8989629729724463,0.9133560926126806,0.9321116433928405,0.003453481532866236,0.004416835805295935
82,14.90486145019531,3.296312618651758,0,2126.331875780364,46.11216624471642,2.803210553815641,5.972379523438079,1.014062484731047,289.4618259803922,0.8989629729724463,0.9133560926126806,0.9321116433928405,0.003453481532866236,0.004416835805295935
83,14.90486145019531,3.296312618651758,0,2126.331875780364,46.11216624471642,2.803210553815641,5.972379523438079,1.014062484731047,289.4618259803922,0.8989629729724463,0.9133560926126806,0.9321116433928405,0.003453481532866236,0.004416835805295935
84,14.90486145019531,3.296312618651758,0,2126.331875780364,46.11216624471642,2.803210553815641,5.972379523438079,1.014062484731047,289.4618259803922,0.8989629729724463,0.9133560926126806,0.9321116433928405,0.003453481532866236,0.004416835805295935
85,14.90486145019531,3.296312618651758,0,2126.331875780364,46.11216624471642,2.803210553815641,5.972379523438079,1.014062484731047,289.4618259803922,0.8989629729724463,0.9133560926126806,0.9321116433928405,0.003453481532866236,0.004416835805295935
86,14.90486145019531,3.296312618651758,0,2126.331875780364,46.11216624471642,2.803210553815641,5.972379523438079,1.014062484731047,289.4618259803922,0.8989629729724463,0.9133560926126806,0.9321116433928405,0.003453481532866236,0.004416835805295935
87,14.90486145019531,3.296312618651758,0,2126.331875780364,46.11216624471642,2.803210553815641,5.972379523438079,1.014062484731047,289.4618259803922,0.8989629729724463,0.9133560926126806,0.9321116433928405,0.003453481532866236,0.004416835805295935
88,14.90486145019531,3.296312618651758,0,2126.331875780364,46.11216624471642,2.803210553815641,5.972379523438079,1.014062484731047,289.4618259803922,0.8989629729724463,0.9133560926126806,0.9321116433928405,0.003453481532866236,0.004416835805295935
89,14.90486145019531,3.296312618651758,0,2126.331875780364,46.11216624471642,2.803210553815641,5.972379523438079,1.014062484731047,289.4618259803922,0.8989629729724463,0.9133560926126806,0.9321116433928405,0.003453481532866236,0.004416835805295935
90,14.90486145019531,3.296312618651758,0,2126.331875780364,46.11216624471642,2.803210553815641,5.972379523438079,1.014062484731047,289.4618259803922,0.8989629729724463,0.9133560926126806,0.9321116433928405,0.003453481532866236,0.004416835805295935
91,14.90486145019531,3.296312618651758,0,2126.331875780364,46.11216624471642,2.803210553815641,5.972379523438079,1.014062484731047,289.4618259803922,0.8989629729724463,0.9133560926126806,0.9321116433928405,0.003453481532866236,0.004416835805295935
92,14.90486145019531,3.296312618651758,0,2126.331875780364,46.11216624471642,2.803210553815641,5.972379523438079,1.014062484731047,289.4618259803922,0.8989629729724463,0.9133560926126806,0.9321116433928405,0.003453481532866236,0.004416835805295935
93,14.90486145019531,3.296312618651758,0,2126.331875780364,46.11216624471642,2.803210553815641,5.972379523438079,1.014062484731047,289.4618259803922,0.8989629729724463,0.9133560926126806,0.9321116433928405,0.003453481532866236,0.004416835805295935
94,14.90486145019531,3.296312618651758,0,2126.331875780364,46.11216624471642,2.803210553815641,5.972379523438079,1.014062484731047,289.4618259803922,0.8989629729724463,0.9133560926126806,0.9321116433928405,0.003453481532866236,0.004416835805295935
95,14.90486145019531,3.296312618651758,0,2126.331875780364,46.11216624471642,2.803210553815641,5.972379523438079,1.014062484731047,289.4618259803922,0.8989629729724463,0.9133560926126806,0.9321116433928405,0.003453481532866236,0.004416835805295935
96,14.90486145019531,3.296312618651758,0,2126.331875780364,46.11216624471642,2.803210553815641,5.972379523438079,1.014062484731047,289.4618259803922,0.8989629729724463,0.9133560926126806,0.9321116433928405,0.003453481532866236,0.004416835805295935
97,14.90486145019531,3.296312618651758,0,2126.331875780364,46.11216624471642,2.803210553815641,5.972379523438079,1.014062484731047,289.4618259803922,0.8989629729724463,0.9133560926126806,0.9321116433928405,0.003453481532866236,0.004416835805295935
98,14.90486145019531,3.296312618651758,0,2126.331875780364,46.11216624471642,2.803210553815641,5.972379523438079,1.014062484731047,289.4618259803922,0.8989629729724463,0.9133560926126806,0.9321116433928405,0.003453481532866236,0.004416835805295935
99,14.90486145019531,3.296312618651758,0,2126.331875780364,46.11216624471642,2.803210553815641,5.972379523438079,1.014062484731047,289.4618259803922,0.8989629729724463,0.9133560926126806,0.9321116433928405,0.003453481532866236,0.004416835805295935
100,14.90486145019531,3.296312618651758,0,2126.331875780364,46.11216624471642,2.803210553815641,5.972379523438079,1.014062484731047,289.4618259803922,0.8989629729724463,0.9133560926126806,0.9321116433928405,0.003453481532866236,0.004416835805295935
101,14.90486145019531,3.296312618651758,0,2126.331875780364,46.11216624471642,2.803210553815641,5.972379523438079,1.014062484731047,289.4618259803922,0.8989629729724463,0.9133560926126806,0.9321116433928405,0.003453481532866236,0.004416835805295935
102,14.90486145019531,3.296312618651758,0,2126.331875780364,46.11216624471642,2.803210553815641,5.972379523438079,1.014062484731047,289.4618259803922,0.8989629729724463,0.9133560926126806,0.9321116433928405,0.003453481532866236,0.004416835805295935
103,14.90486145019531,3.296312618651758,0,2126.331875780364,46.11216624471642,2.803210553815641,5.972379523438079,1.014062484731047,289.4618259803922,0.8989629729724463,0.9133560926126806,0.9321116433928405,0.003453481532866236,0.004416835805295935
104,14.90486145019531,3.296312618651758,0,2126.331875780364,46.11216624471642,2.803210553815641,5.972379523438079,1.014062484731047,289.4618259803922,0.8989629729724463,0.9133560926126806,0.9321116433928405,0.003453481532866236,0.004416835805295935
105,14.90486145019531,3.296312618651758,0,2126.331875780364,46.11216624471642,2.803210553815641,5.972379523438079,1.014062484731047,289.4618259803922,0.8989629729724463,0.9133560926126806,0.9321116433928405,0.003453481532866236,0.004416835805295935
106,14.90486145019531,3.296312618651758,0,2126.331875780364,46.11216624471642,2.803210553815641,5.972379523438079,1.014062484731047,289.4618259803922,0.8989629729724463,0.9133560926126806,0.9321116433928405,0.003453481532866236,0.004416835805295935
107,14.90486145019531,3.296312618651758,0,2126.331875780364,46.11216624471642,2.803210553815641,5.972379523438079,1.014062484731047,289.4618259803922,0.8989629729724463,0.9133560926126806,0.9321116433928405,0.003453481532866236,0.004416835805295935
108,14.90486145019531,3.296312618651758,0,2126.331875780364,46.11216624471642,2.803210553815641,5.972379523438079,1.014062484731047,289.4618259803922,0.8989629729724463,0.9133560926126806,0.9321116433928405,0.003453481532866236,0.004416835805295935
109,14.90486145019531,3.296312618651758,0,2126.331875780364,46.11216624471642,2.803210553815641,5.972379523438079,1.014062484731047,289.4618259803922,0.8989629729724463,0.9133560926126806,0.9321116433928405,0.003453481532866236,0.004416835805295935
110,14.90486145019531,3.296312618651758,0,2126.331875780364,46.11216624471642,2.803210553815641,5.972379523438079,1.014062484731047,289.4618259803922,0.8989629729724463,0.9133560926126806,0.9321116433928405,0.003453481532866236,0.004416835805295935
111,14.90486145019531,3.296312618651758,0,2126.331875780364,46.11216624471642,2.803210553815641,5.972379523438079,1.014062484731047,289.4618259803922,0.8989629729724463,0.9133560926126806,0.9321116433928405,0.003453481532866236,0.004416835805295935
112,14.90486145019531,3.296312618651758,0,2126.331875780364,46.11216624471642,2.803210553815641,5.972379523438079,1.014062484731047,289.4618259803922,0.8989629729724463,0.9133560926126806,0.9321116433928405,0.003453481532866236,0.004416835805295935
113,14.90486145019531,3.296312618651758,0,2126.331875780364,46.11216624471642,2.803210553815641,5.972379523438079,1.014062484731047,289.4618259803922,0.8989629729724463,0.9133560926126806,0.9321116433928405,0.003453481532866236,0.004416835805295935
114,14.90486145019531,3.296312618651758,0,2126.331875780364,46.11216624471642,2.803210553815641,5.972379523438079,1.014062484731047,289.4618259803922,0.8989629729724463,0.9133560926126806,0.9321116433928405,0.003453481532866236,0.004416835805295935
115,14.90486145019531,3.296312618651758,0,2126.331875780364,46.11216624471642,2.803210553815641,5.972379523438079,1.014062484731047,289.4618259803922,0.8989629729724463,0.9133560926126806,0.9321116433928405,0.003453481532866236,0.004416835805295935
116,14.90486145019531,3.296312618651758,0,2126.331875780364,46.11216624471642,2.803210553815641,5.972379523438079,1.014062484731047,289.4618259803922,0.8989629729724463,0.9133560926126806,0.9321116433928405,0.003453481532866236,0.004416835805295935
117,14.90486145019531,3.296312618651758,0,2126.331875780364,46.11216624471642,2.803210553815641,5.972379523438079,1.014062484731047,289.4618259803922,0.8989629729724463,0.9133560926126806,0.9321116433928405,0.003453481532866236,0.004416835805295935
118,14.90486145019531,3.296312618651758,0,2126.331875780364,46.11216624471642,2.803210553815641,5.972379523438079,1.014062484731047,289.4618259803922,0.8989629729724463,0.9133560926126806,0.9321116433928405,0.003453481532866236,0.004416835805295935
119,14.90486145019531,3.296312618651758,0,2126.331875780364,46.11216624471642,2.803210553815641,5.972379523438079,1.014062484731047,289.4618259803922,0.8989629729724463,0.9133560926126806,0.9321116433928405,0.003453481532866236,0.004416835805295935
120,14.90486145019531,3.296312618651758,0,2126.331875780364,46.11216624471642,2.803210553815641,5.972379523438079,1.014062484731047,289.4618259803922,0.8989629729724463,0.9133560926126806,0.9321116433928405,0.003453481532866236,0.004416835805295935
121,14.90486145019531,3.296312618651758,0,2126.331875780364,46.11216624471642,2.803210553815641,5.972379523438079,1.014062484731047,289.4618259803922,0.8989629729724463,0.9133560926126806,0.9321116433928405,0.003453481532866236,0.004416835805295935
122,14.90486145019531,3.296312618651758,0,2126.331875780364,46.11216624471642,2.803210553815641,5.972379523438079,1.014062484731047,289.4618259803922,0.8989629729724463,0.9133560926126806,0.9321116433928405,0.003453481532866236,0.004416835805295935
123,14.90486145019531,3.296312618651758,0,2126.331875780364,46.11216624471642,2.803210553815641,5.972379523438079,1.014062484731047,289.4618259803922,0.8989629729724463,0.9133560926126806,0.9321116433928405,0.003453481532866236,0.004416835805295935
124,14.90486145019531,3.296312618651758,0,2126.331875780364,46.11216624471642,2.803210553815641,5.972379523438079,1.014062484731047,289.4618259803922,0.8989629729724463,0.9133560926126806,0.9321116433928405,0.003453481532866236,0.004416835805295935
125,14.90486145019531,3.296312618651758,0,2126.331875780364,46.11216624471642,2.803210553815641,5.972379523438079,1.014062484731047,289.4618259803922,0.8989629729724463,0.9133560926126806,0.9321116433928405,0.003453481532866236,0.004416835805295935
126,14.90486145019531,3.296312618651758,0,2126.331875780364,46.11216624471642,2.803210553815641,5.972379523438079,1.014062484731047,289.4618259803922,0.8989629729724463,0.9133560926126806,0.9321116433928405,0.003453481532866236,0.004416835805295935
127,14.90486145019531,3.296312618651758,0,2126.331875780364,46.11216624471642,2.803210553815641,5.972379523438079,1.014062484731047,289.4618259803922,0.8989629729724463,0.9133560926126806,0.9321116433928405,0.003453481532866236,0.004416835805295935
128,14.90486145019531,3.296312618651758,0,2126.331875780364,46.11216624471642,2.803210553815641,5.972379523438079,1.014062484731047,289.4618259803922,0.8989629729724463,0.9133560926126806,0.9321116433928405,0.003453481532866236,0.004416835805295935
129,14.90486145019531,3.296312618651758,0,2126.331875780364,46.11216624471642,2.803210553815641,5.972379523438079,1.014062484731047,289.4618259803922,0.8989629729724463,0.9133560926126806,0.9321116433928405,0.003453481532866236,0.004416835805295935
130,14.90486145019531,3.296312618651758,0,2126.331875780364,46.11216624471642,2.803210553815641,5.972379523438079,1.014062484731047,289.4618259803922,0.8989629729724463,0.9133560926126806,0.9321116433928405,0.003453481532866236,0.004416835805295935
131,14.90486145019531,3.296312618651758,0,2126.331875780364,46.11216624471642,2.803210553815641,5.972379523438079,1.014062484731047,289.4618259803922,0.8989629729724463,0.9133560926126806,0.9321116433928405,0.003453481532866236,0.004416835805295935
132,14.90486145019531,3.296312618651758,0,2126.331875780364,46.11216624471642,2.803210553815641,5.972379523438079,1.014062484731047,289.4618259803922,0.8989629729724463,0.9133560926126806,0.9321116433928405,0.003453481532866236,0.004416835805295935
133,14.90486145019531,3.296312618651758,0,2126.331875780364,46.11216624471642,2.803210553815641,5.972379523438079,1.014062484731047,289.4618259803922,0.8989629729724463,0.9133560926126806,0.9321116433928405,0.003453481532866236,0.004416835805295935
134,14.90486145019531,3.296312618651758,0,2126.331875780364,46.11216624471642,2.803210553815641,5.972379523438079,1.014062484731047,289.4618259803922,0.8989629729724463,0.9133560926126806,0.9321116433928405,0.003453481532866236,0.004416835805295935
135,14.90486145019531,3.296312618651758,0,2126.331875780364,46.11216624471642,2.803210553815641,5.972379523438079,1.014062484731047,289.4618259803922,0.8989629729724463,0.9133560926126806,0.9321116433928405,0.003453481532866236,0.004416835805295935
136,14.90486145019531,3.296312618651758,0,2126.331875780364,46.11216624471642,2.803210553815641,5.972379523438079,1.014062484731047,289.4618259803922,0.8989629729724463,0.9133560926126806,0.9321116433928405,0.003453481532866236,0.004416835805295935
137,14.90486145019531,3.296312618651758,0,2126.331875780364,46.11216624471642,2.803210553815641,5.972379523438079,1.014062484731047,289.4618259803922,0.8989629729724463,0.9133560926126806,0.9321116433928405,0.003453481532866236,0.004416835805295935
138,14.90486145019531,3.296312618651758,0,2126.331875780364,46.11216624471642,2.803210553815641,5.972379523438079,1.014062484731047,289.4618259803922,0.8989629729724463,0.9133560926126806,0.9321116433928405,0.003453481532866236,0.004416835805295935
139,14.90486145019531,3.296312618651758,0,2126.331875780364,46.11216624471642,2.803210553815641,5.972379523438079,1.014062484731047,289.4618259803922,0.8989629729724463,0.9133560926126806,0.9321116433928405,0.003453481532866236,0.004416835805295935
140,14.90486145019531,3.296312618651758,0,2126.331875780364,46.11216624471642,2.803210553815641,5.972379523438079,1.014062484731047,289.4618259803922,0.8989629729724463,0.9133560926126806,0.9321116433928405,0.003453481532866236,0.004416835805295935
141,14.90486145019531,3.296312618651758,0,2126.331875780364,46.11216624471642,2.803210553815641,5.972379523438079,1.014062484731047,289.4618259803922,0.8989629729724463,0.9133560926126806,0.9321116433928405,0.003453481532866236,0.004416835805295935
142,14.90486145019531,3.296312618651758,0,2126.331875780364,46.11216624471642,2.803210553815641,5.972379523438079,1.014062484731047,289.4618259803922,0.8989629729724463,0.9133560926126806,0.9321116433928405,0.003453481532866236,0.004416835805295935
143,14.90486145019531,3.296312618651758,0,2126.331875780364,46.11216624471642,2.803210553815641,5.972379523438079,1.014062484731047,289.4618259803922,0.8989629729724463,0.9133560926126806,0.9321116433928405,0.003453481532866236,0.004416835805295935
144,14.90486145019531,3.296312618651758,0,2126.331875780364,46.11216624471642,2.803210553815641,5.972379523438079,1.014062484731047,289.4618259803922,0.8989629729724463,0.9133560926126806,0.9321116433928405,0.003453481532866236,0.004416835805295935
145,14.90486145019531,3.296312618651758,0,2126.331875780364,46.11216624471642,2.803210553815641,5.972379523438079,1.014062484731047,289.4618259803922,0.8989629729724463,0.9133560926126806,0.9321116433928405,0.003453481532866236,0.004416835805295935
146,14.90486145019531,3.296312618651758,0,2126.331875780364,46.11216624471642,2.803210553815641,5.972379523438079,1.014062484731047,289.4618259803922,0.8989629729724463,0.9133560926126806,0.9321116433928405,0.003453481532866236,0.004416835805295935
147,14.90486145019531,3.296312618651758,0,2126.331875780364,46.11216624471642,2.803210553815641,5.972379523438079,1.014062484731047,289.4618259803922,0.8989629729724463,0.9133560926126806,0.9321116433928405,0.003453481532866236,0.004416835805295935
148,14.90486145019531,3.296312618651758,0,2126.331875780364,46.11216624471642,2.803210553815641,5.972379523438079,1.014062484731047,289.4618259803922,0.8989629729724463,0.9133560926126806,0.9321116433928405,0.003453481532866236,0.004416835805295935
149,14.90486145019531,3.296312618651758,0,2126.331875780364,46.11216624471642,2.803210553815641,5.972379523438079,1.014062484731047,289.4618259803922,0.8989629729724463,0.9133560926126806,0.9321116433928405,0.003453481532866236,0.004416835805295935
150,14.90486145019531,3.296312618651758,0,2126.331875780364,46.11216624471642,2.803210553815641,5.972379523438079,1.014062484731047,289.4618259803922,0.8989629729724463,0.9133560926126806,0.9321116433928405,0.003453481532866236,0.004416835805295935
151,14.90486145019531,3.296312618651758,0,2126.331875780364,46.11216624471642,2.803210553815641,5.972379523438079,1.014062484731047,289.4618259803922,0.8989629729724463,0.9133560926126806,0.9321116433928405,0.003453481532866236,0.004416835805295935
152,14.90486145019531,3.296312618651758,0,2126.331875780364,46.11216624471642,2.803210553815641,5.972379523438079,1.014062484731047,289.4618259803922,0.8989629729724463,0.9133560926126806,0.9321116433928405,0.003453481532866236,0.004416835805295935
153,14.90486145019531,3.296312618651758,0,2126.331875780364,46.11216624471642,2.803210553815641,5.972379523438079,1.014062484731047,289.4618259803922,0.8989629729724463,0.9133560926126806,0.9321116433928405,0.003453481532866236,0.004416835805295935
154,14.90486145019531,3.296312618651758,0,2126.331875780364,46.11216624471642,2.803210553815641,5.972379523438079,1.014062484731047,289.4618259803922,0.8989629729724463,0.9133560926126806,0.9321116433928405,0.003453481532866236,0.004416835805295935
155,14.90486145019531,3.296312618651758,0,2126.331875780364,46.11216624471642,2.803210553815641,5.972379523438079,1.014062484731047,289.4618259803922,0.8989629729724463,0.9133560926126806,0.9321116433928405,0.003453481532866236,0.004416835805295935
156,14.90486145019531,3.296312618651758,0,2126.331875780364,46.11216624471642,2.803210553815641,5.972379523438079,1.014062484731047,289.4618259803922,0.8989629729724463,0.9133560926126806,0.9321116433928405,0.003453481532866236,0.004416835805295935
157,14.90486145019531,3.296312618651758,0,2126.331875780364,46.11216624471642,2.803210553815641,5.972379523438079,1.014062484731047,289.4618259803922,0.8989629729724463,0.9133560926126806,0.9321116433928405,0.003453481532866236,0.004416835805295935
158,14.90486145019531,3.296312618651758,0,2126.331875780364,46.11216624471642,2.803210553815641,5.972379523438079,1.014062484731047,289.4618259803922,0.8989629729724463,0.9133560926126806,0.9321116433928405,0.003453481532866236,0.004416835805295935
159,14.90486145019531,3.296312618651758,0,2126.331875780364,46.11216624471642,2.803210553815641,5.972379523438079,1.014062484731047,289.4618259803922,0.8989629729724463,0.9133560926126806,0.9321116433928405,0.003453481532866236,0.004416835805295935
160,14.90486145019531,3.296312618651758,0,2126.331875780364,46.11216624471642,2.803210553815641,5.972379523438079,1.014062484731047,289.4618259803922,0.8989629729724463,0.9133560926126806,0.9321116433928405,0.003453481532866236,0.004416835805295935
161,14.90486145019531,3.296312618651758,0,2126.331875780364,46.11216624471642,2.803210553815641,5.972379523438079,1.014062484731047,289.4618259803922,0.8989629729724463,0.9133560926126806,0.9321116433928405,0.003453481532866236,0.004416835805295935
162,14.90486145019531,3.296312618651758,0,2126.331875780364,46.11216624471642,2.803210553815641,5.972379523438079,1.014062484731047,289.4618259803922,0.8989629729724463,0.9133560926126806,0.9321116433928405,0.003453481532866236,0.004416835805295935
163,14.90486145019531,3.296312618651758,0,2126.331875780364,46.11216624471642,2.803210553815641,5.972379523438079,1.014062484731047,289.4618259803922,0.8989629729724463,0.9133560926126806,0.9321116433928405,0.003453481532866236,0.004416835805295935
164,14.90486145019531,3.296312618651758,0,2126.331875780364,46.11216624471642,2.803210553815641,5.972379523438079,1.014062484731047,289.4618259803922,0.8989629729724463,0.9133560926126806,0.9321116433928405,0.003453481532866236,0.004416835805295935
165,14.90486145019531,3.296312618651758,0,2126.331875780364,46.11216624471642,2.803210553815641,5.972379523438079,1.014062484731047,289.4618259803922,0.8989629729724463,0.9133560926126806,0.9321116433928405,0.003453481532866236,0.004416835805295935
166,14.90486145019531,3.296312618651758,0,2126.331875780364,46.11216624471642,2.803210553815641,5.972379523438079,1.014062484731047,289.4618259803922,0.8989629729724463,0.9133560926126806,0.9321116433928405,0.003453481532866236,0.004416835805295935
167,14.90486145019531,3.296312618651758,0,2126.331875780364,46.11216624471642,2.803210553815641,5.972379523438079,1.014062484731047,289.4618259803922,0.8989629729724463,0.9133560926126806,0.9321116433928405,0.003453481532866236,0.004416835805295935
168,14.90486145019531,3.296312618651758,0,2126.331875780364,46.11216624471642,2.803210553815641,5.972379523438079,1.014062484731047,289.4618259803922,0.8989629729724463,0.9133560926126806,0.9321116433928405,0.003453481532866236,0.004416835805295935
169,14.90486145019531,3.296312618651758,0,2126.331875780364,46.11216624471642,2.803210553815641,5.972379523438079,1.014062484731047,289.4618259803922,0.8989629729724463,0.9133560926126806,0.9321116433928405,0.003453481532866236,0.004416835805295935
170,14.90486145019531,3.296312618651758,0,2126.331875780364,46.11216624471642,2.803210553815641,5.972379523438079,1.014062484731047,289.4618259803922,0.8989629729724463,0.9133560926126806,0.9321116433928405,0.003453481532866236,0.004416835805295935
171,14.90486145019531,3.296312618651758,0,2126.331875780364,46.11216624471642,2.803210553815641,5.972379523438079,1.014062484731047,289.4618259803922,0.8989629729724463,0.9133560926126806,0.9321116433928405,0.003453481532866236,0.004416835805295935
172,14.90486145019531,3.296312618651758,0,2126.331875780364,46.11216624471642,2.803210553815641,5.972379523438079,1.014062484731047,289.4618259803922,0.8989629729724463,0.9133560926126806,0.9321116433928405,0.003453481532866236,0.004416835805295935
173,14.90486145019531,3.296312618651758,0,2126.331875780364,46.11216624471642,2.803210553815641,5.972379523438079,1.014062484731047,289.4618259803922,0.8989629729724463,0.9133560926126806,0.9321116433928405,0.003453481532866236,0.004416835805295935
174,14.90486145019531,3.296312618651758,0,2126.331875780364,46.11216624471642,2.803210553815641,5.972379523438079,1.014062484731047,289.4618259803922,0.8989629729724463,0.9133560926126806,0.9321116433928405,0.003453481532866236,0.004416835805295935
175,14.90486145019531,3.296312618651758,0,2126.331875780364,46.11216624471642,2.803210553815641,5.972379523438079,1.014062484731047,289.4618259803922,0.8989629729724463,0.9133560926126806,0.9321116433928405,0.003453481532866236,0.004416835805295935
176,14.90486145019531,3.296312618651758,0,2126.331875780364,46.11216624471642,2.803210553815641,5.972379523438079,1.014062484731047,289.4618259803922,0.8989629729724463,0.9133560926126806,0.9321116433928405,0.003453481532866236,0.004416835805295935
177,14.90486145019531,3.296312618651758,0,2126.331875780364,46.11216624471642,2.803210553815641,5.972379523438079,1.014062484731047,289.4618259803922,0.8989629729724463,0.9133560926126806,0.9321116433928405,0.003453481532866236,0.004416835805295935
178,14.90486145019531,3.296312618651758,0,2126.331875780364,46.11216624471642,2.803210553815641,5.972379523438079,1.014062484731047,289.4618259803922,0.8989629729724463,0.9133560926126806,0.9321116433928405,0.003453481532866236,0.004416835805295935
179,14.90486145019531,3.296312618651758,0,2126.331875780364,46.11216624471642,2.803210553815641,5.972379523438079,1.014062484731047,289.4618259803922,0.8989629729724463,0.9133560926126806,0.9321116433928405,0.003453481532866236,0.004416835805295935
180,14.90486145019531,3.296312618651758,0,2126.331875780364,46.11216624471642,2.803210553815641,5.972379523438079,1.014062484731047,289.4618259803922,0.8989629729724463,0.9133560926126806,0.9321116433928405,0.003453481532866236,0.004416835805295935
181,14.90486145019531,3.296312618651758,0,2126.331875780364,46.11216624471642,2.803210553815641,5.972379523438079,1.014062484731047,289.4618259803922,0.8989629729724463,0.9133560926126806,0.9321116433928405,0.003453481532866236,0.004416835805295935
182,14.90486145019531,3.296312618651758,0,2126.331875780364,46.11216624471642,2.803210553815641,5.972379523438079,1.014062484731047,289.4618259803922,0.8989629729724463,0.9133560926126806,0.9321116433928405,0.003453481532866236,0.004416835805295935
183,14.90486145019531,3.296312618651758,0,2126.331875780364,46.11216624471642,2.803210553815641,5.972379523438079,1.014062484731047,289.4618259803922,0.8989629729724463,0.9133560926126806,0.9321116433928405,0.003453481532866236,0.004416835805295935
184,14.90486145019531,3.296312618651758,0,2126.331875780364,46.11216624471642,2.803210553815641,5.972379523438079,1.014062484731047,289.4618259803922,0.8989629729724463,0.9133560926126806,0.9321116433928405,0.003453481532866236,0.004416835805295935
185,14.90486145019531,3.296312618651758,0,2126.331875780364,46.11216624471642,2.803210553815641,5.972379523438079,1.014062484731047,289.4618259803922,0.8989629729724463,0.9133560926126806,0.9321116433928405,0.003453481532866236,0.004416835805295935
186,14.90486145019531,3.296312618651758,0,2126.331875780364,46.11216624471642,2.803210553815641,5.972379523438079,1.014062484731047,289.4618259803922,0.8989629729724463,0.9133560926126806,0.9321116433928405,0.003453481532866236,0.004416835805295935
187,14.90486145019531,3.296312618651758,0,2126.331875780364,46.11216624471642,2.803210553815641,5.972379523438079,1.014062484731047,289.4618259803922,0.8989629729724463,0.9133560926126806,0.9321116433928405,0.003453481532866236,0.004416835805295935
188,14.90486145019531,3.296312618651758,0,2126.331875780364,46.11216624471642,2.803210553815641,5.972379523438079,1.014062484731047,289.4618259803922,0.8989629729724463,0.9133560926126806,0.9321116433928405,0.003453481532866236,0.004416835805295935
189,14.90486145019531,3.296312618651758,0,2126.331875780364,46.11216624471642,2.803210553815641,5.972379523438079,1.014062484731047,289.4618259803922,0.8989629729724463,0.9133560926126806,0.9321116433928405,0.003453481532866236,0.004416835805295935
190,14.90486145019531,3.296312618651758,0,2126.331875780364,46.11216624471642,2.803210553815641,5.972379523438079,1.014062484731047,289.4618259803922,0.8989629729724463,0.9133560926126806,0.9321116433928405,0.003453481532866236,0.004416835805295935
191,14.90486145019531,3.296312618651758,0,2126.331875780364,46.11216624471642,2.803210553815641,5.972379523438079,1.014062484731047,289.4618259803922,0.8989629729724463,0.9133560926126806,0.9321116433928405,0.003453481532866236,0.004416835805295935
192,14.90486145019531,3.296312618651758,0,2126.331875780364,46.11216624471642,2.803210553815641,5.972379523438079,1.014062484731047,289.4618259803922,0.8989629729724463,0.9133560926126806,0.9321116433928405,0.003453481532866236,0.004416835805295935
193,14.90486145019531,3.296312618651758,0,2126.331875780364,46.11216624471642,2.803210553815641,5.972379523438079,1.014062484731047,289.4618259803922,0.8989629729724463,0.9133560926126806,0.9321116433928405,0.003453481532866236,0.004416835805295935
194,14.90486145019531,3.296312618651758,0,2126.331875780364,46.11216624471642,2.803210553815641,5.972379523438079,1.014062484731047,289.4618259803922,0.8989629729724463,0.9133560926126806,0.9321116433928405,0.003453481532866236,0.004416835805295935
195,14.90486145019531,3.296312618651758,0,2126.331875780364,46.11216624471642,2.803210553815641,5.972379523438079,1.014062484731047,289.4618259803922,0.8989629729724463,0.9133560926126806,0.9321116433928405,0.003453481532866236,0.004416835805295935
196,14.90486145019531,3.296312618651758,0,2126.331875780364,46.11216624471642,2.803210553815641,5.972379523438079,1.014062484731047,289.4618259803922,0.8989629729724463,0.9133560926126806,0.9321116433928405,0.003453481532866236,0.004416835805295935
197,14.90486145019531,3.296312618651758,0,2126.331875780364,46.11216624471642,2.803210553815641,5.972379523438079,1.014062484731047,289.4618259803922,0.8989629729724463,0.9133560926126806,0.9321116433928405,0.003453481532866236,0.004416835805295935
198,14.90486145019531,3.296312618651758,0,2126.331875780364,46.11216624471642,2.803210553815641,5.972379523438079,1.014062484731047,289.4618259803922,0.8989629729724463,0.9133560926126806,0.9321116433928405,0.003453481532866236,0.004416835805295935
199,14.90486145019531,3.296312618651758,0,2126.331875780364,46.11216624471642,2.803210553815641,5.972379523438079,1.014062484731047,289.4618259803922,0.8989629729724463,0.9133560926126806,0.9321116433928405,0.003453481532866236,0.004416835805295935
200,14.90486145019531,3.296312618651758,0,2126.331875780364,46.11216624471642,2.803210553815641,5.972379523438079,1.014062484731047,289.4618259803922,0.8989629729724463,0.9133560926126806,0.9321116433928405,0.003453481532866236,0.004416835805295935
201,14.90486145019531,3.296312618651758,0,2126.331875780364,46.11216624471642,2.803210553815641,5.972379523438079,1.014062484731047,289.4618259803922,0.8989629729724463,0.9133560926126806,0.9321116433928405,0.003453481532866236,0.004416835805295935
202,14.90486145019531,3.296312618651758,0,2126.331875780364,46.11216624471642,2.803210553815641,5.972379523438079,1.014062484731047,289.4618259803922,0.8989629729724463,0.9133560926126806,0.9321116433928405,0.003453481532866236,0.004416835805295935
203,14.90486145019531,3.296312618651758,0,2126.331875780364,46.11216624471642,2.803210553815641,5.972379523438079,1.014062484731047,289.4618259803922,0.8989629729724463,0.9133560926126806,0.9321116433928405,0.003453481532866236,0.004416835805295935
204,14.90486145019531,3.296312618651758,0,2126.331875780364,46.11216624471642,2.803210553815641,5.972379523438079,1.014062484731047,289.4618259803922,0.8989629729724463,0.9133560926126806,0.9321116433928405,0.003453481532866236,0.004416835805295935
205,14.90486145019531,3.296312618651758,0,2126.331875780364,46.11216624471642,2.803210553815641,5.972379523438079,1.014062484731047,289.4618259803922,0.8989629729724463,0.9133560926126806,0.9321116433928405,0.003453481532866236,0.004416835805295935
206,14.90486145019531,3.296312618651758,0,2126.331875780364,46.11216624471642,2.803210553815641,5.972379523438079,1.014062484731047,289.4618259803922,0.8989629729724463,0.9133560926126806,0.9321116433928405,0.003453481532866236,0.004416835805295935
207,14.90486145019531,3.296312618651758,0,2126.331875780364,46.11216624471642,2.803210553815641,5.972379523438079,1.014062484731047,289.4618259803922,0.8989629729724463,0.9133560926126806,0.9321116433928405,0.003453481532866236,0.004416835805295935
208,14.90486145019531,3.296312618651758,0,2126.331875780364,46.11216624471642,2.803210553815641,5.972379523438079,1.014062484731047,289.4618259803922,0.8989629729724463,0.9133560926126806,0.9321116433928405,0.003453481532866236,0.004416835805295935
209,14.90486145019531,3.296312618651758,0,2126.331875780364,46.11216624471642,2.803210553815641,5.972379523438079,1.014062484731047,289.4618259803922,0.8989629729724463,0.9133560926126806,0.9321116433928405,0.003453481532866236,0.004416835805295935
210,14.90486145019531,3.296312618651758,0,2126.331875780364,46.11216624471642,2.803210553815641,5.972379523438079,1.014062484731047,289.4618259803922,0.8989629729724463,0.9133560926126806,0.9321116433928405,0.003453481532866236,0.004416835805295935
211,14.90486145019531,3.296312618651758,0,2126.331875780364,46.11216624471642,2.803210553815641,5.972379523438079,1.014062484731047,289.4618259803922,0.8989629729724463,0.9133560926126806,0.9321116433928405,0.003453481532866236,0.004416835805295935
212,14.90486145019531,3.296312618651758,0,2126.331875780364,46.11216624471642,2.803210553815641,5.972379523438079,1.014062484731047,289.4618259803922,0.8989629729724463,0.9133560926126806,0.9321116433928405,0.003453481532866236,0.004416835805295935
213,14.90486145019531,3.296312618651758,0,2126.331875780364,46.11216624471642,2.803210553815641,5.972379523438079,1.014062484731047,289.4618259803922,0.8989629729724463,0.9133560926126806,0.9321116433928405,0.003453481532866236,0.004416835805295935
214,14.90486145019531,3.296312618651758,0,2126.331875780364,46.11216624471642,2.803210553815641,5.972379523438079,1.014062484731047,289.4618259803922,0.8989629729724463,0.9133560926126806,0.9321116433928405,0.003453481532866236,0.004416835805295935
215,14.90486145019531,3.296312618651758,0,2126.331875780364,46.11216624471642,2.803210553815641,5.972379523438079,1.014062484731047,289.4618259803922,0.8989629729724463,0.9133560926126806,0.9321116433928405,0.003453481532866236,0.004416835805295935
216,14.90486145019531,3.296312618651758,0,2126.331875780364,46.11216624471642,2.803210553815641,5.972379523438079,1.014062484731047,289.4618259803922,0.8989629729724463,0.9133560926126806,0.9321116433928405,0.003453481532866236,0.004416835805295935
217,14.90486145019531,3.296312618651758,0,2126.331875780364,46.11216624471642,2.803210553815641,5.972379523438079,1.014062484731047,289.4618259803922,0.8989629729724463,0.9133560926126806,0.9321116433928405,0.003453481532866236,0.004416835805295935
218,14.90486145019531,3.296312618651758,0,2126.331875780364,46.11216624471642,2.803210553815641,5.972379523438079,1.014062484731047,289.4618259803922,0.8989629729724463,0.9133560926126806,0.9321116433928405,0.003453481532866236,0.004416835805295935
219,14.90486145019531,3.296312618651758,0,2126.331875780364,46.11216624471642,2.803210553815641,5.972379523438079,1.014062484731047,289.4618259803922,0.8989629729724463,0.9133560926126806,0.9321116433928405,0.003453481532866236,0.004416835805295935
220,14.90486145019531,3.296312618651758,0,2126.331875780364,46.11216624471642,2.803210553815641,5.972379523438079,1.014062484731047,289.4618259803922,0.8989629729724463,0.9133560926126806,0.9321116433928405,0.003453481532866236,0.004416835805295935
221,14.90486145019531,3.296312618651758,0,2126.331875780364,46.11216624471642,2.803210553815641,5.972379523438079,1.014062484731047,289.4618259803922,0.8989629729724463,0.9133560926126806,0.9321116433928405,0.003453481532866236,0.004416835805295935
222,14.90486145019531,3.296312618651758,0,2126.331875780364,46.11216624471642,2.803210553815641,5.972379523438079,1.014062484731047,289.4618259803922,0.8989629729724463,0.9133560926126806,0.9321116433928405,0.003453481532866236,0.004416835805295935
223,14.90486145019531,3.296312618651758,0,2126.331875780364,46.11216624471642,2.803210553815641,5.972379523438079,1.014062484731047,289.4618259803922,0.8989629729724463,0.9133560926126806,0.9321116433928405,0.003453481532866236,0.004416835805295935
224,14.90486145019531,3.296312618651758,0,2126.331875780364,46.11216624471642,2.803210553815641,5.972379523438079,1.014062484731047,289.4618259803922,0.8989629729724463,0.9133560926126806,0.9321116433928405,0.003453481532866236,0.004416835805295935
225,14.90486145019531,3.296312618651758,0,2126.331875780364,46.11216624471642,2.803210553815641,5.972379523438079,1.014062484731047,289.4618259803922,0.8989629729724463,0.9133560926126806,0.9321116433928405,0.003453481532866236,0.004416835805295935
226,14.90486145019531,3.296312618651758,0,2126.331875780364,46.11216624471642,2.803210553815641,5.972379523438079,1.014062484731047,289.4618259803922,0.8989629729724463,0.9133560926126806,0.9321116433928405,0.003453481532866236,0.004416835805295935
227,14.90486145019531,3.296312618651758,0,2126.331875780364,46.11216624471642,2.803210553815641,5.972379523438079,1.014062484731047,289.4618259803922,0.8989629729724463,0.9133560926126806,0.9321116433928405,0.003453481532866236,0.004416835805295935
228,14.90486145019531,3.296312618651758,0,2126.331875780364,46.11216624471642,2.803210553815641,5.972379523438079,1.014062484731047,289.4618259803922,0.8989629729724463,0.9133560926126806,0.9321116433928405,0.003453481532866236,0.004416835805295935
229,14.90486145019531,3.296312618651758,0,2126.331875780364,46.11216624471642,2.803210553815641,5.972379523438079,1.014062484731047,289.4618259803922,0.8989629729724463,0.9133560926126806,0.9321116433928405,0.003453481532866236,0.004416835805295935
230,14.90486145019531,3.296312618651758,0,2126.331875780364,46.11216624471642,2.803210553815641,5.972379523438079,1.014062484731047,289.4618259803922,0.8989629729724463,0.9133560926126806,0.9321116433928405,0.003453481532866236,0.004416835805295935
231,14.90486145019531,3.296312618651758,0,2126.331875780364,46.11216624471642,2.803210553815641,5.972379523438079,1.014062484731047,289.4618259803922,0.8989629729724463,0.9133560926126806,0.9321116433928405,0.003453481532866236,0.004416835805295935
232,14.90486145019531,3.296312618651758,0,2126.331875780364,46.11216624471642,2.803210553815641,5.972379523438079,1.014062484731047,289.4618259803922,0.8989629729724463,0.9133560926126806,0.9321116433928405,0.003453481532866236,0.004416835805295935
233,14.90486145019531,3.296312618651758,0,2126.331875780364,46.11216624471642,2.803210553815641,5.972379523438079,1.014062484731047,289.4618259803922,0.8989629729724463,0.9133560926126806,0.9321116433928405,0.003453481532866236,0.004416835805295935
234,14.90486145019531,3.296312618651758,0,2126.331875780364,46.11216624471642,2.803210553815641,5.972379523438079,1.014062484731047,289.4618259803922,0.8989629729724463,0.9133560926126806,0.9321116433928405,0.003453481532866236,0.004416835805295935
235,14.90486145019531,3.296312618651758,0,2126.331875780364,46.11216624471642,2.803210553815641,5.972379523438079,1.014062484731047,289.4618259803922,0.8989629729724463,0.9133560926126806,0.9321116433928405,0.003453481532866236,0.004416835805295935
236,14.90486145019531,3.296312618651758,0,2126.331875780364,46.11216624471642,2.803210553815641,5.972379523438079,1.014062484731047,289.4618259803922,0.8989629729724463,0.9133560926126806,0.9321116433928405,0.003453481532866236,0.004416835805295935
237,14.90486145019531,3.296312618651758,0,2126.331875780364,46.11216624471642,2.803210553815641,5.972379523438079,1.014062484731047,289.4618259803922,0.8989629729724463,0.9133560926126806,0.9321116433928405,0.003453481532866236,0.004416835805295935
238,14.90486145019531,3.296312618651758,0,2126.331875780364,46.11216624471642,2.803210553815641,5.972379523438079,1.014062484731047,289.4618259803922,0.8989629729724463,0.9133560926126806,0.9321116433928405,0.003453481532866236,0.004416835805295935
239,14.90486145019531,3.296312618651758,0,2126.331875780364,46.11216624471642,2.803210553815641,5.972379523438079,1.014062484731047,289.4618259803922,0.8989629729724463,0.9133560926126806,0.9321116433928405,0.003453481532866236,0.004416835805295935
240,14.90486145019531,3.296312618651758,0,2126.331875780364,46.11216624471642,2.803210553815641,5.972379523438079,1.014062484731047,289.4618259803922,0.8989629729724463,0.9133560926126806,0.9321116433928405,0.003453481532866236,0.004416835805295935
241,14.90486145019531,3.296312618651758,0,2126.331875780364,46.11216624471642,2.803210553815641,5.972379523438079,1.014062484731047,289.4618259803922,0.8989629729724463,0.9133560926126806,0.9321116433928405,0.003453481532866236,0.004416835805295935
242,14.90486145019531,3.296312618651758,0,2126.331875780364,46.11216624471642,2.803210553815641,5.972379523438079,1.014062484731047,289.4618259803922,0.8989629729724463,0.9133560926126806,0.9321116433928405,0.003453481532866236,0.004416835805295935
243,14.90486145019531,3.296312618651758,0,2126.331875780364,46.11216624471642,2.803210553815641,5.972379523438079,1.014062484731047,289.4618259803922,0.8989629729724463,0.9133560926126806,0.9321116433928405,0.003453481532866236,0.004416835805295935
244,14.90486145019531,3.296312618651758,0,2126.331875780364,46.11216624471642,2.803210553815641,5.972379523438079,1.014062484731047,289.4618259803922,0.8989629729724463,0.9133560926126806,0.9321116433928405,0.003453481532866236,0.004416835805295935
245,14.90486145019531,3.296312618651758,0,2126.331875780364,46.11216624471642,2.803210553815641,5.972379523438079,1.014062484731047,289.4618259803922,0.8989629729724463,0.9133560926126806,0.9321116433928405,0.003453481532866236,0.004416835805295935
246,14.90486145019531,3.296312618651758,0,2126.331875780364,46.11216624471642,2.803210553815641,5.972379523438079,1.014062484731047,289.4618259803922,0.8989629729724463,0.9133560926126806,0.9321116433928405,0.003453481532866236,0.004416835805295935
247,14.90486145019531,3.296312618651758,0,2126.331875780364,46.11216624471642,2.803210553815641,5.972379523438079,1.014062484731047,289.4618259803922,0.8989629729724463,0.9133560926126806,0.9321116433928405,0.003453481532866236,0.004416835805295935
248,14.90486145019531,3.296312618651758,0,2126.331875780364,46.11216624471642,2.803210553815641,5.972379523438079,1.014062484731047,289.4618259803922,0.8989629729724463,0.9133560926126806,0.9321116433928405,0.003453481532866236,0.004416835805295935
249,14.90486145019531,3.296312618651758,0,2126.331875780364,46.11216624471642,2.803210553815641,5.972379523438079,1.014062484731047,289.4618259803922,0.8989629729724463,0.9133560926126806,0.9321116433928405,0.003453481532866236,0.004416835805295935
250,14.90486145019531,3.296312618651758,0,2126.331875780364,46.11216624471642,2.803210553815641,5.972379523438079,1.014062484731047,289.4618259803922,0.8989629729724463,0.9133560926126806,0.9321116433928405,0.003453481532866236,0.004416835805295935
251,14.90486145019531,3.296312618651758,0,2126.331875780364,46.11216624471642,2.803210553815641,5.972379523438079,1.014062484731047,289.4618259803922,0.8989629729724463,0.9133560926126806,0.9321116433928405,0.003453481532866236,0.004416835805295935
252,14.90486145019531,3.296312618651758,0,2126.331875780364,46.11216624471642,2.803210553815641,5.972379523438079,1.014062484731047,289.4618259803922,0.8989629729724463,0.9133560926126806,0.9321116433928405,0.003453481532866236,0.004416835805295935
253,14.90486145019531,3.296312618651758,0,2126.331875780364,46.11216624471642,2.803210553815641,5.972379523438079,1.014062484731047,289.4618259803922,0.8989629729724463,0.9133560926126806,0.9321116433928405,0.003453481532866236,0.004416835805295935
254,14.90486145019531,3.296312618651758,0,2126.331875780364,46.11216624471642,2.803210553815641,5.972379523438079,1.014062484731047,289.4618259803922,0.8989629729724463,0.9133560926126806,0.9321116433928405,0.003453481532866236,0.004416835805295935
255,14.90486145019531,3.296312618651758,0,2126.331875780364,46.11216624471642,2.803210553815641,5.972379523438079,1.014062484731047,289.4618259803922,0.8989629729724463,0.9133560926126806,0.9321116433928405,0.003453481532866236,0.004416835805295935
256,14.90486145019531,3.296312618651758,0,2126.331875780364,46.11216624471642,2.803210553815641,5.972379523438079,1.014062484731047,289.4618259803922,0.8989629729724463,0.9133560926126806,0.9321116433928405,0.003453481532866236,0.004416835805295935
257,14.90486145019531,3.296312618651758,0,2126.331875780364,46.11216624471642,2.803210553815641,5.972379523438079,1.014062484731047,289.4618259803922,0.8989629729724463,0.9133560926126806,0.9321116433928405,0.003453481532866236,0.004416835805295935
258,14.90486145019531,3.296312618651758,0,2126.331875780364,46.11216624471642,2.803210553815641,5.972379523438079,1.014062484731047,289.4618259803922,0.8989629729724463,0.9133560926126806,0.9321116433928405,0.003453481532866236,0.004416835805295935
259,14.90486145019531,3.296312618651758,0,2126.331875780364,46.11216624471642,2.803210553815641,5.972379523438079,1.014062484731047,289.4618259803922,0.8989629729724463,0.9133560926126806,0.9321116433928405,0.003453481532866236,0.004416835805295935
260,14.90486145019531,3.296312618651758,0,2126.331875780364,46.11216624471642,2.803210553815641,5.972379523438079,1.014062484731047,289.4618259803922,0.8989629729724463,0.9133560926126806,0.9321116433928405,0.003453481532866236,0.004416835805295935
261,14.90486145019531,3.296312618651758,0,2126.331875780364,46.11216624471642,2.803210553815641,5.972379523438079,1.014062484731047,289.4618259803922,0.8989629729724463,0.9133560926126806,0.9321116433928405,0.003453481532866236,0.004416835805295935
262,14.90486145019531,3.296312618651758,0,2126.331875780364,46.11216624471642,2.803210553815641,5.972379523438079,1.014062484731047,289.4618259803922,0.8989629729724463,0.9133560926126806,0.9321116433928405,0.003453481532866236,0.004416835805295935
263,14.90486145019531,3.296312618651758,0,2126.331875780364,46.11216624471642,2.803210553815641,5.972379523438079,1.014062484731047,289.4618259803922,0.8989629729724463,0.9133560926126806,0.9321116433928405,0.003453481532866236,0.004416835805295935
264,14.90486145019531,3.296312618651758,0,2126.331875780364,46.11216624471642,2.803210553815641,5.972379523438079,1.014062484731047,289.4618259803922,0.8989629729724463,0.9133560926126806,0.9321116433928405,0.003453481532866236,0.004416835805295935
265,14.90486145019531,3.296312618651758,0,2126.331875780364,46.11216624471642,2.803210553815641,5.972379523438079,1.014062484731047,289.4618259803922,0.8989629729724463,0.9133560926126806,0.9321116433928405,0.003453481532866236,0.004416835805295935
266,14.90486145019531,3.296312618651758,0,2126.331875780364,46.11216624471642,2.803210553815641,5.972379523438079,1.014062484731047,289.4618259803922,0.8989629729724463,0.9133560926126806,0.9321116433928405,0.003453481532866236,0.004416835805295935
267,14.90486145019531,3.296312618651758,0,2126.331875780364,46.11216624471642,2.803210553815641,5.972379523438079,1.014062484731047,289.4618259803922,0.8989629729724463,0.9133560926126806,0.9321116433928405,0.003453481532866236,0.004416835805295935
268,14.90486145019531,3.296312618651758,0,2126.331875780364,46.11216624471642,2.803210553815641,5.972379523438079,1.014062484731047,289.4618259803922,0.8989629729724463,0.9133560926126806,0.9321116433928405,0.003453481532866236,0.004416835805295935
269,14.90486145019531,3.296312618651758,0,2126.331875780364,46.11216624471642,2.803210553815641,5.972379523438079,1.014062484731047,289.4618259803922,0.8989629729724463,0.9133560926126806,0.9321116433928405,0.003453481532866236,0.004416835805295935
270,14.90486145019531,3.296312618651758,0,2126.331875780364,46.11216624471642,2.803210553815641,5.972379523438079,1.014062484731047,289.4618259803922,0.8989629729724463,0.9133560926126806,0.9321116433928405,0.003453481532866236,0.004416835805295935
271,14.90486145019531,3.296312618651758,0,2126.331875780364,46.11216624471642,2.803210553815641,5.972379523438079,1.014062484731047,289.4618259803922,0.8989629729724463,0.9133560926126806,0.9321116433928405,0.003453481532866236,0.004416835805295935
272,14.90486145019531,3.296312618651758,0,2126.331875780364,46.11216624471642,2.803210553815641,5.972379523438079,1.014062484731047,289.4618259803922,0.8989629729724463,0.9133560926126806,0.9321116433928405,0.003453481532866236,0.004416835805295935
273,14.90486145019531,3.296312618651758,0,2126.331875780364,46.11216624471642,2.803210553815641,5.972379523438079,1.014062484731047,289.4618259803922,0.8989629729724463,0.9133560926126806,0.9321116433928405,0.003453481532866236,0.004416835805295935
274,14.90486145019531,3.296312618651758,0,2126.331875780364,46.11216624471642,2.803210553815641,5.972379523438079,1.014062484731047,289.4618259803922,0.8989629729724463,0.9133560926126806,0.9321116433928405,0.003453481532866236,0.004416835805295935
275,14.90486145019531,3.296312618651758,0,2126.331875780364,46.11216624471642,2.803210553815641,5.972379523438079,1.014062484731047,289.4618259803922,0.8989629729724463,0.9133560926126806,0.9321116433928405,0.003453481532866236,0.004416835805295935
276,14.90486145019531,3.296312618651758,0,2126.331875780364,46.11216624471642,2.803210553815641,5.972379523438079,1.014062484731047,289.4618259803922,0.8989629729724463,0.9133560926126806,0.9321116433928405,0.003453481532866236,0.004416835805295935
277,14.90486145019531,3.296312618651758,0,2126.331875780364,46.11216624471642,2.803210553815641,5.972379523438079,1.014062484731047,289.4618259803922,0.8989629729724463,0.9133560926126806,0.9321116433928405,0.003453481532866236,0.004416835805295935
278,14.90486145019531,3.296312618651758,0,2126.331875780364,46.11216624471642,2.803210553815641,5.972379523438079,1.014062484731047,289.4618259803922,0.8989629729724463,0.9133560926126806,0.9321116433928405,0.003453481532866236,0.004416835805295935
279,14.90486145019531,3.296312618651758,0,2126.331875780364,46.11216624471642,2.803210553815641,5.972379523438079,1.014062484731047,289.4618259803922,0.8989629729724463,0.9133560926126806,0.9321116433928405,0.003453481532866236,0.004416835805295935
280,14.90486145019531,3.296312618651758,0,2126.331875780364,46.11216624471642,2.803210553815641,5.972379523438079,1.014062484731047,289.4618259803922,0.8989629729724463,0.9133560926126806,0.9321116433928405,0.003453481532866236,0.004416835805295935
281,14.90486145019531,3.296312618651758,0,2126.331875780364,46.11216624471642,2.803210553815641,5.972379523438079,1.014062484731047,289.4618259803922,0.8989629729724463,0.9133560926126806,0.9321116433928405,0.003453481532866236,0.004416835805295935
282,14.90486145019531,3.296312618651758,0,2126.331875780364,46.11216624471642,2.803210553815641,5.972379523438079,1.014062484731047,289.4618259803922,0.8989629729724463,0.9133560926126806,0.9321116433928405,0.003453481532866236,0.004416835805295935
283,14.90486145019531,3.296312618651758,0,2126.331875780364,46.11216624471642,2.803210553815641,5.972379523438079,1.014062484731047,289.4618259803922,0.8989629729724463,0.9133560926126806,0.9321116433928405,0.003453481532866236,0.004416835805295935
284,14.90486145019531,3.296312618651758,0,2126.331875780364,46.11216624471642,2.803210553815641,5.972379523438079,1.014062484731047,289.4618259803922,0.8989629729724463,0.9133560926126806,0.9321116433928405,0.003453481532866236,0.004416835805295935
285,14.90486145019531,3.296312618651758,0,2126.331875780364,46.11216624471642,2.803210553815641,5.972379523438079,1.014062484731047,289.4618259803922,0.8989629729724463,0.9133560926126806,0.9321116433928405,0.003453481532866236,0.004416835805295935
286,14.90486145019531,3.296312618651758,0,2126.331875780364,46.11216624471642,2.803210553815641,5.972379523438079,1.014062484731047,289.4618259803922,0.8989629729724463,0.9133560926126806,0.9321116433928405,0.003453481532866236,0.004416835805295935
287,14.90486145019531,3.296312618651758,0,2126.331875780364,46.11216624471642,2.803210553815641,5.972379523438079,1.014062484731047,289.4618259803922,0.8989629729724463,0.9133560926126806,0.9321116433928405,0.003453481532866236,0.004416835805295935
288,14.90486145019531,3.296312618651758,0,2126.331875780364,46.11216624471642,2.803210553815641,5.972379523438079,1.014062484731047,289.4618259803922,0.8989629729724463,0.9133560926126806,0.9321116433928405,0.003453481532866236,0.004416835805295935
289,14.90486145019531,3.296312618651758,0,2126.331875780364,46.11216624471642,2.803210553815641,5.972379523438079,1.014062484731047,289.4618259803922,0.8989629729724463,0.9133560926126806,0.9321116433928405,0.003453481532866236,0.004416835805295935
290,14.90486145019531,3.296312618651758,0,2126.331875780364,46.11216624471642,2.803210553815641,5.972379523438079,1.014062484731047,289.4618259803922,0.8989629729724463,0.9133560926126806,0.9321116433928405,0.003453481532866236,0.004416835805295935
291,14.90486145019531,3.296312618651758,0,2126.331875780364,46.11216624471642,2.803210553815641,5.972379523438079,1.014062484731047,289.4618259803922,0.8989629729724463,0.9133560926126806,0.9321116433928405,0.003453481532866236,0.004416835805295935
292,14.90486145019531,3.296312618651758,0,2126.331875780364,46.11216624471642,2.803210553815641,5.972379523438079,1.014062484731047,289.4618259803922,0.8989629729724463,0.9133560926126806,0.9321116433928405,0.003453481532866236,0.004416835805295935
293,14.90486145019531,3.296312618651758,0,2126.331875780364,46.11216624471642,2.803210553815641,5.972379523438079,1.014062484731047,289.4618259803922,0.8989629729724463,0.9133560926126806,0.9321116433928405,0.003453481532866236,0.004416835805295935
294,14.90486145019531,3.296312618651758,0,2126.331875780364,46.11216624471642,2.803210553815641,5.972379523438079,1.014062484731047,289.4618259803922,0.8989629729724463,0.9133560926126806,0.9321116433928405,0.003453481532866236,0.004416835805295935
295,14.90486145019531,3.296312618651758,0,2126.331875780364,46.11216624471642,2.803210553815641,5.972379523438079,1.014062484731047,289.4618259803922,0.8989629729724463,0.9133560926126806,0.9321116433928405,0.003453481532866236,0.004416835805295935
296,14.90486145019531,3.296312618651758,0,2126.331875780364,46.11216624471642,2.803210553815641,5.972379523438079,1.014062484731047,289.4618259803922,0.8989629729724463,0.9133560926126806,0.9321116433928405,0.003453481532866236,0.004416835805295935
297,14.90486145019531,3.296312618651758,0,2126.331875780364,46.11216624471642,2.803210553815641,5.972379523438079,1.014062484731047,289.4618259803922,0.8989629729724463,0.9133560926126806,0.9321116433928405,0.003453481532866236,0.004416835805295935
298,14.90486145019531,3.296312618651758,0,2126.331875780364,46.11216624471642,2.803210553815641,5.972379523438079,1.014062484731047,289.4618259803922,0.8989629729724463,0.9133560926126806,0.9321116433928405,0.003453481532866236,0.004416835805295935
299,14.90486145019531,3.296312618651758,0,2126.331875780364,46.11216624471642,2.803210553815641,5.972379523438079,1.014062484731047,289.4618259803922,0.8989629729724463,0.9133560926126806,0.9321116433928405,0.003453481532866236,0.004416835805295935
