,Mean_R,RMS_R,Median_R,Variance_R,Std_R,Skewness_R,Kurtosis_R,Contrast_R,Entropy_R,Energy_R,Homogeneity_R,Correlation_R,IDM_R,Smoothness_R
0,16.20298767089844,3.368046131098999,0,2509.303019027924,50.09294380477079,2.795236914490422,5.906025708883535,1.014116872091043,323.4078584558823,0.898963165093815,0.9132547420573931,0.935722129049133,0.003091105111966526,0.004934810700349049
1,16.20298767089844,3.368046131098999,0,2509.303019027924,50.09294380477079,2.795236914490422,5.906025708883535,1.014116872091043,323.4078584558823,0.898963165093815,0.9132547420573931,0.935722129049133,0.003091105111966526,0.004934810700349049
2,16.20298767089844,3.368046131098999,0,2509.303019027924,50.09294380477079,2.795236914490422,5.906025708883535,1.014116872091043,323.4078584558823,0.898963165093815,0.9132547420573931,0.935722129049133,0.003091105111966526,0.004934810700349049
3,16.20298767089844,3.368046131098999,0,2509.303019027924,50.09294380477079,2.795236914490422,5.906025708883535,1.014116872091043,323.4078584558823,0.898963165093815,0.9132547420573931,0.935722129049133,0.003091105111966526,0.004934810700349049
4,16.20298767089844,3.368046131098999,0,2509.303019027924,50.09294380477079,2.795236914490422,5.906025708883535,1.014116872091043,323.4078584558823,0.898963165093815,0.9132547420573931,0.935722129049133,0.003091105111966526,0.004934810700349049
5,16.20298767089844,3.368046131098999,0,2509.303019027924,50.09294380477079,2.795236914490422,5.906025708883535,1.014116872091043,323.4078584558823,0.898963165093815,0.9132547420573931,0.935722129049133,0.003091105111966526,0.004934810700349049
6,16.20298767089844,3.368046131098999,0,2509.303019027924,50.09294380477079,2.795236914490422,5.906025708883535,1.014116872091043,323.4078584558823,0.898963165093815,0.9132547420573931,0.935722129049133,0.003091105111966526,0.004934810700349049
7,16.20298767089844,3.368046131098999,0,2509.303019027924,50.09294380477079,2.795236914490422,5.906025708883535,1.014116872091043,323.4078584558823,0.898963165093815,0.9132547420573931,0.935722129049133,0.003091105111966526,0.004934810700349049
8,16.20298767089844,3.368046131098999,0,2509.303019027924,50.09294380477079,2.795236914490422,5.906025708883535,1.014116872091043,323.4078584558823,0.898963165093815,0.9132547420573931,0.935722129049133,0.003091105111966526,0.004934810700349049
9,16.20298767089844,3.368046131098999,0,2509.303019027924,50.09294380477079,2.795236914490422,5.906025708883535,1.014116872091043,323.4078584558823,0.898963165093815,0.9132547420573931,0.935722129049133,0.003091105111966526,0.004934810700349049
10,16.20298767089844,3.368046131098999,0,2509.303019027924,50.09294380477079,2.795236914490422,5.906025708883535,1.014116872091043,323.4078584558823,0.898963165093815,0.9132547420573931,0.935722129049133,0.003091105111966526,0.004934810700349049
11,16.20298767089844,3.368046131098999,0,2509.303019027924,50.09294380477079,2.795236914490422,5.906025708883535,1.014116872091043,323.4078584558823,0.898963165093815,0.9132547420573931,0.935722129049133,0.003091105111966526,0.004934810700349049
12,16.20298767089844,3.368046131098999,0,2509.303019027924,50.09294380477079,2.795236914490422,5.906025708883535,1.014116872091043,323.4078584558823,0.898963165093815,0.9132547420573931,0.935722129049133,0.003091105111966526,0.004934810700349049
13,16.20298767089844,3.368046131098999,0,2509.303019027924,50.09294380477079,2.795236914490422,5.906025708883535,1.014116872091043,323.4078584558823,0.898963165093815,0.9132547420573931,0.935722129049133,0.003091105111966526,0.004934810700349049
14,16.20298767089844,3.368046131098999,0,2509.303019027924,50.09294380477079,2.795236914490422,5.906025708883535,1.014116872091043,323.4078584558823,0.898963165093815,0.9132547420573931,0.935722129049133,0.003091105111966526,0.004934810700349049
15,16.20298767089844,3.368046131098999,0,2509.303019027924,50.09294380477079,2.795236914490422,5.906025708883535,1.014116872091043,323.4078584558823,0.898963165093815,0.9132547420573931,0.935722129049133,0.003091105111966526,0.004934810700349049
16,16.20298767089844,3.368046131098999,0,2509.303019027924,50.09294380477079,2.795236914490422,5.906025708883535,1.014116872091043,323.4078584558823,0.898963165093815,0.9132547420573931,0.935722129049133,0.003091105111966526,0.004934810700349049
17,16.20298767089844,3.368046131098999,0,2509.303019027924,50.09294380477079,2.795236914490422,5.906025708883535,1.014116872091043,323.4078584558823,0.898963165093815,0.9132547420573931,0.935722129049133,0.003091105111966526,0.004934810700349049
18,16.20298767089844,3.368046131098999,0,2509.303019027924,50.09294380477079,2.795236914490422,5.906025708883535,1.014116872091043,323.4078584558823,0.898963165093815,0.9132547420573931,0.935722129049133,0.003091105111966526,0.004934810700349049
19,16.20298767089844,3.368046131098999,0,2509.303019027924,50.09294380477079,2.795236914490422,5.906025708883535,1.014116872091043,323.4078584558823,0.898963165093815,0.9132547420573931,0.935722129049133,0.003091105111966526,0.004934810700349049
20,16.20298767089844,3.368046131098999,0,2509.303019027924,50.09294380477079,2.795236914490422,5.906025708883535,1.014116872091043,323.4078584558823,0.898963165093815,0.9132547420573931,0.935722129049133,0.003091105111966526,0.004934810700349049
21,16.20298767089844,3.368046131098999,0,2509.303019027924,50.09294380477079,2.795236914490422,5.906025708883535,1.014116872091043,323.4078584558823,0.898963165093815,0.9132547420573931,0.935722129049133,0.003091105111966526,0.004934810700349049
22,16.20298767089844,3.368046131098999,0,2509.303019027924,50.09294380477079,2.795236914490422,5.906025708883535,1.014116872091043,323.4078584558823,0.898963165093815,0.9132547420573931,0.935722129049133,0.003091105111966526,0.004934810700349049
23,16.20298767089844,3.368046131098999,0,2509.303019027924,50.09294380477079,2.795236914490422,5.906025708883535,1.014116872091043,323.4078584558823,0.898963165093815,0.9132547420573931,0.935722129049133,0.003091105111966526,0.004934810700349049
24,16.20298767089844,3.368046131098999,0,2509.303019027924,50.09294380477079,2.795236914490422,5.906025708883535,1.014116872091043,323.4078584558823,0.898963165093815,0.9132547420573931,0.935722129049133,0.003091105111966526,0.004934810700349049
25,16.20298767089844,3.368046131098999,0,2509.303019027924,50.09294380477079,2.795236914490422,5.906025708883535,1.014116872091043,323.4078584558823,0.898963165093815,0.9132547420573931,0.935722129049133,0.003091105111966526,0.004934810700349049
26,16.20298767089844,3.368046131098999,0,2509.303019027924,50.09294380477079,2.795236914490422,5.906025708883535,1.014116872091043,323.4078584558823,0.898963165093815,0.9132547420573931,0.935722129049133,0.003091105111966526,0.004934810700349049
27,16.20298767089844,3.368046131098999,0,2509.303019027924,50.09294380477079,2.795236914490422,5.906025708883535,1.014116872091043,323.4078584558823,0.898963165093815,0.9132547420573931,0.935722129049133,0.003091105111966526,0.004934810700349049
28,16.20298767089844,3.368046131098999,0,2509.303019027924,50.09294380477079,2.795236914490422,5.906025708883535,1.014116872091043,323.4078584558823,0.898963165093815,0.9132547420573931,0.935722129049133,0.003091105111966526,0.004934810700349049
29,16.20298767089844,3.368046131098999,0,2509.303019027924,50.09294380477079,2.795236914490422,5.906025708883535,1.014116872091043,323.4078584558823,0.898963165093815,0.9132547420573931,0.935722129049133,0.003091105111966526,0.004934810700349049
30,16.20298767089844,3.368046131098999,0,2509.303019027924,50.09294380477079,2.795236914490422,5.906025708883535,1.014116872091043,323.4078584558823,0.898963165093815,0.9132547420573931,0.935722129049133,0.003091105111966526,0.004934810700349049
31,16.20298767089844,3.368046131098999,0,2509.303019027924,50.09294380477079,2.795236914490422,5.906025708883535,1.014116872091043,323.4078584558823,0.898963165093815,0.9132547420573931,0.935722129049133,0.003091105111966526,0.004934810700349049
32,16.20298767089844,3.368046131098999,0,2509.303019027924,50.09294380477079,2.795236914490422,5.906025708883535,1.014116872091043,323.4078584558823,0.898963165093815,0.9132547420573931,0.935722129049133,0.003091105111966526,0.004934810700349049
33,16.20298767089844,3.368046131098999,0,2509.303019027924,50.09294380477079,2.795236914490422,5.906025708883535,1.014116872091043,323.4078584558823,0.898963165093815,0.9132547420573931,0.935722129049133,0.003091105111966526,0.004934810700349049
34,16.20298767089844,3.368046131098999,0,2509.303019027924,50.09294380477079,2.795236914490422,5.906025708883535,1.014116872091043,323.4078584558823,0.898963165093815,0.9132547420573931,0.935722129049133,0.003091105111966526,0.004934810700349049
35,16.20298767089844,3.368046131098999,0,2509.303019027924,50.09294380477079,2.795236914490422,5.906025708883535,1.014116872091043,323.4078584558823,0.898963165093815,0.9132547420573931,0.935722129049133,0.003091105111966526,0.004934810700349049
36,16.20298767089844,3.368046131098999,0,2509.303019027924,50.09294380477079,2.795236914490422,5.906025708883535,1.014116872091043,323.4078584558823,0.898963165093815,0.9132547420573931,0.935722129049133,0.003091105111966526,0.004934810700349049
37,16.20298767089844,3.368046131098999,0,2509.303019027924,50.09294380477079,2.795236914490422,5.906025708883535,1.014116872091043,323.4078584558823,0.898963165093815,0.9132547420573931,0.935722129049133,0.003091105111966526,0.004934810700349049
38,16.20298767089844,3.368046131098999,0,2509.303019027924,50.09294380477079,2.795236914490422,5.906025708883535,1.014116872091043,323.4078584558823,0.898963165093815,0.9132547420573931,0.935722129049133,0.003091105111966526,0.004934810700349049
39,16.20298767089844,3.368046131098999,0,2509.303019027924,50.09294380477079,2.795236914490422,5.906025708883535,1.014116872091043,323.4078584558823,0.898963165093815,0.9132547420573931,0.935722129049133,0.003091105111966526,0.004934810700349049
40,16.20298767089844,3.368046131098999,0,2509.303019027924,50.09294380477079,2.795236914490422,5.906025708883535,1.014116872091043,323.4078584558823,0.898963165093815,0.9132547420573931,0.935722129049133,0.003091105111966526,0.004934810700349049
41,16.20298767089844,3.368046131098999,0,2509.303019027924,50.09294380477079,2.795236914490422,5.906025708883535,1.014116872091043,323.4078584558823,0.898963165093815,0.9132547420573931,0.935722129049133,0.003091105111966526,0.004934810700349049
42,16.20298767089844,3.368046131098999,0,2509.303019027924,50.09294380477079,2.795236914490422,5.906025708883535,1.014116872091043,323.4078584558823,0.898963165093815,0.9132547420573931,0.935722129049133,0.003091105111966526,0.004934810700349049
43,16.20298767089844,3.368046131098999,0,2509.303019027924,50.09294380477079,2.795236914490422,5.906025708883535,1.014116872091043,323.4078584558823,0.898963165093815,0.9132547420573931,0.935722129049133,0.003091105111966526,0.004934810700349049
44,16.20298767089844,3.368046131098999,0,2509.303019027924,50.09294380477079,2.795236914490422,5.906025708883535,1.014116872091043,323.4078584558823,0.898963165093815,0.9132547420573931,0.935722129049133,0.003091105111966526,0.004934810700349049
45,16.20298767089844,3.368046131098999,0,2509.303019027924,50.09294380477079,2.795236914490422,5.906025708883535,1.014116872091043,323.4078584558823,0.898963165093815,0.9132547420573931,0.935722129049133,0.003091105111966526,0.004934810700349049
46,16.20298767089844,3.368046131098999,0,2509.303019027924,50.09294380477079,2.795236914490422,5.906025708883535,1.014116872091043,323.4078584558823,0.898963165093815,0.9132547420573931,0.935722129049133,0.003091105111966526,0.004934810700349049
47,16.20298767089844,3.368046131098999,0,2509.303019027924,50.09294380477079,2.795236914490422,5.906025708883535,1.014116872091043,323.4078584558823,0.898963165093815,0.9132547420573931,0.935722129049133,0.003091105111966526,0.004934810700349049
48,16.20298767089844,3.368046131098999,0,2509.303019027924,50.09294380477079,2.795236914490422,5.906025708883535,1.014116872091043,323.4078584558823,0.898963165093815,0.9132547420573931,0.935722129049133,0.003091105111966526,0.004934810700349049
49,16.20298767089844,3.368046131098999,0,2509.303019027924,50.09294380477079,2.795236914490422,5.906025708883535,1.014116872091043,323.4078584558823,0.898963165093815,0.9132547420573931,0.935722129049133,0.003091105111966526,0.004934810700349049
50,16.20298767089844,3.368046131098999,0,2509.303019027924,50.09294380477079,2.795236914490422,5.906025708883535,1.014116872091043,323.4078584558823,0.898963165093815,0.9132547420573931,0.935722129049133,0.003091105111966526,0.004934810700349049
51,16.20298767089844,3.368046131098999,0,2509.303019027924,50.09294380477079,2.795236914490422,5.906025708883535,1.014116872091043,323.4078584558823,0.898963165093815,0.9132547420573931,0.935722129049133,0.003091105111966526,0.004934810700349049
52,16.20298767089844,3.368046131098999,0,2509.303019027924,50.09294380477079,2.795236914490422,5.906025708883535,1.014116872091043,323.4078584558823,0.898963165093815,0.9132547420573931,0.935722129049133,0.003091105111966526,0.004934810700349049
53,16.20298767089844,3.368046131098999,0,2509.303019027924,50.09294380477079,2.795236914490422,5.906025708883535,1.014116872091043,323.4078584558823,0.898963165093815,0.9132547420573931,0.935722129049133,0.003091105111966526,0.004934810700349049
54,16.20298767089844,3.368046131098999,0,2509.303019027924,50.09294380477079,2.795236914490422,5.906025708883535,1.014116872091043,323.4078584558823,0.898963165093815,0.9132547420573931,0.935722129049133,0.003091105111966526,0.004934810700349049
55,16.20298767089844,3.368046131098999,0,2509.303019027924,50.09294380477079,2.795236914490422,5.906025708883535,1.014116872091043,323.4078584558823,0.898963165093815,0.9132547420573931,0.935722129049133,0.003091105111966526,0.004934810700349049
56,16.20298767089844,3.368046131098999,0,2509.303019027924,50.09294380477079,2.795236914490422,5.906025708883535,1.014116872091043,323.4078584558823,0.898963165093815,0.9132547420573931,0.935722129049133,0.003091105111966526,0.004934810700349049
57,16.20298767089844,3.368046131098999,0,2509.303019027924,50.09294380477079,2.795236914490422,5.906025708883535,1.014116872091043,323.4078584558823,0.898963165093815,0.9132547420573931,0.935722129049133,0.003091105111966526,0.004934810700349049
58,16.20298767089844,3.368046131098999,0,2509.303019027924,50.09294380477079,2.795236914490422,5.906025708883535,1.014116872091043,323.4078584558823,0.898963165093815,0.9132547420573931,0.935722129049133,0.003091105111966526,0.004934810700349049
59,16.20298767089844,3.368046131098999,0,2509.303019027924,50.09294380477079,2.795236914490422,5.906025708883535,1.014116872091043,323.4078584558823,0.898963165093815,0.9132547420573931,0.935722129049133,0.003091105111966526,0.004934810700349049
60,16.20298767089844,3.368046131098999,0,2509.303019027924,50.09294380477079,2.795236914490422,5.906025708883535,1.014116872091043,323.4078584558823,0.898963165093815,0.9132547420573931,0.935722129049133,0.003091105111966526,0.004934810700349049
61,16.20298767089844,3.368046131098999,0,2509.303019027924,50.09294380477079,2.795236914490422,5.906025708883535,1.014116872091043,323.4078584558823,0.898963165093815,0.9132547420573931,0.935722129049133,0.003091105111966526,0.004934810700349049
62,16.20298767089844,3.368046131098999,0,2509.303019027924,50.09294380477079,2.795236914490422,5.906025708883535,1.014116872091043,323.4078584558823,0.898963165093815,0.9132547420573931,0.935722129049133,0.003091105111966526,0.004934810700349049
63,16.20298767089844,3.368046131098999,0,2509.303019027924,50.09294380477079,2.795236914490422,5.906025708883535,1.014116872091043,323.4078584558823,0.898963165093815,0.9132547420573931,0.935722129049133,0.003091105111966526,0.004934810700349049
64,16.20298767089844,3.368046131098999,0,2509.303019027924,50.09294380477079,2.795236914490422,5.906025708883535,1.014116872091043,323.4078584558823,0.898963165093815,0.9132547420573931,0.935722129049133,0.003091105111966526,0.004934810700349049
65,16.20298767089844,3.368046131098999,0,2509.303019027924,50.09294380477079,2.795236914490422,5.906025708883535,1.014116872091043,323.4078584558823,0.898963165093815,0.9132547420573931,0.935722129049133,0.003091105111966526,0.004934810700349049
66,16.20298767089844,3.368046131098999,0,2509.303019027924,50.09294380477079,2.795236914490422,5.906025708883535,1.014116872091043,323.4078584558823,0.898963165093815,0.9132547420573931,0.935722129049133,0.003091105111966526,0.004934810700349049
67,16.20298767089844,3.368046131098999,0,2509.303019027924,50.09294380477079,2.795236914490422,5.906025708883535,1.014116872091043,323.4078584558823,0.898963165093815,0.9132547420573931,0.935722129049133,0.003091105111966526,0.004934810700349049
68,16.20298767089844,3.368046131098999,0,2509.303019027924,50.09294380477079,2.795236914490422,5.906025708883535,1.014116872091043,323.4078584558823,0.898963165093815,0.9132547420573931,0.935722129049133,0.003091105111966526,0.004934810700349049
69,16.20298767089844,3.368046131098999,0,2509.303019027924,50.09294380477079,2.795236914490422,5.906025708883535,1.014116872091043,323.4078584558823,0.898963165093815,0.9132547420573931,0.935722129049133,0.003091105111966526,0.004934810700349049
70,16.20298767089844,3.368046131098999,0,2509.303019027924,50.09294380477079,2.795236914490422,5.906025708883535,1.014116872091043,323.4078584558823,0.898963165093815,0.9132547420573931,0.935722129049133,0.003091105111966526,0.004934810700349049
71,16.20298767089844,3.368046131098999,0,2509.303019027924,50.09294380477079,2.795236914490422,5.906025708883535,1.014116872091043,323.4078584558823,0.898963165093815,0.9132547420573931,0.935722129049133,0.003091105111966526,0.004934810700349049
72,16.20298767089844,3.368046131098999,0,2509.303019027924,50.09294380477079,2.795236914490422,5.906025708883535,1.014116872091043,323.4078584558823,0.898963165093815,0.9132547420573931,0.935722129049133,0.003091105111966526,0.004934810700349049
73,16.20298767089844,3.368046131098999,0,2509.303019027924,50.09294380477079,2.795236914490422,5.906025708883535,1.014116872091043,323.4078584558823,0.898963165093815,0.9132547420573931,0.935722129049133,0.003091105111966526,0.004934810700349049
74,16.20298767089844,3.368046131098999,0,2509.303019027924,50.09294380477079,2.795236914490422,5.906025708883535,1.014116872091043,323.4078584558823,0.898963165093815,0.9132547420573931,0.935722129049133,0.003091105111966526,0.004934810700349049
75,16.20298767089844,3.368046131098999,0,2509.303019027924,50.09294380477079,2.795236914490422,5.906025708883535,1.014116872091043,323.4078584558823,0.898963165093815,0.9132547420573931,0.935722129049133,0.003091105111966526,0.004934810700349049
76,16.20298767089844,3.368046131098999,0,2509.303019027924,50.09294380477079,2.795236914490422,5.906025708883535,1.014116872091043,323.4078584558823,0.898963165093815,0.9132547420573931,0.935722129049133,0.003091105111966526,0.004934810700349049
77,16.20298767089844,3.368046131098999,0,2509.303019027924,50.09294380477079,2.795236914490422,5.906025708883535,1.014116872091043,323.4078584558823,0.898963165093815,0.9132547420573931,0.935722129049133,0.003091105111966526,0.004934810700349049
78,16.20298767089844,3.368046131098999,0,2509.303019027924,50.09294380477079,2.795236914490422,5.906025708883535,1.014116872091043,323.4078584558823,0.898963165093815,0.9132547420573931,0.935722129049133,0.003091105111966526,0.004934810700349049
79,16.20298767089844,3.368046131098999,0,2509.303019027924,50.09294380477079,2.795236914490422,5.906025708883535,1.014116872091043,323.4078584558823,0.898963165093815,0.9132547420573931,0.935722129049133,0.003091105111966526,0.004934810700349049
80,16.20298767089844,3.368046131098999,0,2509.303019027924,50.09294380477079,2.795236914490422,5.906025708883535,1.014116872091043,323.4078584558823,0.898963165093815,0.9132547420573931,0.935722129049133,0.003091105111966526,0.004934810700349049
81,16.20298767089844,3.368046131098999,0,2509.303019027924,50.09294380477079,2.795236914490422,5.906025708883535,1.014116872091043,323.4078584558823,0.898963165093815,0.9132547420573931,0.935722129049133,0.003091105111966526,0.004934810700349049
82,16.20298767089844,3.368046131098999,0,2509.303019027924,50.09294380477079,2.795236914490422,5.906025708883535,1.014116872091043,323.4078584558823,0.898963165093815,0.9132547420573931,0.935722129049133,0.003091105111966526,0.004934810700349049
83,16.20298767089844,3.368046131098999,0,2509.303019027924,50.09294380477079,2.795236914490422,5.906025708883535,1.014116872091043,323.4078584558823,0.898963165093815,0.9132547420573931,0.935722129049133,0.003091105111966526,0.004934810700349049
84,16.20298767089844,3.368046131098999,0,2509.303019027924,50.09294380477079,2.795236914490422,5.906025708883535,1.014116872091043,323.4078584558823,0.898963165093815,0.9132547420573931,0.935722129049133,0.003091105111966526,0.004934810700349049
85,16.20298767089844,3.368046131098999,0,2509.303019027924,50.09294380477079,2.795236914490422,5.906025708883535,1.014116872091043,323.4078584558823,0.898963165093815,0.9132547420573931,0.935722129049133,0.003091105111966526,0.004934810700349049
86,16.20298767089844,3.368046131098999,0,2509.303019027924,50.09294380477079,2.795236914490422,5.906025708883535,1.014116872091043,323.4078584558823,0.898963165093815,0.9132547420573931,0.935722129049133,0.003091105111966526,0.004934810700349049
87,16.20298767089844,3.368046131098999,0,2509.303019027924,50.09294380477079,2.795236914490422,5.906025708883535,1.014116872091043,323.4078584558823,0.898963165093815,0.9132547420573931,0.935722129049133,0.003091105111966526,0.004934810700349049
88,16.20298767089844,3.368046131098999,0,2509.303019027924,50.09294380477079,2.795236914490422,5.906025708883535,1.014116872091043,323.4078584558823,0.898963165093815,0.9132547420573931,0.935722129049133,0.003091105111966526,0.004934810700349049
89,16.20298767089844,3.368046131098999,0,2509.303019027924,50.09294380477079,2.795236914490422,5.906025708883535,1.014116872091043,323.4078584558823,0.898963165093815,0.9132547420573931,0.935722129049133,0.003091105111966526,0.004934810700349049
90,16.20298767089844,3.368046131098999,0,2509.303019027924,50.09294380477079,2.795236914490422,5.906025708883535,1.014116872091043,323.4078584558823,0.898963165093815,0.9132547420573931,0.935722129049133,0.003091105111966526,0.004934810700349049
91,16.20298767089844,3.368046131098999,0,2509.303019027924,50.09294380477079,2.795236914490422,5.906025708883535,1.014116872091043,323.4078584558823,0.898963165093815,0.9132547420573931,0.935722129049133,0.003091105111966526,0.004934810700349049
92,16.20298767089844,3.368046131098999,0,2509.303019027924,50.09294380477079,2.795236914490422,5.906025708883535,1.014116872091043,323.4078584558823,0.898963165093815,0.9132547420573931,0.935722129049133,0.003091105111966526,0.004934810700349049
93,16.20298767089844,3.368046131098999,0,2509.303019027924,50.09294380477079,2.795236914490422,5.906025708883535,1.014116872091043,323.4078584558823,0.898963165093815,0.9132547420573931,0.935722129049133,0.003091105111966526,0.004934810700349049
94,16.20298767089844,3.368046131098999,0,2509.303019027924,50.09294380477079,2.795236914490422,5.906025708883535,1.014116872091043,323.4078584558823,0.898963165093815,0.9132547420573931,0.935722129049133,0.003091105111966526,0.004934810700349049
95,16.20298767089844,3.368046131098999,0,2509.303019027924,50.09294380477079,2.795236914490422,5.906025708883535,1.014116872091043,323.4078584558823,0.898963165093815,0.9132547420573931,0.935722129049133,0.003091105111966526,0.004934810700349049
96,16.20298767089844,3.368046131098999,0,2509.303019027924,50.09294380477079,2.795236914490422,5.906025708883535,1.014116872091043,323.4078584558823,0.898963165093815,0.9132547420573931,0.935722129049133,0.003091105111966526,0.004934810700349049
97,16.20298767089844,3.368046131098999,0,2509.303019027924,50.09294380477079,2.795236914490422,5.906025708883535,1.014116872091043,323.4078584558823,0.898963165093815,0.9132547420573931,0.935722129049133,0.003091105111966526,0.004934810700349049
98,16.20298767089844,3.368046131098999,0,2509.303019027924,50.09294380477079,2.795236914490422,5.906025708883535,1.014116872091043,323.4078584558823,0.898963165093815,0.9132547420573931,0.935722129049133,0.003091105111966526,0.004934810700349049
99,16.20298767089844,3.368046131098999,0,2509.303019027924,50.09294380477079,2.795236914490422,5.906025708883535,1.014116872091043,323.4078584558823,0.898963165093815,0.9132547420573931,0.935722129049133,0.003091105111966526,0.004934810700349049
100,16.20298767089844,3.368046131098999,0,2509.303019027924,50.09294380477079,2.795236914490422,5.906025708883535,1.014116872091043,323.4078584558823,0.898963165093815,0.9132547420573931,0.935722129049133,0.003091105111966526,0.004934810700349049
101,16.20298767089844,3.368046131098999,0,2509.303019027924,50.09294380477079,2.795236914490422,5.906025708883535,1.014116872091043,323.4078584558823,0.898963165093815,0.9132547420573931,0.935722129049133,0.003091105111966526,0.004934810700349049
102,16.20298767089844,3.368046131098999,0,2509.303019027924,50.09294380477079,2.795236914490422,5.906025708883535,1.014116872091043,323.4078584558823,0.898963165093815,0.9132547420573931,0.935722129049133,0.003091105111966526,0.004934810700349049
103,16.20298767089844,3.368046131098999,0,2509.303019027924,50.09294380477079,2.795236914490422,5.906025708883535,1.014116872091043,323.4078584558823,0.898963165093815,0.9132547420573931,0.935722129049133,0.003091105111966526,0.004934810700349049
104,16.20298767089844,3.368046131098999,0,2509.303019027924,50.09294380477079,2.795236914490422,5.906025708883535,1.014116872091043,323.4078584558823,0.898963165093815,0.9132547420573931,0.935722129049133,0.003091105111966526,0.004934810700349049
105,16.20298767089844,3.368046131098999,0,2509.303019027924,50.09294380477079,2.795236914490422,5.906025708883535,1.014116872091043,323.4078584558823,0.898963165093815,0.9132547420573931,0.935722129049133,0.003091105111966526,0.004934810700349049
106,16.20298767089844,3.368046131098999,0,2509.303019027924,50.09294380477079,2.795236914490422,5.906025708883535,1.014116872091043,323.4078584558823,0.898963165093815,0.9132547420573931,0.935722129049133,0.003091105111966526,0.004934810700349049
107,16.20298767089844,3.368046131098999,0,2509.303019027924,50.09294380477079,2.795236914490422,5.906025708883535,1.014116872091043,323.4078584558823,0.898963165093815,0.9132547420573931,0.935722129049133,0.003091105111966526,0.004934810700349049
108,16.20298767089844,3.368046131098999,0,2509.303019027924,50.09294380477079,2.795236914490422,5.906025708883535,1.014116872091043,323.4078584558823,0.898963165093815,0.9132547420573931,0.935722129049133,0.003091105111966526,0.004934810700349049
109,16.20298767089844,3.368046131098999,0,2509.303019027924,50.09294380477079,2.795236914490422,5.906025708883535,1.014116872091043,323.4078584558823,0.898963165093815,0.9132547420573931,0.935722129049133,0.003091105111966526,0.004934810700349049
110,16.20298767089844,3.368046131098999,0,2509.303019027924,50.09294380477079,2.795236914490422,5.906025708883535,1.014116872091043,323.4078584558823,0.898963165093815,0.9132547420573931,0.935722129049133,0.003091105111966526,0.004934810700349049
111,16.20298767089844,3.368046131098999,0,2509.303019027924,50.09294380477079,2.795236914490422,5.906025708883535,1.014116872091043,323.4078584558823,0.898963165093815,0.9132547420573931,0.935722129049133,0.003091105111966526,0.004934810700349049
112,16.20298767089844,3.368046131098999,0,2509.303019027924,50.09294380477079,2.795236914490422,5.906025708883535,1.014116872091043,323.4078584558823,0.898963165093815,0.9132547420573931,0.935722129049133,0.003091105111966526,0.004934810700349049
113,16.20298767089844,3.368046131098999,0,2509.303019027924,50.09294380477079,2.795236914490422,5.906025708883535,1.014116872091043,323.4078584558823,0.898963165093815,0.9132547420573931,0.935722129049133,0.003091105111966526,0.004934810700349049
114,16.20298767089844,3.368046131098999,0,2509.303019027924,50.09294380477079,2.795236914490422,5.906025708883535,1.014116872091043,323.4078584558823,0.898963165093815,0.9132547420573931,0.935722129049133,0.003091105111966526,0.004934810700349049
115,16.20298767089844,3.368046131098999,0,2509.303019027924,50.09294380477079,2.795236914490422,5.906025708883535,1.014116872091043,323.4078584558823,0.898963165093815,0.9132547420573931,0.935722129049133,0.003091105111966526,0.004934810700349049
116,16.20298767089844,3.368046131098999,0,2509.303019027924,50.09294380477079,2.795236914490422,5.906025708883535,1.014116872091043,323.4078584558823,0.898963165093815,0.9132547420573931,0.935722129049133,0.003091105111966526,0.004934810700349049
117,16.20298767089844,3.368046131098999,0,2509.303019027924,50.09294380477079,2.795236914490422,5.906025708883535,1.014116872091043,323.4078584558823,0.898963165093815,0.9132547420573931,0.935722129049133,0.003091105111966526,0.004934810700349049
118,16.20298767089844,3.368046131098999,0,2509.303019027924,50.09294380477079,2.795236914490422,5.906025708883535,1.014116872091043,323.4078584558823,0.898963165093815,0.9132547420573931,0.935722129049133,0.003091105111966526,0.004934810700349049
119,16.20298767089844,3.368046131098999,0,2509.303019027924,50.09294380477079,2.795236914490422,5.906025708883535,1.014116872091043,323.4078584558823,0.898963165093815,0.9132547420573931,0.935722129049133,0.003091105111966526,0.004934810700349049
120,16.20298767089844,3.368046131098999,0,2509.303019027924,50.09294380477079,2.795236914490422,5.906025708883535,1.014116872091043,323.4078584558823,0.898963165093815,0.9132547420573931,0.935722129049133,0.003091105111966526,0.004934810700349049
121,16.20298767089844,3.368046131098999,0,2509.303019027924,50.09294380477079,2.795236914490422,5.906025708883535,1.014116872091043,323.4078584558823,0.898963165093815,0.9132547420573931,0.935722129049133,0.003091105111966526,0.004934810700349049
122,16.20298767089844,3.368046131098999,0,2509.303019027924,50.09294380477079,2.795236914490422,5.906025708883535,1.014116872091043,323.4078584558823,0.898963165093815,0.9132547420573931,0.935722129049133,0.003091105111966526,0.004934810700349049
123,16.20298767089844,3.368046131098999,0,2509.303019027924,50.09294380477079,2.795236914490422,5.906025708883535,1.014116872091043,323.4078584558823,0.898963165093815,0.9132547420573931,0.935722129049133,0.003091105111966526,0.004934810700349049
124,16.20298767089844,3.368046131098999,0,2509.303019027924,50.09294380477079,2.795236914490422,5.906025708883535,1.014116872091043,323.4078584558823,0.898963165093815,0.9132547420573931,0.935722129049133,0.003091105111966526,0.004934810700349049
125,16.20298767089844,3.368046131098999,0,2509.303019027924,50.09294380477079,2.795236914490422,5.906025708883535,1.014116872091043,323.4078584558823,0.898963165093815,0.9132547420573931,0.935722129049133,0.003091105111966526,0.004934810700349049
126,16.20298767089844,3.368046131098999,0,2509.303019027924,50.09294380477079,2.795236914490422,5.906025708883535,1.014116872091043,323.4078584558823,0.898963165093815,0.9132547420573931,0.935722129049133,0.003091105111966526,0.004934810700349049
127,16.20298767089844,3.368046131098999,0,2509.303019027924,50.09294380477079,2.795236914490422,5.906025708883535,1.014116872091043,323.4078584558823,0.898963165093815,0.9132547420573931,0.935722129049133,0.003091105111966526,0.004934810700349049
128,16.20298767089844,3.368046131098999,0,2509.303019027924,50.09294380477079,2.795236914490422,5.906025708883535,1.014116872091043,323.4078584558823,0.898963165093815,0.9132547420573931,0.935722129049133,0.003091105111966526,0.004934810700349049
129,16.20298767089844,3.368046131098999,0,2509.303019027924,50.09294380477079,2.795236914490422,5.906025708883535,1.014116872091043,323.4078584558823,0.898963165093815,0.9132547420573931,0.935722129049133,0.003091105111966526,0.004934810700349049
130,16.20298767089844,3.368046131098999,0,2509.303019027924,50.09294380477079,2.795236914490422,5.906025708883535,1.014116872091043,323.4078584558823,0.898963165093815,0.9132547420573931,0.935722129049133,0.003091105111966526,0.004934810700349049
131,16.20298767089844,3.368046131098999,0,2509.303019027924,50.09294380477079,2.795236914490422,5.906025708883535,1.014116872091043,323.4078584558823,0.898963165093815,0.9132547420573931,0.935722129049133,0.003091105111966526,0.004934810700349049
132,16.20298767089844,3.368046131098999,0,2509.303019027924,50.09294380477079,2.795236914490422,5.906025708883535,1.014116872091043,323.4078584558823,0.898963165093815,0.9132547420573931,0.935722129049133,0.003091105111966526,0.004934810700349049
133,16.20298767089844,3.368046131098999,0,2509.303019027924,50.09294380477079,2.795236914490422,5.906025708883535,1.014116872091043,323.4078584558823,0.898963165093815,0.9132547420573931,0.935722129049133,0.003091105111966526,0.004934810700349049
134,16.20298767089844,3.368046131098999,0,2509.303019027924,50.09294380477079,2.795236914490422,5.906025708883535,1.014116872091043,323.4078584558823,0.898963165093815,0.9132547420573931,0.935722129049133,0.003091105111966526,0.004934810700349049
135,16.20298767089844,3.368046131098999,0,2509.303019027924,50.09294380477079,2.795236914490422,5.906025708883535,1.014116872091043,323.4078584558823,0.898963165093815,0.9132547420573931,0.935722129049133,0.003091105111966526,0.004934810700349049
136,16.20298767089844,3.368046131098999,0,2509.303019027924,50.09294380477079,2.795236914490422,5.906025708883535,1.014116872091043,323.4078584558823,0.898963165093815,0.9132547420573931,0.935722129049133,0.003091105111966526,0.004934810700349049
137,16.20298767089844,3.368046131098999,0,2509.303019027924,50.09294380477079,2.795236914490422,5.906025708883535,1.014116872091043,323.4078584558823,0.898963165093815,0.9132547420573931,0.935722129049133,0.003091105111966526,0.004934810700349049
138,16.20298767089844,3.368046131098999,0,2509.303019027924,50.09294380477079,2.795236914490422,5.906025708883535,1.014116872091043,323.4078584558823,0.898963165093815,0.9132547420573931,0.935722129049133,0.003091105111966526,0.004934810700349049
139,16.20298767089844,3.368046131098999,0,2509.303019027924,50.09294380477079,2.795236914490422,5.906025708883535,1.014116872091043,323.4078584558823,0.898963165093815,0.9132547420573931,0.935722129049133,0.003091105111966526,0.004934810700349049
140,16.20298767089844,3.368046131098999,0,2509.303019027924,50.09294380477079,2.795236914490422,5.906025708883535,1.014116872091043,323.4078584558823,0.898963165093815,0.9132547420573931,0.935722129049133,0.003091105111966526,0.004934810700349049
141,16.20298767089844,3.368046131098999,0,2509.303019027924,50.09294380477079,2.795236914490422,5.906025708883535,1.014116872091043,323.4078584558823,0.898963165093815,0.9132547420573931,0.935722129049133,0.003091105111966526,0.004934810700349049
142,16.20298767089844,3.368046131098999,0,2509.303019027924,50.09294380477079,2.795236914490422,5.906025708883535,1.014116872091043,323.4078584558823,0.898963165093815,0.9132547420573931,0.935722129049133,0.003091105111966526,0.004934810700349049
143,16.20298767089844,3.368046131098999,0,2509.303019027924,50.09294380477079,2.795236914490422,5.906025708883535,1.014116872091043,323.4078584558823,0.898963165093815,0.9132547420573931,0.935722129049133,0.003091105111966526,0.004934810700349049
144,16.20298767089844,3.368046131098999,0,2509.303019027924,50.09294380477079,2.795236914490422,5.906025708883535,1.014116872091043,323.4078584558823,0.898963165093815,0.9132547420573931,0.935722129049133,0.003091105111966526,0.004934810700349049
145,16.20298767089844,3.368046131098999,0,2509.303019027924,50.09294380477079,2.795236914490422,5.906025708883535,1.014116872091043,323.4078584558823,0.898963165093815,0.9132547420573931,0.935722129049133,0.003091105111966526,0.004934810700349049
146,16.20298767089844,3.368046131098999,0,2509.303019027924,50.09294380477079,2.795236914490422,5.906025708883535,1.014116872091043,323.4078584558823,0.898963165093815,0.9132547420573931,0.935722129049133,0.003091105111966526,0.004934810700349049
147,16.20298767089844,3.368046131098999,0,2509.303019027924,50.09294380477079,2.795236914490422,5.906025708883535,1.014116872091043,323.4078584558823,0.898963165093815,0.9132547420573931,0.935722129049133,0.003091105111966526,0.004934810700349049
148,16.20298767089844,3.368046131098999,0,2509.303019027924,50.09294380477079,2.795236914490422,5.906025708883535,1.014116872091043,323.4078584558823,0.898963165093815,0.9132547420573931,0.935722129049133,0.003091105111966526,0.004934810700349049
149,16.20298767089844,3.368046131098999,0,2509.303019027924,50.09294380477079,2.795236914490422,5.906025708883535,1.014116872091043,323.4078584558823,0.898963165093815,0.9132547420573931,0.935722129049133,0.003091105111966526,0.004934810700349049
150,16.20298767089844,3.368046131098999,0,2509.303019027924,50.09294380477079,2.795236914490422,5.906025708883535,1.014116872091043,323.4078584558823,0.898963165093815,0.9132547420573931,0.935722129049133,0.003091105111966526,0.004934810700349049
151,16.20298767089844,3.368046131098999,0,2509.303019027924,50.09294380477079,2.795236914490422,5.906025708883535,1.014116872091043,323.4078584558823,0.898963165093815,0.9132547420573931,0.935722129049133,0.003091105111966526,0.004934810700349049
152,16.20298767089844,3.368046131098999,0,2509.303019027924,50.09294380477079,2.795236914490422,5.906025708883535,1.014116872091043,323.4078584558823,0.898963165093815,0.9132547420573931,0.935722129049133,0.003091105111966526,0.004934810700349049
153,16.20298767089844,3.368046131098999,0,2509.303019027924,50.09294380477079,2.795236914490422,5.906025708883535,1.014116872091043,323.4078584558823,0.898963165093815,0.9132547420573931,0.935722129049133,0.003091105111966526,0.004934810700349049
154,16.20298767089844,3.368046131098999,0,2509.303019027924,50.09294380477079,2.795236914490422,5.906025708883535,1.014116872091043,323.4078584558823,0.898963165093815,0.9132547420573931,0.935722129049133,0.003091105111966526,0.004934810700349049
155,16.20298767089844,3.368046131098999,0,2509.303019027924,50.09294380477079,2.795236914490422,5.906025708883535,1.014116872091043,323.4078584558823,0.898963165093815,0.9132547420573931,0.935722129049133,0.003091105111966526,0.004934810700349049
156,16.20298767089844,3.368046131098999,0,2509.303019027924,50.09294380477079,2.795236914490422,5.906025708883535,1.014116872091043,323.4078584558823,0.898963165093815,0.9132547420573931,0.935722129049133,0.003091105111966526,0.004934810700349049
157,16.20298767089844,3.368046131098999,0,2509.303019027924,50.09294380477079,2.795236914490422,5.906025708883535,1.014116872091043,323.4078584558823,0.898963165093815,0.9132547420573931,0.935722129049133,0.003091105111966526,0.004934810700349049
158,16.20298767089844,3.368046131098999,0,2509.303019027924,50.09294380477079,2.795236914490422,5.906025708883535,1.014116872091043,323.4078584558823,0.898963165093815,0.9132547420573931,0.935722129049133,0.003091105111966526,0.004934810700349049
159,16.20298767089844,3.368046131098999,0,2509.303019027924,50.09294380477079,2.795236914490422,5.906025708883535,1.014116872091043,323.4078584558823,0.898963165093815,0.9132547420573931,0.935722129049133,0.003091105111966526,0.004934810700349049
160,16.20298767089844,3.368046131098999,0,2509.303019027924,50.09294380477079,2.795236914490422,5.906025708883535,1.014116872091043,323.4078584558823,0.898963165093815,0.9132547420573931,0.935722129049133,0.003091105111966526,0.004934810700349049
161,16.20298767089844,3.368046131098999,0,2509.303019027924,50.09294380477079,2.795236914490422,5.906025708883535,1.014116872091043,323.4078584558823,0.898963165093815,0.9132547420573931,0.935722129049133,0.003091105111966526,0.004934810700349049
162,16.20298767089844,3.368046131098999,0,2509.303019027924,50.09294380477079,2.795236914490422,5.906025708883535,1.014116872091043,323.4078584558823,0.898963165093815,0.9132547420573931,0.935722129049133,0.003091105111966526,0.004934810700349049
163,16.20298767089844,3.368046131098999,0,2509.303019027924,50.09294380477079,2.795236914490422,5.906025708883535,1.014116872091043,323.4078584558823,0.898963165093815,0.9132547420573931,0.935722129049133,0.003091105111966526,0.004934810700349049
164,16.20298767089844,3.368046131098999,0,2509.303019027924,50.09294380477079,2.795236914490422,5.906025708883535,1.014116872091043,323.4078584558823,0.898963165093815,0.9132547420573931,0.935722129049133,0.003091105111966526,0.004934810700349049
165,16.20298767089844,3.368046131098999,0,2509.303019027924,50.09294380477079,2.795236914490422,5.906025708883535,1.014116872091043,323.4078584558823,0.898963165093815,0.9132547420573931,0.935722129049133,0.003091105111966526,0.004934810700349049
166,16.20298767089844,3.368046131098999,0,2509.303019027924,50.09294380477079,2.795236914490422,5.906025708883535,1.014116872091043,323.4078584558823,0.898963165093815,0.9132547420573931,0.935722129049133,0.003091105111966526,0.004934810700349049
167,16.20298767089844,3.368046131098999,0,2509.303019027924,50.09294380477079,2.795236914490422,5.906025708883535,1.014116872091043,323.4078584558823,0.898963165093815,0.9132547420573931,0.935722129049133,0.003091105111966526,0.004934810700349049
168,16.20298767089844,3.368046131098999,0,2509.303019027924,50.09294380477079,2.795236914490422,5.906025708883535,1.014116872091043,323.4078584558823,0.898963165093815,0.9132547420573931,0.935722129049133,0.003091105111966526,0.004934810700349049
169,16.20298767089844,3.368046131098999,0,2509.303019027924,50.09294380477079,2.795236914490422,5.906025708883535,1.014116872091043,323.4078584558823,0.898963165093815,0.9132547420573931,0.935722129049133,0.003091105111966526,0.004934810700349049
170,16.20298767089844,3.368046131098999,0,2509.303019027924,50.09294380477079,2.795236914490422,5.906025708883535,1.014116872091043,323.4078584558823,0.898963165093815,0.9132547420573931,0.935722129049133,0.003091105111966526,0.004934810700349049
171,16.20298767089844,3.368046131098999,0,2509.303019027924,50.09294380477079,2.795236914490422,5.906025708883535,1.014116872091043,323.4078584558823,0.898963165093815,0.9132547420573931,0.935722129049133,0.003091105111966526,0.004934810700349049
172,16.20298767089844,3.368046131098999,0,2509.303019027924,50.09294380477079,2.795236914490422,5.906025708883535,1.014116872091043,323.4078584558823,0.898963165093815,0.9132547420573931,0.935722129049133,0.003091105111966526,0.004934810700349049
173,16.20298767089844,3.368046131098999,0,2509.303019027924,50.09294380477079,2.795236914490422,5.906025708883535,1.014116872091043,323.4078584558823,0.898963165093815,0.9132547420573931,0.935722129049133,0.003091105111966526,0.004934810700349049
174,16.20298767089844,3.368046131098999,0,2509.303019027924,50.09294380477079,2.795236914490422,5.906025708883535,1.014116872091043,323.4078584558823,0.898963165093815,0.9132547420573931,0.935722129049133,0.003091105111966526,0.004934810700349049
175,16.20298767089844,3.368046131098999,0,2509.303019027924,50.09294380477079,2.795236914490422,5.906025708883535,1.014116872091043,323.4078584558823,0.898963165093815,0.9132547420573931,0.935722129049133,0.003091105111966526,0.004934810700349049
176,16.20298767089844,3.368046131098999,0,2509.303019027924,50.09294380477079,2.795236914490422,5.906025708883535,1.014116872091043,323.4078584558823,0.898963165093815,0.9132547420573931,0.935722129049133,0.003091105111966526,0.004934810700349049
177,16.20298767089844,3.368046131098999,0,2509.303019027924,50.09294380477079,2.795236914490422,5.906025708883535,1.014116872091043,323.4078584558823,0.898963165093815,0.9132547420573931,0.935722129049133,0.003091105111966526,0.004934810700349049
178,16.20298767089844,3.368046131098999,0,2509.303019027924,50.09294380477079,2.795236914490422,5.906025708883535,1.014116872091043,323.4078584558823,0.898963165093815,0.9132547420573931,0.935722129049133,0.003091105111966526,0.004934810700349049
179,16.20298767089844,3.368046131098999,0,2509.303019027924,50.09294380477079,2.795236914490422,5.906025708883535,1.014116872091043,323.4078584558823,0.898963165093815,0.9132547420573931,0.935722129049133,0.003091105111966526,0.004934810700349049
180,16.20298767089844,3.368046131098999,0,2509.303019027924,50.09294380477079,2.795236914490422,5.906025708883535,1.014116872091043,323.4078584558823,0.898963165093815,0.9132547420573931,0.935722129049133,0.003091105111966526,0.004934810700349049
181,16.20298767089844,3.368046131098999,0,2509.303019027924,50.09294380477079,2.795236914490422,5.906025708883535,1.014116872091043,323.4078584558823,0.898963165093815,0.9132547420573931,0.935722129049133,0.003091105111966526,0.004934810700349049
182,16.20298767089844,3.368046131098999,0,2509.303019027924,50.09294380477079,2.795236914490422,5.906025708883535,1.014116872091043,323.4078584558823,0.898963165093815,0.9132547420573931,0.935722129049133,0.003091105111966526,0.004934810700349049
183,16.20298767089844,3.368046131098999,0,2509.303019027924,50.09294380477079,2.795236914490422,5.906025708883535,1.014116872091043,323.4078584558823,0.898963165093815,0.9132547420573931,0.935722129049133,0.003091105111966526,0.004934810700349049
184,16.20298767089844,3.368046131098999,0,2509.303019027924,50.09294380477079,2.795236914490422,5.906025708883535,1.014116872091043,323.4078584558823,0.898963165093815,0.9132547420573931,0.935722129049133,0.003091105111966526,0.004934810700349049
185,16.20298767089844,3.368046131098999,0,2509.303019027924,50.09294380477079,2.795236914490422,5.906025708883535,1.014116872091043,323.4078584558823,0.898963165093815,0.9132547420573931,0.935722129049133,0.003091105111966526,0.004934810700349049
186,16.20298767089844,3.368046131098999,0,2509.303019027924,50.09294380477079,2.795236914490422,5.906025708883535,1.014116872091043,323.4078584558823,0.898963165093815,0.9132547420573931,0.935722129049133,0.003091105111966526,0.004934810700349049
187,16.20298767089844,3.368046131098999,0,2509.303019027924,50.09294380477079,2.795236914490422,5.906025708883535,1.014116872091043,323.4078584558823,0.898963165093815,0.9132547420573931,0.935722129049133,0.003091105111966526,0.004934810700349049
188,16.20298767089844,3.368046131098999,0,2509.303019027924,50.09294380477079,2.795236914490422,5.906025708883535,1.014116872091043,323.4078584558823,0.898963165093815,0.9132547420573931,0.935722129049133,0.003091105111966526,0.004934810700349049
189,16.20298767089844,3.368046131098999,0,2509.303019027924,50.09294380477079,2.795236914490422,5.906025708883535,1.014116872091043,323.4078584558823,0.898963165093815,0.9132547420573931,0.935722129049133,0.003091105111966526,0.004934810700349049
190,16.20298767089844,3.368046131098999,0,2509.303019027924,50.09294380477079,2.795236914490422,5.906025708883535,1.014116872091043,323.4078584558823,0.898963165093815,0.9132547420573931,0.935722129049133,0.003091105111966526,0.004934810700349049
191,16.20298767089844,3.368046131098999,0,2509.303019027924,50.09294380477079,2.795236914490422,5.906025708883535,1.014116872091043,323.4078584558823,0.898963165093815,0.9132547420573931,0.935722129049133,0.003091105111966526,0.004934810700349049
192,16.20298767089844,3.368046131098999,0,2509.303019027924,50.09294380477079,2.795236914490422,5.906025708883535,1.014116872091043,323.4078584558823,0.898963165093815,0.9132547420573931,0.935722129049133,0.003091105111966526,0.004934810700349049
193,16.20298767089844,3.368046131098999,0,2509.303019027924,50.09294380477079,2.795236914490422,5.906025708883535,1.014116872091043,323.4078584558823,0.898963165093815,0.9132547420573931,0.935722129049133,0.003091105111966526,0.004934810700349049
194,16.20298767089844,3.368046131098999,0,2509.303019027924,50.09294380477079,2.795236914490422,5.906025708883535,1.014116872091043,323.4078584558823,0.898963165093815,0.9132547420573931,0.935722129049133,0.003091105111966526,0.004934810700349049
195,16.20298767089844,3.368046131098999,0,2509.303019027924,50.09294380477079,2.795236914490422,5.906025708883535,1.014116872091043,323.4078584558823,0.898963165093815,0.9132547420573931,0.935722129049133,0.003091105111966526,0.004934810700349049
196,16.20298767089844,3.368046131098999,0,2509.303019027924,50.09294380477079,2.795236914490422,5.906025708883535,1.014116872091043,323.4078584558823,0.898963165093815,0.9132547420573931,0.935722129049133,0.003091105111966526,0.004934810700349049
197,16.20298767089844,3.368046131098999,0,2509.303019027924,50.09294380477079,2.795236914490422,5.906025708883535,1.014116872091043,323.4078584558823,0.898963165093815,0.9132547420573931,0.935722129049133,0.003091105111966526,0.004934810700349049
198,16.20298767089844,3.368046131098999,0,2509.303019027924,50.09294380477079,2.795236914490422,5.906025708883535,1.014116872091043,323.4078584558823,0.898963165093815,0.9132547420573931,0.935722129049133,0.003091105111966526,0.004934810700349049
199,16.20298767089844,3.368046131098999,0,2509.303019027924,50.09294380477079,2.795236914490422,5.906025708883535,1.014116872091043,323.4078584558823,0.898963165093815,0.9132547420573931,0.935722129049133,0.003091105111966526,0.004934810700349049
200,16.20298767089844,3.368046131098999,0,2509.303019027924,50.09294380477079,2.795236914490422,5.906025708883535,1.014116872091043,323.4078584558823,0.898963165093815,0.9132547420573931,0.935722129049133,0.003091105111966526,0.004934810700349049
201,16.20298767089844,3.368046131098999,0,2509.303019027924,50.09294380477079,2.795236914490422,5.906025708883535,1.014116872091043,323.4078584558823,0.898963165093815,0.9132547420573931,0.935722129049133,0.003091105111966526,0.004934810700349049
202,16.20298767089844,3.368046131098999,0,2509.303019027924,50.09294380477079,2.795236914490422,5.906025708883535,1.014116872091043,323.4078584558823,0.898963165093815,0.9132547420573931,0.935722129049133,0.003091105111966526,0.004934810700349049
203,16.20298767089844,3.368046131098999,0,2509.303019027924,50.09294380477079,2.795236914490422,5.906025708883535,1.014116872091043,323.4078584558823,0.898963165093815,0.9132547420573931,0.935722129049133,0.003091105111966526,0.004934810700349049
204,16.20298767089844,3.368046131098999,0,2509.303019027924,50.09294380477079,2.795236914490422,5.906025708883535,1.014116872091043,323.4078584558823,0.898963165093815,0.9132547420573931,0.935722129049133,0.003091105111966526,0.004934810700349049
205,16.20298767089844,3.368046131098999,0,2509.303019027924,50.09294380477079,2.795236914490422,5.906025708883535,1.014116872091043,323.4078584558823,0.898963165093815,0.9132547420573931,0.935722129049133,0.003091105111966526,0.004934810700349049
206,16.20298767089844,3.368046131098999,0,2509.303019027924,50.09294380477079,2.795236914490422,5.906025708883535,1.014116872091043,323.4078584558823,0.898963165093815,0.9132547420573931,0.935722129049133,0.003091105111966526,0.004934810700349049
207,16.20298767089844,3.368046131098999,0,2509.303019027924,50.09294380477079,2.795236914490422,5.906025708883535,1.014116872091043,323.4078584558823,0.898963165093815,0.9132547420573931,0.935722129049133,0.003091105111966526,0.004934810700349049
208,16.20298767089844,3.368046131098999,0,2509.303019027924,50.09294380477079,2.795236914490422,5.906025708883535,1.014116872091043,323.4078584558823,0.898963165093815,0.9132547420573931,0.935722129049133,0.003091105111966526,0.004934810700349049
209,16.20298767089844,3.368046131098999,0,2509.303019027924,50.09294380477079,2.795236914490422,5.906025708883535,1.014116872091043,323.4078584558823,0.898963165093815,0.9132547420573931,0.935722129049133,0.003091105111966526,0.004934810700349049
210,16.20298767089844,3.368046131098999,0,2509.303019027924,50.09294380477079,2.795236914490422,5.906025708883535,1.014116872091043,323.4078584558823,0.898963165093815,0.9132547420573931,0.935722129049133,0.003091105111966526,0.004934810700349049
211,16.20298767089844,3.368046131098999,0,2509.303019027924,50.09294380477079,2.795236914490422,5.906025708883535,1.014116872091043,323.4078584558823,0.898963165093815,0.9132547420573931,0.935722129049133,0.003091105111966526,0.004934810700349049
212,16.20298767089844,3.368046131098999,0,2509.303019027924,50.09294380477079,2.795236914490422,5.906025708883535,1.014116872091043,323.4078584558823,0.898963165093815,0.9132547420573931,0.935722129049133,0.003091105111966526,0.004934810700349049
213,16.20298767089844,3.368046131098999,0,2509.303019027924,50.09294380477079,2.795236914490422,5.906025708883535,1.014116872091043,323.4078584558823,0.898963165093815,0.9132547420573931,0.935722129049133,0.003091105111966526,0.004934810700349049
214,16.20298767089844,3.368046131098999,0,2509.303019027924,50.09294380477079,2.795236914490422,5.906025708883535,1.014116872091043,323.4078584558823,0.898963165093815,0.9132547420573931,0.935722129049133,0.003091105111966526,0.004934810700349049
215,16.20298767089844,3.368046131098999,0,2509.303019027924,50.09294380477079,2.795236914490422,5.906025708883535,1.014116872091043,323.4078584558823,0.898963165093815,0.9132547420573931,0.935722129049133,0.003091105111966526,0.004934810700349049
216,16.20298767089844,3.368046131098999,0,2509.303019027924,50.09294380477079,2.795236914490422,5.906025708883535,1.014116872091043,323.4078584558823,0.898963165093815,0.9132547420573931,0.935722129049133,0.003091105111966526,0.004934810700349049
217,16.20298767089844,3.368046131098999,0,2509.303019027924,50.09294380477079,2.795236914490422,5.906025708883535,1.014116872091043,323.4078584558823,0.898963165093815,0.9132547420573931,0.935722129049133,0.003091105111966526,0.004934810700349049
218,16.20298767089844,3.368046131098999,0,2509.303019027924,50.09294380477079,2.795236914490422,5.906025708883535,1.014116872091043,323.4078584558823,0.898963165093815,0.9132547420573931,0.935722129049133,0.003091105111966526,0.004934810700349049
219,16.20298767089844,3.368046131098999,0,2509.303019027924,50.09294380477079,2.795236914490422,5.906025708883535,1.014116872091043,323.4078584558823,0.898963165093815,0.9132547420573931,0.935722129049133,0.003091105111966526,0.004934810700349049
220,16.20298767089844,3.368046131098999,0,2509.303019027924,50.09294380477079,2.795236914490422,5.906025708883535,1.014116872091043,323.4078584558823,0.898963165093815,0.9132547420573931,0.935722129049133,0.003091105111966526,0.004934810700349049
221,16.20298767089844,3.368046131098999,0,2509.303019027924,50.09294380477079,2.795236914490422,5.906025708883535,1.014116872091043,323.4078584558823,0.898963165093815,0.9132547420573931,0.935722129049133,0.003091105111966526,0.004934810700349049
222,16.20298767089844,3.368046131098999,0,2509.303019027924,50.09294380477079,2.795236914490422,5.906025708883535,1.014116872091043,323.4078584558823,0.898963165093815,0.9132547420573931,0.935722129049133,0.003091105111966526,0.004934810700349049
223,16.20298767089844,3.368046131098999,0,2509.303019027924,50.09294380477079,2.795236914490422,5.906025708883535,1.014116872091043,323.4078584558823,0.898963165093815,0.9132547420573931,0.935722129049133,0.003091105111966526,0.004934810700349049
224,16.20298767089844,3.368046131098999,0,2509.303019027924,50.09294380477079,2.795236914490422,5.906025708883535,1.014116872091043,323.4078584558823,0.898963165093815,0.9132547420573931,0.935722129049133,0.003091105111966526,0.004934810700349049
225,16.20298767089844,3.368046131098999,0,2509.303019027924,50.09294380477079,2.795236914490422,5.906025708883535,1.014116872091043,323.4078584558823,0.898963165093815,0.9132547420573931,0.935722129049133,0.003091105111966526,0.004934810700349049
226,16.20298767089844,3.368046131098999,0,2509.303019027924,50.09294380477079,2.795236914490422,5.906025708883535,1.014116872091043,323.4078584558823,0.898963165093815,0.9132547420573931,0.935722129049133,0.003091105111966526,0.004934810700349049
227,16.20298767089844,3.368046131098999,0,2509.303019027924,50.09294380477079,2.795236914490422,5.906025708883535,1.014116872091043,323.4078584558823,0.898963165093815,0.9132547420573931,0.935722129049133,0.003091105111966526,0.004934810700349049
228,16.20298767089844,3.368046131098999,0,2509.303019027924,50.09294380477079,2.795236914490422,5.906025708883535,1.014116872091043,323.4078584558823,0.898963165093815,0.9132547420573931,0.935722129049133,0.003091105111966526,0.004934810700349049
229,16.20298767089844,3.368046131098999,0,2509.303019027924,50.09294380477079,2.795236914490422,5.906025708883535,1.014116872091043,323.4078584558823,0.898963165093815,0.9132547420573931,0.935722129049133,0.003091105111966526,0.004934810700349049
230,16.20298767089844,3.368046131098999,0,2509.303019027924,50.09294380477079,2.795236914490422,5.906025708883535,1.014116872091043,323.4078584558823,0.898963165093815,0.9132547420573931,0.935722129049133,0.003091105111966526,0.004934810700349049
231,16.20298767089844,3.368046131098999,0,2509.303019027924,50.09294380477079,2.795236914490422,5.906025708883535,1.014116872091043,323.4078584558823,0.898963165093815,0.9132547420573931,0.935722129049133,0.003091105111966526,0.004934810700349049
232,16.20298767089844,3.368046131098999,0,2509.303019027924,50.09294380477079,2.795236914490422,5.906025708883535,1.014116872091043,323.4078584558823,0.898963165093815,0.9132547420573931,0.935722129049133,0.003091105111966526,0.004934810700349049
233,16.20298767089844,3.368046131098999,0,2509.303019027924,50.09294380477079,2.795236914490422,5.906025708883535,1.014116872091043,323.4078584558823,0.898963165093815,0.9132547420573931,0.935722129049133,0.003091105111966526,0.004934810700349049
234,16.20298767089844,3.368046131098999,0,2509.303019027924,50.09294380477079,2.795236914490422,5.906025708883535,1.014116872091043,323.4078584558823,0.898963165093815,0.9132547420573931,0.935722129049133,0.003091105111966526,0.004934810700349049
235,16.20298767089844,3.368046131098999,0,2509.303019027924,50.09294380477079,2.795236914490422,5.906025708883535,1.014116872091043,323.4078584558823,0.898963165093815,0.9132547420573931,0.935722129049133,0.003091105111966526,0.004934810700349049
236,16.20298767089844,3.368046131098999,0,2509.303019027924,50.09294380477079,2.795236914490422,5.906025708883535,1.014116872091043,323.4078584558823,0.898963165093815,0.9132547420573931,0.935722129049133,0.003091105111966526,0.004934810700349049
237,16.20298767089844,3.368046131098999,0,2509.303019027924,50.09294380477079,2.795236914490422,5.906025708883535,1.014116872091043,323.4078584558823,0.898963165093815,0.9132547420573931,0.935722129049133,0.003091105111966526,0.004934810700349049
238,16.20298767089844,3.368046131098999,0,2509.303019027924,50.09294380477079,2.795236914490422,5.906025708883535,1.014116872091043,323.4078584558823,0.898963165093815,0.9132547420573931,0.935722129049133,0.003091105111966526,0.004934810700349049
239,16.20298767089844,3.368046131098999,0,2509.303019027924,50.09294380477079,2.795236914490422,5.906025708883535,1.014116872091043,323.4078584558823,0.898963165093815,0.9132547420573931,0.935722129049133,0.003091105111966526,0.004934810700349049
240,16.20298767089844,3.368046131098999,0,2509.303019027924,50.09294380477079,2.795236914490422,5.906025708883535,1.014116872091043,323.4078584558823,0.898963165093815,0.9132547420573931,0.935722129049133,0.003091105111966526,0.004934810700349049
241,16.20298767089844,3.368046131098999,0,2509.303019027924,50.09294380477079,2.795236914490422,5.906025708883535,1.014116872091043,323.4078584558823,0.898963165093815,0.9132547420573931,0.935722129049133,0.003091105111966526,0.004934810700349049
242,16.20298767089844,3.368046131098999,0,2509.303019027924,50.09294380477079,2.795236914490422,5.906025708883535,1.014116872091043,323.4078584558823,0.898963165093815,0.9132547420573931,0.935722129049133,0.003091105111966526,0.004934810700349049
243,16.20298767089844,3.368046131098999,0,2509.303019027924,50.09294380477079,2.795236914490422,5.906025708883535,1.014116872091043,323.4078584558823,0.898963165093815,0.9132547420573931,0.935722129049133,0.003091105111966526,0.004934810700349049
244,16.20298767089844,3.368046131098999,0,2509.303019027924,50.09294380477079,2.795236914490422,5.906025708883535,1.014116872091043,323.4078584558823,0.898963165093815,0.9132547420573931,0.935722129049133,0.003091105111966526,0.004934810700349049
245,16.20298767089844,3.368046131098999,0,2509.303019027924,50.09294380477079,2.795236914490422,5.906025708883535,1.014116872091043,323.4078584558823,0.898963165093815,0.9132547420573931,0.935722129049133,0.003091105111966526,0.004934810700349049
246,16.20298767089844,3.368046131098999,0,2509.303019027924,50.09294380477079,2.795236914490422,5.906025708883535,1.014116872091043,323.4078584558823,0.898963165093815,0.9132547420573931,0.935722129049133,0.003091105111966526,0.004934810700349049
247,16.20298767089844,3.368046131098999,0,2509.303019027924,50.09294380477079,2.795236914490422,5.906025708883535,1.014116872091043,323.4078584558823,0.898963165093815,0.9132547420573931,0.935722129049133,0.003091105111966526,0.004934810700349049
248,16.20298767089844,3.368046131098999,0,2509.303019027924,50.09294380477079,2.795236914490422,5.906025708883535,1.014116872091043,323.4078584558823,0.898963165093815,0.9132547420573931,0.935722129049133,0.003091105111966526,0.004934810700349049
249,16.20298767089844,3.368046131098999,0,2509.303019027924,50.09294380477079,2.795236914490422,5.906025708883535,1.014116872091043,323.4078584558823,0.898963165093815,0.9132547420573931,0.935722129049133,0.003091105111966526,0.004934810700349049
250,16.20298767089844,3.368046131098999,0,2509.303019027924,50.09294380477079,2.795236914490422,5.906025708883535,1.014116872091043,323.4078584558823,0.898963165093815,0.9132547420573931,0.935722129049133,0.003091105111966526,0.004934810700349049
251,16.20298767089844,3.368046131098999,0,2509.303019027924,50.09294380477079,2.795236914490422,5.906025708883535,1.014116872091043,323.4078584558823,0.898963165093815,0.9132547420573931,0.935722129049133,0.003091105111966526,0.004934810700349049
252,16.20298767089844,3.368046131098999,0,2509.303019027924,50.09294380477079,2.795236914490422,5.906025708883535,1.014116872091043,323.4078584558823,0.898963165093815,0.9132547420573931,0.935722129049133,0.003091105111966526,0.004934810700349049
253,16.20298767089844,3.368046131098999,0,2509.303019027924,50.09294380477079,2.795236914490422,5.906025708883535,1.014116872091043,323.4078584558823,0.898963165093815,0.9132547420573931,0.935722129049133,0.003091105111966526,0.004934810700349049
254,16.20298767089844,3.368046131098999,0,2509.303019027924,50.09294380477079,2.795236914490422,5.906025708883535,1.014116872091043,323.4078584558823,0.898963165093815,0.9132547420573931,0.935722129049133,0.003091105111966526,0.004934810700349049
255,16.20298767089844,3.368046131098999,0,2509.303019027924,50.09294380477079,2.795236914490422,5.906025708883535,1.014116872091043,323.4078584558823,0.898963165093815,0.9132547420573931,0.935722129049133,0.003091105111966526,0.004934810700349049
256,16.20298767089844,3.368046131098999,0,2509.303019027924,50.09294380477079,2.795236914490422,5.906025708883535,1.014116872091043,323.4078584558823,0.898963165093815,0.9132547420573931,0.935722129049133,0.003091105111966526,0.004934810700349049
257,16.20298767089844,3.368046131098999,0,2509.303019027924,50.09294380477079,2.795236914490422,5.906025708883535,1.014116872091043,323.4078584558823,0.898963165093815,0.9132547420573931,0.935722129049133,0.003091105111966526,0.004934810700349049
258,16.20298767089844,3.368046131098999,0,2509.303019027924,50.09294380477079,2.795236914490422,5.906025708883535,1.014116872091043,323.4078584558823,0.898963165093815,0.9132547420573931,0.935722129049133,0.003091105111966526,0.004934810700349049
259,16.20298767089844,3.368046131098999,0,2509.303019027924,50.09294380477079,2.795236914490422,5.906025708883535,1.014116872091043,323.4078584558823,0.898963165093815,0.9132547420573931,0.935722129049133,0.003091105111966526,0.004934810700349049
260,16.20298767089844,3.368046131098999,0,2509.303019027924,50.09294380477079,2.795236914490422,5.906025708883535,1.014116872091043,323.4078584558823,0.898963165093815,0.9132547420573931,0.935722129049133,0.003091105111966526,0.004934810700349049
261,16.20298767089844,3.368046131098999,0,2509.303019027924,50.09294380477079,2.795236914490422,5.906025708883535,1.014116872091043,323.4078584558823,0.898963165093815,0.9132547420573931,0.935722129049133,0.003091105111966526,0.004934810700349049
262,16.20298767089844,3.368046131098999,0,2509.303019027924,50.09294380477079,2.795236914490422,5.906025708883535,1.014116872091043,323.4078584558823,0.898963165093815,0.9132547420573931,0.935722129049133,0.003091105111966526,0.004934810700349049
263,16.20298767089844,3.368046131098999,0,2509.303019027924,50.09294380477079,2.795236914490422,5.906025708883535,1.014116872091043,323.4078584558823,0.898963165093815,0.9132547420573931,0.935722129049133,0.003091105111966526,0.004934810700349049
264,16.20298767089844,3.368046131098999,0,2509.303019027924,50.09294380477079,2.795236914490422,5.906025708883535,1.014116872091043,323.4078584558823,0.898963165093815,0.9132547420573931,0.935722129049133,0.003091105111966526,0.004934810700349049
265,16.20298767089844,3.368046131098999,0,2509.303019027924,50.09294380477079,2.795236914490422,5.906025708883535,1.014116872091043,323.4078584558823,0.898963165093815,0.9132547420573931,0.935722129049133,0.003091105111966526,0.004934810700349049
266,16.20298767089844,3.368046131098999,0,2509.303019027924,50.09294380477079,2.795236914490422,5.906025708883535,1.014116872091043,323.4078584558823,0.898963165093815,0.9132547420573931,0.935722129049133,0.003091105111966526,0.004934810700349049
267,16.20298767089844,3.368046131098999,0,2509.303019027924,50.09294380477079,2.795236914490422,5.906025708883535,1.014116872091043,323.4078584558823,0.898963165093815,0.9132547420573931,0.935722129049133,0.003091105111966526,0.004934810700349049
268,16.20298767089844,3.368046131098999,0,2509.303019027924,50.09294380477079,2.795236914490422,5.906025708883535,1.014116872091043,323.4078584558823,0.898963165093815,0.9132547420573931,0.935722129049133,0.003091105111966526,0.004934810700349049
269,16.20298767089844,3.368046131098999,0,2509.303019027924,50.09294380477079,2.795236914490422,5.906025708883535,1.014116872091043,323.4078584558823,0.898963165093815,0.9132547420573931,0.935722129049133,0.003091105111966526,0.004934810700349049
270,16.20298767089844,3.368046131098999,0,2509.303019027924,50.09294380477079,2.795236914490422,5.906025708883535,1.014116872091043,323.4078584558823,0.898963165093815,0.9132547420573931,0.935722129049133,0.003091105111966526,0.004934810700349049
271,16.20298767089844,3.368046131098999,0,2509.303019027924,50.09294380477079,2.795236914490422,5.906025708883535,1.014116872091043,323.4078584558823,0.898963165093815,0.9132547420573931,0.935722129049133,0.003091105111966526,0.004934810700349049
272,16.20298767089844,3.368046131098999,0,2509.303019027924,50.09294380477079,2.795236914490422,5.906025708883535,1.014116872091043,323.4078584558823,0.898963165093815,0.9132547420573931,0.935722129049133,0.003091105111966526,0.004934810700349049
273,16.20298767089844,3.368046131098999,0,2509.303019027924,50.09294380477079,2.795236914490422,5.906025708883535,1.014116872091043,323.4078584558823,0.898963165093815,0.9132547420573931,0.935722129049133,0.003091105111966526,0.004934810700349049
274,16.20298767089844,3.368046131098999,0,2509.303019027924,50.09294380477079,2.795236914490422,5.906025708883535,1.014116872091043,323.4078584558823,0.898963165093815,0.9132547420573931,0.935722129049133,0.003091105111966526,0.004934810700349049
275,16.20298767089844,3.368046131098999,0,2509.303019027924,50.09294380477079,2.795236914490422,5.906025708883535,1.014116872091043,323.4078584558823,0.898963165093815,0.9132547420573931,0.935722129049133,0.003091105111966526,0.004934810700349049
276,16.20298767089844,3.368046131098999,0,2509.303019027924,50.09294380477079,2.795236914490422,5.906025708883535,1.014116872091043,323.4078584558823,0.898963165093815,0.9132547420573931,0.935722129049133,0.003091105111966526,0.004934810700349049
277,16.20298767089844,3.368046131098999,0,2509.303019027924,50.09294380477079,2.795236914490422,5.906025708883535,1.014116872091043,323.4078584558823,0.898963165093815,0.9132547420573931,0.935722129049133,0.003091105111966526,0.004934810700349049
278,16.20298767089844,3.368046131098999,0,2509.303019027924,50.09294380477079,2.795236914490422,5.906025708883535,1.014116872091043,323.4078584558823,0.898963165093815,0.9132547420573931,0.935722129049133,0.003091105111966526,0.004934810700349049
279,16.20298767089844,3.368046131098999,0,2509.303019027924,50.09294380477079,2.795236914490422,5.906025708883535,1.014116872091043,323.4078584558823,0.898963165093815,0.9132547420573931,0.935722129049133,0.003091105111966526,0.004934810700349049
280,16.20298767089844,3.368046131098999,0,2509.303019027924,50.09294380477079,2.795236914490422,5.906025708883535,1.014116872091043,323.4078584558823,0.898963165093815,0.9132547420573931,0.935722129049133,0.003091105111966526,0.004934810700349049
281,16.20298767089844,3.368046131098999,0,2509.303019027924,50.09294380477079,2.795236914490422,5.906025708883535,1.014116872091043,323.4078584558823,0.898963165093815,0.9132547420573931,0.935722129049133,0.003091105111966526,0.004934810700349049
282,16.20298767089844,3.368046131098999,0,2509.303019027924,50.09294380477079,2.795236914490422,5.906025708883535,1.014116872091043,323.4078584558823,0.898963165093815,0.9132547420573931,0.935722129049133,0.003091105111966526,0.004934810700349049
283,16.20298767089844,3.368046131098999,0,2509.303019027924,50.09294380477079,2.795236914490422,5.906025708883535,1.014116872091043,323.4078584558823,0.898963165093815,0.9132547420573931,0.935722129049133,0.003091105111966526,0.004934810700349049
284,16.20298767089844,3.368046131098999,0,2509.303019027924,50.09294380477079,2.795236914490422,5.906025708883535,1.014116872091043,323.4078584558823,0.898963165093815,0.9132547420573931,0.935722129049133,0.003091105111966526,0.004934810700349049
285,16.20298767089844,3.368046131098999,0,2509.303019027924,50.09294380477079,2.795236914490422,5.906025708883535,1.014116872091043,323.4078584558823,0.898963165093815,0.9132547420573931,0.935722129049133,0.003091105111966526,0.004934810700349049
286,16.20298767089844,3.368046131098999,0,2509.303019027924,50.09294380477079,2.795236914490422,5.906025708883535,1.014116872091043,323.4078584558823,0.898963165093815,0.9132547420573931,0.935722129049133,0.003091105111966526,0.004934810700349049
287,16.20298767089844,3.368046131098999,0,2509.303019027924,50.09294380477079,2.795236914490422,5.906025708883535,1.014116872091043,323.4078584558823,0.898963165093815,0.9132547420573931,0.935722129049133,0.003091105111966526,0.004934810700349049
288,16.20298767089844,3.368046131098999,0,2509.303019027924,50.09294380477079,2.795236914490422,5.906025708883535,1.014116872091043,323.4078584558823,0.898963165093815,0.9132547420573931,0.935722129049133,0.003091105111966526,0.004934810700349049
289,16.20298767089844,3.368046131098999,0,2509.303019027924,50.09294380477079,2.795236914490422,5.906025708883535,1.014116872091043,323.4078584558823,0.898963165093815,0.9132547420573931,0.935722129049133,0.003091105111966526,0.004934810700349049
290,16.20298767089844,3.368046131098999,0,2509.303019027924,50.09294380477079,2.795236914490422,5.906025708883535,1.014116872091043,323.4078584558823,0.898963165093815,0.9132547420573931,0.935722129049133,0.003091105111966526,0.004934810700349049
291,16.20298767089844,3.368046131098999,0,2509.303019027924,50.09294380477079,2.795236914490422,5.906025708883535,1.014116872091043,323.4078584558823,0.898963165093815,0.9132547420573931,0.935722129049133,0.003091105111966526,0.004934810700349049
292,16.20298767089844,3.368046131098999,0,2509.303019027924,50.09294380477079,2.795236914490422,5.906025708883535,1.014116872091043,323.4078584558823,0.898963165093815,0.9132547420573931,0.935722129049133,0.003091105111966526,0.004934810700349049
293,16.20298767089844,3.368046131098999,0,2509.303019027924,50.09294380477079,2.795236914490422,5.906025708883535,1.014116872091043,323.4078584558823,0.898963165093815,0.9132547420573931,0.935722129049133,0.003091105111966526,0.004934810700349049
294,16.20298767089844,3.368046131098999,0,2509.303019027924,50.09294380477079,2.795236914490422,5.906025708883535,1.014116872091043,323.4078584558823,0.898963165093815,0.9132547420573931,0.935722129049133,0.003091105111966526,0.004934810700349049
295,16.20298767089844,3.368046131098999,0,2509.303019027924,50.09294380477079,2.795236914490422,5.906025708883535,1.014116872091043,323.4078584558823,0.898963165093815,0.9132547420573931,0.935722129049133,0.003091105111966526,0.004934810700349049
296,16.20298767089844,3.368046131098999,0,2509.303019027924,50.09294380477079,2.795236914490422,5.906025708883535,1.014116872091043,323.4078584558823,0.898963165093815,0.9132547420573931,0.935722129049133,0.003091105111966526,0.004934810700349049
297,16.20298767089844,3.368046131098999,0,2509.303019027924,50.09294380477079,2.795236914490422,5.906025708883535,1.014116872091043,323.4078584558823,0.898963165093815,0.9132547420573931,0.935722129049133,0.003091105111966526,0.004934810700349049
298,16.20298767089844,3.368046131098999,0,2509.303019027924,50.09294380477079,2.795236914490422,5.906025708883535,1.014116872091043,323.4078584558823,0.898963165093815,0.9132547420573931,0.935722129049133,0.003091105111966526,0.004934810700349049
299,16.20298767089844,3.368046131098999,0,2509.303019027924,50.09294380477079,2.795236914490422,5.906025708883535,1.014116872091043,323.4078584558823,0.898963165093815,0.9132547420573931,0.935722129049133,0.003091105111966526,0.004934810700349049
