,Mean,RMS,Median,Variance,Std,Skewness,Kurtosis,Contrast,Entropy,Energy,Homogeneity,Correlation,IDM,Smoothness
0,0.5384835112029431,0.5602410658239445,0.5573721568627451,0.02390555999809918,0.1546142296106642,-1.164489685314608,1.917840597250781,12.99718339606715,466.7776041666668,0.0150719258522545,0.1112399407149772,0.8503344933117721,0.002137836896019662,0.007122284143658978
1,0.5045352595549939,0.5261476824813484,0.5128239215686274,0.0222755556462688,0.1492499770394247,-0.3401227832035685,0.2651528546361392,12.28459689782814,1259.901148897058,0.009354979303318786,0.03853967059472003,0.5664169451644211,0.0007930894663790853,0.01922455443634005
2,0.4735391177188649,0.4828727967464732,0.488521568627451,0.00892684182779985,0.0944819656220162,-0.4390934476796191,-0.147223353710356,11.2616782251481,352.557199754902,0.01618953546700161,0.08258926437501363,0.697508301004222,0.002828526171205208,0.005379595359109172
3,0.492343726609174,0.5442849898665065,0.5199270588235295,0.05384380506257414,0.2320426793987997,-0.5024471200309785,-0.8575074928287991,12.81485646254457,494.8939644607843,0.02106878822823672,0.2088114665692026,0.9293334006179469,0.002016645815342847,0.007551370082621458
4,0.3839880306468291,0.4625051890651994,0.4113682352941176,0.06646424223220578,0.2578065985040061,-0.06847773475108423,-1.177679684394689,12.17687910035277,1258.004473039216,0.1150637060653682,0.1799651363671671,0.854067685202766,0.0007943509513911254,0.01919543376807603
5,0.4300163156127929,0.5030369957192157,0.4381433333333333,0.06813218736901303,0.261021430861554,-0.0798784816145257,-1.423029925804159,13.27354839619909,563.2604013480393,0.02265953824293059,0.2052699935765415,0.93636679624515,0.001772302570176347,0.008590806533751872
6,0.435634683562634,0.4771962495304529,0.4656888235294118,0.03793868304321401,0.1947785487244784,-0.2172926178109751,-0.6771011010581147,13.44748462974814,1864.682904411765,0.01082698654720856,0.06335425397495466,0.6225528432314115,0.0005359998748440739,0.02845265079934189
7,0.5483287808646408,0.5596167133095007,0.580129411764706,0.01250641389082462,0.1118320789882072,-0.7487441457984177,0.7034825207332691,11.98567798628042,13.69345894607843,0.04705075961565529,0.4455906284068852,0.9916019711147281,0.06827612526354887,0.0002089176296017654
8,0.6787035775936351,0.6946788357767075,0.7060235294117647,0.02194013863768232,0.1481220396756753,-0.8613673662559247,0.3288827773796146,12.1636437719932,199.526424632353,0.02528239105772784,0.2172095984005285,0.9299277012667578,0.004987502758445831,0.003044291157637082
9,0.5085572444721298,0.5431128654262978,0.5319784313725491,0.0363411136864784,0.1906334537442954,-0.6186672051690217,-0.2539437006290415,12.68267242711413,940.0958486519608,0.01202171684319021,0.08131563076092774,0.8015523353840711,0.001062604596294847,0.01434461104020445
10,0.4457300995172239,0.5005258340026069,0.4255880392156863,0.05185078888837082,0.2277076829805503,4.513535779688174e-05,-1.130227717549165,13.63507091223076,657.8916207107845,0.01445357757027544,0.121888883767628,0.9025181893664811,0.001517733577490653,0.01003862941224072
11,0.4575958797260359,0.4695904816785318,0.463196862745098,0.0111212313408308,0.105457248877594,-0.8141351341228614,3.415797761743323,11.85723586100755,898.7553462009804,0.01597026972879594,0.06151433602246071,0.3584450690855777,0.00111143296242312,0.01371098184916923
12,0.4827300092929017,0.49467379918171,0.4854192156862745,0.01167390572494181,0.1080458501051373,0.2267880766613997,1.093935812561092,12.06320551417576,35.27228860294118,0.03932013271938279,0.3257777784792577,0.9768572371487468,0.02759917396284695,0.0005381280123601677
13,0.5348958142867744,0.5410385271986557,0.5437847058823528,0.006609155771779254,0.08129671439719599,-0.4652502916809745,0.5616422779111034,11.1774520716195,252.9371170343137,0.01900669465349111,0.09764982566310268,0.7029049615765349,0.003938277575641705,0.003859496356651577
14,0.4945745857328527,0.5164287034324764,0.4672470588235294,0.02209458487612577,0.14864247332484,0.9660064707959506,0.7236175422620197,12.08722590313741,141.3697303921568,0.01977152404105697,0.1769800480005046,0.9508461516729707,0.007024940561637104,0.00215666718818233
15,0.4395603884528665,0.4807440035246578,0.4830952941176471,0.03790146182808131,0.1946829777563547,-0.8397722276038629,0.04659606561669616,12.87070144739382,837.5607077205884,0.03223332615205616,0.1177573329249942,0.830191010920199,0.001192565345765001,0.01278015543584258
16,0.5046359214333926,0.5408605588508452,0.5599274509803922,0.0378727309195193,0.1946091748081762,-0.8309393243751991,-0.1389248361240218,12.54457318719695,816.2378216911765,0.01503465340859542,0.1181089372775901,0.8346518186347728,0.001223656530215897,0.0124540713047863
17,0.4903619058945599,0.5062108546359312,0.5130682352941176,0.01579463059869458,0.125676690753276,-1.322134448770509,3.097788197926917,12.13380756580941,783.7298713235297,0.0153632010819406,0.07352670134834902,0.6196547354673643,0.00127434881048989,0.01195875674484728
18,0.3870214916393804,0.4343476320520881,0.4256011764705883,0.03887223047848514,0.1971604181332682,-0.7483151548779503,-0.1872976938025945,10.54575435082543,589.5356770833334,0.1276422258492024,0.2015667542378001,0.8826345878781314,0.001693743887210792,0.008995554573667085
19,0.4502945668837603,0.4620369969806516,0.4572266666666667,0.01071298961386536,0.1035035729521709,-0.001354982683738172,-0.1131883793719375,11.51621629298766,645.2655943627452,0.01305851669323912,0.05912506069325691,0.5345796521385822,0.001547382709594839,0.009845970894143082
20,0.6314591491639379,0.6460722266169611,0.6537317647058823,0.01866866494295337,0.1366333229594939,-1.6854788701181,4.654732753950154,11.61841480910801,720.4254748774509,0.01548462450118395,0.0874619249261489,0.704111172996906,0.001386174316284929,0.0109927884521631
21,0.3820443444824219,0.3988943696752057,0.4005849019607843,0.01315883700757625,0.1147119741246582,-0.6754308566539721,-0.2136442037980784,12.21383179517027,96.04989276960787,0.02415002873181523,0.2305232892282607,0.9441698802420128,0.01030654310651012,0.001465569139898299
22,0.5635546272188074,0.5894876777094927,0.588638431372549,0.02990190431160173,0.1729216710294049,-0.8109468757433184,0.7173393157549706,13.15357484574409,949.2862898284317,0.009950577609748967,0.05417161422889725,0.7557304013614022,0.001052325474912255,0.01448454230719792
23,0.4501829098391065,0.4842879656513976,0.45406,0.03187018136356413,0.178522215322251,-0.5614275926345178,0.2933883730469522,12.73814544441597,689.8151501225489,0.01584437857437799,0.10535479928701,0.8337702356720195,0.001447598443838943,0.01052490227749039
24,0.4726564981857001,0.496605488286825,0.5349019607843137,0.02321284571942727,0.1523576244217114,-1.075436907963036,0.06505112685601144,11.80317851130418,328.3123621323529,0.02908919828134299,0.2060559760341739,0.8911060158825629,0.003036898871568912,0.005009601612366603
25,0.4036975413243911,0.4793543010978936,0.4025619607843137,0.06680884110969154,0.2584740627407159,0.07785385223412321,-1.345433206183374,13.50381825347387,581.8411764705884,0.01777680349998546,0.1824495880228826,0.9330040745862099,0.001715785606019259,0.008875391376962093
26,0.4828480397542318,0.5191770633616055,0.5055462745098039,0.03640259362627642,0.1907946373100576,-0.3731795690458106,-0.312205618638731,12.9440464920199,1951.33690257353,0.008758076098018186,0.04361900885440236,0.5886397363190957,0.0005122089761490479,0.02977503123820639
27,0.4812570105219822,0.4865485486595718,0.4837596078431373,0.005121180026180359,0.07156242048855223,-0.2861782641582457,1.332649135818119,11.65551217612025,18.25850183823529,0.04060129888948579,0.3245335608078693,0.9726748706693403,0.05203482024233854,0.0002785545322823495
28,0.4599879804902918,0.4982708630609142,0.4809305882352942,0.03668491077993116,0.1915330540140034,-0.2376612695994011,-0.4020064773887215,12.95816977716336,2303.027006740196,0.01214578798479449,0.05679140556273057,0.5178684934158332,0.0004340249782879945,0.03514127054583297
29,0.4044620459522921,0.4117580061158062,0.4045019607843138,0.005955108984550263,0.07716935262492658,0.1564978952433385,0.3816693833012907,10.88624176306912,322.6962316176471,0.0180996179363555,0.09221213369977925,0.5837440864087426,0.003089488912401699,0.004923931990436113
30,0.4939901903638653,0.519827096128174,0.5105694117647059,0.02619390169332194,0.1618453017338531,-0.9907803491529972,1.384835930293537,12.56855768436035,532.38359375,0.01572923947025934,0.1176219404041496,0.8437577747296652,0.001874878609189733,0.008123168957941391
31,0.4629411746096143,0.4947616097128947,0.4708725490196078,0.03047451929676533,0.1745695256817905,-0.2057309421753812,-0.04392420986909862,12.92759026892848,2219.699234068627,0.009035445387826843,0.04132269123295677,0.4409506792174272,0.0004503104488054974,0.03386976405031484
32,0.4610873371857289,0.5122508755400127,0.4505223529411765,0.04979942697848366,0.2231578521551139,0.1717961628307663,-0.696913408047227,14.19084926062528,586.078262867647,0.01472758368650579,0.1580701854049426,0.9094106815899291,0.001703393142134613,0.008942648458768286
33,0.4179199059340533,0.4349251185520574,0.4387325490196079,0.01450281097159321,0.1204276171465383,-0.5749343385027921,-0.1488926577183034,13.31782854351714,192.8907781862745,0.0172353144422645,0.1484168980295611,0.897675677540925,0.005158001371342811,0.002942517493958544
34,0.47907223421583,0.5102460258525773,0.5072780392156863,0.03084080130180201,0.1756154927727107,-1.011800619850029,0.9624451900662989,13.20467719401621,530.5869638480392,0.0234613868888114,0.1454436269613827,0.8680562164466544,0.001881242777899496,0.008096077642480526
35,0.5614857524019129,0.5934023223837361,0.5882392156862746,0.03686006606006925,0.1919897550914351,-0.7806632586223174,0.3555698422111284,13.80295551798816,897.998330269608,0.01034661875270615,0.0724626077403217,0.812377772791404,0.00111236192049968,0.01370200321267
36,0.4718573798864028,0.4788729927387244,0.4574321568627451,0.006669956221281314,0.08166979993413302,0.1878281802917124,-0.695209811523009,10.69416652267405,88.62633272058822,0.0258647029396341,0.1965042151125509,0.897702388152616,0.01116065598901816,0.001352330170044019
37,0.5378963283404182,0.5533630217013342,0.5577039215686275,0.01687817374432835,0.1299160257409699,-0.891799941959013,1.266300989740592,12.97424775816099,48.48478860294118,0.02384575508792765,0.2228793658287385,0.9779638659417436,0.02021797285741396,0.0007396154353120828
38,0.4371661118391448,0.475423544678803,0.4757282352941177,0.03491333749440213,0.1868511104981775,-0.3293961664643107,-0.8861390191953307,12.57550119769237,974.0900735294119,0.01137653314572597,0.07749036761237575,0.7860920764749423,0.00102555824784246,0.01486306767150193
39,0.6290920939307119,0.6454635679811187,0.6537317647058823,0.02086635494478852,0.1444519122226789,-1.681024213854216,4.469671545698704,11.81212529791414,831.0585171568628,0.01479552627955603,0.08520097744729602,0.6944885128748284,0.001201859919140147,0.01268078104343289
40,0.4701695293112362,0.498122210125354,0.5136274509803922,0.02706634992741791,0.1645185397680696,-0.9584766934442659,0.1708469787626736,12.2468022581912,465.7462775735294,0.01401948197273127,0.08751509015524138,0.8680000685014695,0.00214255600006939,0.007106715028257649
41,0.4600310549567727,0.470931847206936,0.4751768627450981,0.01014823318909561,0.1007384394811415,-0.371707190930898,0.2005295083264356,11.62994527537139,508.3773590686275,0.01495972012817074,0.07030291186655732,0.6143225964977234,0.001963238749619233,0.007757151916949669
42,0.4459644549261355,0.4739521545188707,0.4673717647058824,0.02574634971551442,0.1604566910898839,-0.6176825921786472,0.01898270164334193,12.82234244613272,831.1047028186274,0.01374156875672007,0.08539761050818451,0.7521002744579658,0.001201791686930376,0.01268161396964344
43,0.4932618649591184,0.5238134170786273,0.504683137254902,0.03107322848864041,0.1762760008867924,-0.4698579386054457,0.2441991987537833,12.96376888969033,839.287392769608,0.0109258868635258,0.06762511099903992,0.7930328910544459,0.001190084501247307,0.01280600266169108
44,0.4316657770373775,0.4894053537209627,0.4986337254901961,0.05318225718545771,0.2306127862575224,-0.5352783406721511,-0.9693225101181477,12.74968935249132,449.5000459558824,0.05256173113792526,0.2543783559096653,0.9351267255634628,0.002220014618843035,0.006858148140766897
45,0.5203667245842428,0.5336493165686058,0.5072890196078432,0.0140000650196067,0.1183218704196595,0.4869289013108153,0.2678585550613124,11.71375743828974,33.20638786764705,0.03428585341666915,0.314266369198837,0.9818582459132091,0.02926363732566312,0.0005065616082703721
46,0.4547952088299919,0.4786028418297225,0.4900980392156863,0.02222199823277031,0.1490704472146318,-0.9659279141934282,0.4376859114110099,12.66120436619373,479.8595894607844,0.01356785975462153,0.08135609769893173,0.8344346837906763,0.002079667825201901,0.007322074460357668
47,0.412188982777315,0.4210274858541924,0.4174607843137255,0.007364386321704493,0.08581600271338961,-2.247438369795109e-05,-0.04827278457678785,11.090861012449,204.6791973039215,0.02001622393715593,0.1365311624630387,0.7869778225185682,0.004862413604628149,0.003123156697085067
48,0.3354637474568685,0.3761918140566063,0.3641905882352942,0.02898435510539465,0.1702479224701278,-0.2005099653921578,-1.13791565093562,12.77960587128691,313.4646292892156,0.01553302780666591,0.1454996544317803,0.9170580368995598,0.003180164967523635,0.004782990645420311
49,0.4831278357891008,0.5137286298695699,0.5005533333333333,0.03050459943340525,0.1746556596088579,-0.5259547576326021,0.1024411209676428,12.77410327366015,1309.690900735294,0.009107848372629304,0.04379297221881281,0.6709451395310254,0.0007629616932401185,0.01998429450607847
50,0.5279673205267215,0.5602504587878762,0.5535325490196079,0.03513108502785994,0.1874328813945406,-0.5460882281903922,-0.4429319000079324,13.57201070925391,764.8094822303921,0.01333217030592996,0.1136559534602327,0.8329209302182045,0.001305830539787302,0.01166949439557145
51,0.431534105906767,0.4676638145407423,0.4524717647058824,0.03248775887004497,0.1802436097897647,-0.3121909479411193,-0.4648426693047507,13.31670166627911,1497.053170955883,0.009720969725749035,0.05595448688778116,0.6460794626221087,0.0006675373801802883,0.02284290759534901
52,0.4400781982003006,0.4738334997919941,0.4694886274509804,0.03084936499390658,0.1756398730183627,-0.5187093416326926,-0.6382704458032551,12.93847985425594,629.1931066176471,0.01409473562973517,0.121526405396373,0.8434040516606837,0.001586850690272149,0.009600275257521412
53,0.5341330515364104,0.5721378354872141,0.5227098039215687,0.04204358605239675,0.2050453268240872,-0.1020435420428066,-0.6892268718503733,13.90298655475053,332.8177696078432,0.01376932448106095,0.144892234364433,0.9390811587013529,0.002995769970255337,0.005075882022891743
54,0.42356619460162,0.4773749642746541,0.474696862745098,0.04847853530692989,0.2201784169870651,-0.3175358022199165,-1.111195810465974,14.06495860326358,413.7696078431374,0.02582958624738819,0.1899560016219494,0.9342019259257299,0.002411127188460451,0.006310987300148197
55,0.4668755360981062,0.4785300456421846,0.4497117647058824,0.01101823837541717,0.1049677968494013,0.1334475233993546,-0.5723475448509183,12.24197135297553,80.29169730392157,0.02846035257369523,0.2472387939919319,0.9438596760183497,0.01230568751031537,0.001225114795438421
56,0.4756286043114756,0.4904880366054128,0.4943333333333333,0.01435594481375055,0.1198162961109654,-0.9251832137522091,1.182627069454607,13.20698541660789,177.7380667892157,0.02092213852790355,0.1689793571285208,0.9050457802028128,0.005595434069599496,0.002712015610804831
57,0.441945565664254,0.4542679652411,0.4319529411764706,0.01104350123399177,0.1050880641842439,0.4286782073216714,1.159114147203838,11.84614105673313,135.9977022058823,0.02185641236703898,0.1646407713759731,0.9053966842419705,0.007300557220193795,0.002075054131244889
58,0.4256239310769474,0.4483539203247927,0.4254592156862745,0.01986550716521652,0.1409450501621697,-0.1421786526335889,0.1335886271603068,12.1285753166574,1003.877068014706,0.01018212930681891,0.04836881318492659,0.6120885424365354,0.0009951566859712857,0.01531740574223827
59,0.5004529857081993,0.541846157626926,0.5568917647058824,0.04314406763081245,0.2077115009594135,-0.6890231618205344,-0.4233301845034609,13.99320601227999,764.6848651960786,0.01125250943860514,0.08542601933121728,0.8636196192104963,0.001306039523147653,0.01166736048877938
60,0.5415354318835689,0.5527379741377356,0.5133980392156863,0.01225864406856466,0.1107187611408503,0.6550718602593556,0.03366845954726383,11.53495358963606,27.03544730392157,0.03432930045249075,0.3017814237997155,0.9831401475296311,0.03571285974638975,0.0004124693402226316
61,0.5020061414471794,0.5074087603553054,0.5137254901960784,0.005453484034622195,0.07384770839113558,-0.8043348620210079,1.834672284234993,11.80524260792467,107.5652113970588,0.03585438554691663,0.2745903079292255,0.84920923648012,0.009214096789442216,0.001641146515373259
62,0.5025713180541992,0.5119175467785444,0.50972,0.00948164496902818,0.09737373860044699,-0.8766788318984245,3.451179259537726,10.86760968296748,730.8135110294119,0.01532173681678434,0.05726693032957749,0.4081757266689545,0.001366496958630994,0.01115132266376991
63,0.4478116974176145,0.4546721774278331,0.4667819607843138,0.006191472582921817,0.0786859109556585,-0.764615384862749,0.3868942695156199,10.64870165727182,90.34036458333334,0.02802526041197351,0.1941198101700604,0.8886049244995186,0.01095142241908349,0.001378481634378703
64,0.45713897620706,0.4666728257693644,0.4700227450980392,0.0088074827439246,0.09384818988091671,-0.6008200294867088,1.70217860775282,12.03908818248331,17.38458946078431,0.05051139417046723,0.4297345169299602,0.9849161290279376,0.05454323890007805,0.0002651943705807004
65,0.5058548077572094,0.5256141984986687,0.519053725490196,0.02038119913231468,0.1427627371981733,0.1326639027973806,-0.7791142108182707,12.97698827715221,27.61161151960784,0.02677544465297671,0.2882616454145988,0.989611210922839,0.0349835835118246,0.000419790230488053
66,0.4027345305139879,0.4254198767373112,0.3935635294117647,0.01878696945486689,0.137065566262526,-0.04989701791349862,-0.8848749937415912,13.53150943094367,157.943581495098,0.02010771611025378,0.2046984975089918,0.9353029210106646,0.006292336658778825,0.002409920226728851
67,0.4509299550553865,0.4614531662553939,0.4548329411764706,0.009601200280875397,0.09798571467757633,-0.7114544708129266,3.069006170735755,11.65103305820754,695.1252910539216,0.01548406377786496,0.0592916915386207,0.4449046003158948,0.00143655496583768,0.01060676988498915
68,0.3689286321303424,0.3809196994726812,0.3726486274509804,0.008991481840792234,0.09482342453630449,-0.2464223129886069,0.3445166547532845,11.50240844454978,132.742830882353,0.02124573791982254,0.1456058245000326,0.886897620847475,0.007478224244200341,0.002025465526872647
69,0.4588355190022788,0.4660296624784903,0.4676756862745098,0.006653612811725213,0.08156968071364024,-0.4280336617816305,-0.01209467197028102,11.2743192422382,211.8785692401961,0.01943958569775586,0.108235141096004,0.7570993101050223,0.004697942726831343,0.003233002877000379
70,0.3985468776628083,0.4288756810725058,0.4120101960784314,0.02509473612063223,0.1584131816504935,-0.4621287341612151,-0.7595034023308895,12.50742145381576,283.9471200980392,0.01709895086491413,0.1410360723025442,0.9129565516073113,0.003509633684698575,0.004331363464867849
71,0.4439785613953833,0.4647522838495963,0.4512019607843137,0.01887772236470151,0.13739622398269,-0.340720540471667,0.3218090350704701,12.53532002243127,1131.182015931373,0.01008312507380946,0.04270667023110232,0.5387897015847156,0.0008832580732869023,0.01726025037332848
72,0.4299482958984375,0.4754985728773374,0.4854882352941177,0.04124335566241413,0.2030846022287611,-0.4818361236242209,-0.9314575282076718,12.75774934199826,1012.68293504902,0.01087054964438682,0.06998637243672408,0.8110559385525099,0.000986512339662702,0.0154520642052604
73,0.4775482329903397,0.497954680127102,0.4935521568627451,0.01990654862828866,0.1410905688849849,-0.4100729941008384,0.1941109775202521,12.76721823777427,111.5320159313726,0.02053850366851629,0.2028830250913558,0.956944370242884,0.008887982122913328,0.001701170867069072
74,0.3919243982172948,0.4049810816795582,0.3999019607843137,0.01040494260035633,0.1020046204853306,-0.4470469649010854,-0.4069480928030607,11.77472258374049,91.74865196078431,0.02543639522230925,0.2242230506976468,0.9319060303335315,0.01078478559981484,0.001399903753682862
75,0.4358562319587259,0.4954966699467827,0.4757282352941177,0.05554629499109225,0.2356826149530174,-0.3848147659840012,-1.187807061358514,12.59535654829139,437.0117800245098,0.02600418113790492,0.1972746729205362,0.9396466086403658,0.002283179169630408,0.00666825885166905
76,0.4915843134981043,0.5257632116365984,0.5409321568627451,0.03477181743302815,0.1864720285539581,-1.031639263103666,0.4846575006489653,13.03908775460699,503.6439338235296,0.02192168915169633,0.1577180161666059,0.8887618764393774,0.00198168129006173,0.007684280638543975
77,0.4976116970286649,0.5269866110881187,0.5355188235294117,0.03009748724639218,0.1734862739423272,-1.059591871342939,0.6606544996180777,13.5625975547056,803.9952971813726,0.01136883678293224,0.06572708071281955,0.7950523515750522,0.00124226082632041,0.01226783338411053
78,0.4111468406886681,0.4215097152288355,0.4218172549019608,0.008628715424021013,0.09289087912180083,-0.3070803258301297,0.2572422691070155,10.77428848725773,493.1925398284314,0.01551836691696365,0.07111475504102484,0.5607205470956325,0.002023566367053103,0.007525520751171131
79,0.8492135232065239,0.8836895233750203,0.9793749019607844,0.0597435657259333,0.24442496952221,-1.656953789919361,1.364734681481452,10.10343135291889,1140.519163602941,0.3057711975140541,0.4336540080136595,0.8534702480607959,0.0008762603091190681,0.01740283037001616
80,0.5318851260794846,0.5527805112670645,0.5574572549019609,0.02266450629208808,0.1505473556462819,-1.282513383909065,2.338157001881817,13.19524335463634,606.8377297794119,0.01534044096402801,0.1036815517542438,0.7943431374067165,0.001645217447630379,0.009259038194580745
81,0.4830159924974627,0.5090354242727286,0.5218023529411765,0.02581261415620776,0.1606630453969044,-0.8872344886674569,0.3019261265011055,12.35098545314312,454.7826133578432,0.01261990888294603,0.07829933044575937,0.8649720864181569,0.002194089155437096,0.00693934532752141
82,0.3923529331700942,0.4066436096786649,0.3850866666666666,0.01141820112531795,0.1068559831049153,0.1566771477825035,-0.8532741367227827,11.52449207742323,127.5946384803922,0.01951453653401851,0.1500477508906684,0.9135591616248634,0.00777755423698169,0.001946932290469807
83,0.4931003294163124,0.5132186603013509,0.5198329411764706,0.02024545841103751,0.142286536295735,-1.265761560907114,1.838546100210544,12.11024289648168,498.7217371323529,0.0182015335747447,0.1469936148518668,0.8109695535844921,0.00200118656115117,0.007609638879813257
84,0.4589264459647384,0.4656302564426206,0.4681737254901961,0.006198052908994601,0.07872771372899508,-0.2486446349320341,-0.0687435157146532,11.17921511711723,223.4694546568628,0.01916145380458583,0.1013324069645031,0.7249152822330187,0.004455329443901902,0.003409864444619346
85,0.42427594626034,0.4787161436225191,0.4154662745098039,0.04915906758970936,0.221718442150646,0.002546768204931219,-1.02310664519353,13.50768101270258,441.0538756127452,0.0184098420892052,0.1572446722850483,0.9309373631556865,0.002262261916601136,0.006729853417475875
86,0.4646724829580269,0.4927805583970002,0.4751458823529412,0.02691216231568148,0.1640492679522877,-0.3217386334366782,0.1056655818646473,13.56294064599791,1863.620695465686,0.008814349416766917,0.03834256496839726,0.4681151138821785,0.0005363046380468944,0.02843658318499985
87,0.525659465786803,0.5427153583565105,0.523452156862745,0.0182220862247685,0.1349892078085078,-0.4843498594188866,1.356202261118134,12.05360839518556,650.7816789215688,0.01426897050874959,0.09162041464184063,0.726278311179659,0.001534289663355657,0.00993009534111244
88,0.4512420719281365,0.4614869213897306,0.4551996078431372,0.009350771135773839,0.09669938539501603,-0.02030786392490773,0.3344644106246286,11.91661142106486,536.0783700980393,0.01429969052382876,0.0673938915741238,0.5581206409922282,0.001861975237407366,0.008179761844027252
89,0.502485959035836,0.5132840773489955,0.5049556862745098,0.01096840503184577,0.1047301534031426,-0.1517480810495616,0.4372931691404296,12.57345493984233,17.28066789215686,0.04146697842288755,0.4096115746755583,0.9879223575003413,0.05482696334832345,0.0002635379588773553
90,0.4216233588663737,0.4328646613297202,0.4154274509803921,0.009605558286330433,0.09800795011799009,0.1959057070630035,0.2995793596514207,11.5432366020622,571.698774509804,0.01421524057469832,0.0686004234120904,0.542744903454368,0.001746161973139356,0.008723349742582787
91,0.4713148904059915,0.5070162362029604,0.5041545098039215,0.03492773785500441,0.1868896408445487,-0.4501268211418641,-0.5576966627219431,13.34710668950071,1437.511151960784,0.008809529419625765,0.04890657454974222,0.6836918754826062,0.0006951674463802363,0.02193439069910491
92,0.5002674231615254,0.5454909375025491,0.5341321568627451,0.04729286822073724,0.217469235113239,-0.7077062301641537,-0.1225248285018909,13.41005573264275,496.9473651960784,0.02159108235712652,0.1599156594943378,0.9193698121436873,0.002008331466230969,0.007582441614607764
93,0.4293222770361807,0.4398261579377757,0.4353788235294118,0.00912943164677418,0.09554805935640022,-0.1666124211132616,0.3067986075277447,11.11122351613831,579.3683670343137,0.01381086197450073,0.05639646267394966,0.5133384160855522,0.001723084602963029,0.008840459510995529
94,0.8505101201794194,0.8656362581738324,0.8982521568627451,0.02595866693758321,0.1611169356013924,-1.460460563868961,2.32057782273924,11.54639899547471,466.2160079656863,0.1245932312055389,0.2755441117141085,0.8620166681865938,0.002140908542642455,0.007113493114179204
95,0.3574022084972905,0.4234890815303796,0.4145168627450981,0.0516066635367038,0.2271710006508397,-0.3063373120942328,-1.156059640442365,12.16596709191682,1113.378936887255,0.1202208322243981,0.1929570188657596,0.8333091971420341,0.0008974576420998914,0.01698858809658111
96,0.4962298490696327,0.5293117030558017,0.5355576470588236,0.0339268158841627,0.1841923339451528,-0.8038791778276133,0.03920751503993625,12.72101977650007,1179.528615196079,0.00989372264718131,0.0522175700925241,0.7330086162644092,0.0008470852531265899,0.01799817832832049
97,0.4486342533784754,0.4930720720354034,0.4741737254901961,0.04184737491682398,0.2045663093395977,-0.227751663585527,-0.6701868251878902,13.26653882971927,1866.292202818628,0.01480380300096168,0.07747880990792402,0.6571288047007201,0.0005355390690891296,0.02847721662049735
98,0.4662696137970569,0.4797461039998878,0.464581568627451,0.01274897155261454,0.1129113437729555,-0.4462628271086694,2.744257942929015,12.17327146769423,663.2869638480394,0.01654654291863987,0.08397862762733035,0.6011174256638397,0.001505411010258293,0.01012094700959988
99,0.3681675446813247,0.3862892195964988,0.3917450980392157,0.0136720202197968,0.1169274143210086,-0.4177574596871949,-0.8785472605783538,12.0064591411721,63.31666666666668,0.02398172102350019,0.2397081534708619,0.9646438338377169,0.01555386901084406,0.0009661221012518939
100,0.4350260864557005,0.4807324903118072,0.456515294117647,0.04185603134442921,0.2045874662447072,-0.1617995024310758,-0.6593066595398565,13.23080208971063,2096.242401960785,0.0129020497449571,0.06896542754373337,0.6146938542016219,0.0004768195374146787,0.03198577661104486
101,0.4184421672506895,0.459699086273192,0.487230980392157,0.03622940258695369,0.1903402285039967,-1.446505380488212,0.6966315318188139,10.20994291708245,218.1550398284314,0.1312067080830821,0.2350079661190593,0.9533692924786257,0.004565713172641464,0.003328672197086307
102,0.5337296826112038,0.5436438676701322,0.5170815686274509,0.01068128075508394,0.1033502818335971,0.3606719789229401,0.1094022527848462,12.39594489158512,53.81807598039214,0.02597892889770386,0.2302620771524914,0.9612542280758894,0.01825080721148864,0.000820993155939952
103,0.2986063372623219,0.3095222701996281,0.3082070588235294,0.006638291096312047,0.08147570862724697,0.1071177916534929,-0.09469478570323808,10.35234874746341,236.697349877451,0.02050145199475428,0.1220071569736108,0.7267757385780124,0.004207393385703004,0.003611692536571441
104,0.4174468296544692,0.4882937197294507,0.4899274509803922,0.06416890113865595,0.2533158130450129,-0.5169025741156136,-1.103175947254797,11.98595146746722,871.2795955882352,0.127552067180575,0.2126719892632082,0.8951483403150002,0.001146589069450319,0.01329438243390722
105,0.4999965078436159,0.5096793588852067,0.5027627450980392,0.009776541017824214,0.09887639262141501,-0.4260478823039826,2.26829304197688,11.65526410704071,52.95422794117648,0.03164700897151327,0.2792163874282201,0.9584485433279992,0.01854510638608464,0.0008080165132290123
106,0.455002746073405,0.4872547082093203,0.4805633333333333,0.03038965173781042,0.1743262795387156,-0.6172063553699857,-0.09653492711265166,14.21407840707655,508.126286764706,0.01566915138490371,0.1291712777368515,0.871500420513958,0.001964209673504626,0.007753383246569484
107,0.381173899601955,0.3904179657457255,0.3784160784313725,0.007132646239269157,0.08445499534822767,0.304325303519461,0.8793903459564669,10.98110095012676,621.3652726715688,0.01603502526954792,0.06541162880251776,0.3308409491645836,0.001606814854922874,0.009481228359357979
108,0.4697470963900697,0.4976869207966163,0.4823223529411765,0.02702993656511593,0.1644078360818484,-0.2669181153308831,-0.02430531793970747,13.25147218058854,1806.702696078431,0.008723847376809932,0.03706131813758756,0.4865204107238723,0.0005531909799786524,0.02756807505597476
109,0.5282748145009958,0.5688895387837097,0.54474,0.04456102770148057,0.2110948310629149,-0.3237308213605161,-0.7971190274247495,14.22898883143235,887.4968290441177,0.01193056561901083,0.1007212265209995,0.8470222596698588,0.001125511532849311,0.01354064539873737
110,0.4836961745976466,0.5178158863887659,0.5061345098039216,0.03417130287618617,0.1848548156694496,-0.5276722338616993,-0.1607847016977657,13.14204649870823,929.372441789216,0.01096648973687265,0.06946202308360223,0.790940817185968,0.001074851040750698,0.01418043079956441
111,0.44499550848269,0.4783114406231627,0.4790894117647059,0.0307608316612375,0.1753876610860567,-0.5665412370861572,-0.4121296301501696,12.793958298087,1105.750321691177,0.01001903817485262,0.05740269792156934,0.7239822367684813,0.0009035543366432654,0.01687214491943665
112,0.3425965322816138,0.3691359958167314,0.3474705882352941,0.01888899947622307,0.1374372565071898,0.08013007316087586,-0.7663533466683563,14.52549392958366,290.2695925245098,0.01445193769672008,0.1248094177986966,0.8817472271309528,0.003433415794774392,0.00442836166782715
113,0.402946218213848,0.4191766540499782,0.401078431372549,0.01334341252769308,0.1155136897847743,-0.1012665234366443,-0.4870875494453846,12.54273569251277,128.2815257352941,0.01767492151655417,0.1536026394577257,0.925902335779153,0.007736114882115325,0.001957403095020142
114,0.4078471900790346,0.4592330194741991,0.3614113725490196,0.04455563572002597,0.2110820592092705,0.206730471750202,-1.395337457693331,13.32713321360127,111.0719209558823,0.02411703718604094,0.2671185982999196,0.980867175066656,0.008924762155317352,0.001693289784803379
115,0.3441645870133943,0.4052506318895398,0.4049382352941177,0.04577881169277107,0.213959836634755,-0.3273880244980271,-1.13265282542821,12.38341711598916,851.6166819852941,0.1185736138861534,0.1894483678035026,0.8565773392056385,0.001173023130702749,0.01299463776694321
116,0.4398352054850261,0.470268028171127,0.4678447058823529,0.02769701033590483,0.1664241879532685,-0.5718016848809945,-0.3390694340768805,13.10049957820069,563.4509344362745,0.01228250185547818,0.1001976632719323,0.8436278709469915,0.001771671724770876,0.00859727106228978
117,0.4863926269351735,0.5101483648254317,0.4901654901960785,0.02367356659716287,0.1538621675304325,-0.3966229318722732,0.3773000779928766,12.92187317851448,841.48125,0.01125945169433164,0.06106862346192738,0.7268877273266712,0.001186985900054634,0.01283939273018921
118,0.4804022462732652,0.5076403954965032,0.5129541176470588,0.02691245291544727,0.1640501536587128,-0.7188526742995546,0.1620807359538268,13.03391990706097,1042.97596507353,0.0110115894608628,0.06131263739096248,0.7026591075370522,0.0009578865618646078,0.01591455013100924
119,0.4778779689893536,0.4979312209337173,0.463558431372549,0.01956814753515284,0.1398861949412909,0.6050386855067801,0.1242311573690014,13.57352097290745,68.14523590686275,0.02072087719253168,0.2090440021449955,0.9732024850599744,0.01446664760788226,0.001039812669429394
120,0.3772651704197304,0.3901816888204517,0.3831309803921569,0.009912741478951595,0.09956275146334394,-0.2659243706130285,-0.9868298640360029,12.36707000062889,130.7635569852941,0.02672866530718865,0.2080894801436949,0.8986058368216621,0.007590891725213041,0.001995290652091477
121,0.5075258457438152,0.5413748542794414,0.5432084313725491,0.03550424874811163,0.1884257114836285,-0.9322476955417252,0.2225492338796231,12.58220969107735,745.1573376225491,0.01332407135777564,0.1088404786702163,0.8387200308765552,0.001340223846654761,0.01136975084105632
122,0.4795660826080921,0.5119476023650815,0.5108666666666667,0.03210671997928428,0.1791834813237098,-0.625945301343665,-0.1500611291437424,13.29186650741971,1225.824080882353,0.009608773151767206,0.05487214891343069,0.7069644586220473,0.0008151191746872283,0.01870459105265182
123,0.3781953127513213,0.4193753555021116,0.432038431372549,0.03284399421545281,0.1812291207710638,-1.093841960243928,0.2612891009263407,10.67484061905125,451.0891850490195,0.1299035034765499,0.201777717657446,0.8938263172455755,0.002212588701752842,0.006883031310286603
124,0.4283253278664982,0.4353451953182531,0.4394960784313726,0.006062852594744745,0.07786432170605961,-0.4204461409567064,0.04794242003115956,11.40614099525144,57.51182598039215,0.03270959226037251,0.2695769310699022,0.926978315052827,0.01710012157781078,0.0008774250401889348
125,0.4519993837603401,0.4930964938789728,0.4755725490196079,0.03884070935600867,0.1970804641663112,-0.2404563465157104,-0.5291630952658446,12.65459504444434,1943.010615808824,0.01296386760290626,0.06415028551458321,0.6161431182895784,0.0005144039135034079,0.02964783901255972
126,0.421692527591481,0.4627193314805977,0.4299141176470588,0.0362845918993594,0.190485148763255,0.03452030783740499,-0.5574138356578167,13.2596338086544,2181.41178002451,0.00922822394627039,0.05000969939693489,0.5385144343359438,0.0004582106079260962,0.03328545583716046
127,0.3585480481435738,0.4261140879772496,0.3974560784313726,0.0530165131451167,0.2302531501307131,-0.1477809539312962,-0.9648712299094115,12.58052754339396,1714.661458333333,0.1248452968902202,0.1707115408439315,0.7506426231821479,0.0005829079906549084,0.0261636116667459
128,0.4827644365557502,0.5013015718659166,0.4861764705882353,0.01824176475224775,0.1350620774023847,-0.3728064493364137,0.8274342879838548,11.69988365980259,909.5861672794119,0.01200960852932291,0.05579218058101496,0.6183722919976378,0.001098208192683456,0.01387886214283428
129,0.4254864270857269,0.4478498442353563,0.4245760784313726,0.01953078334745541,0.1397525790368657,-0.1480626257101703,0.146185461556295,12.12154730369721,991.1621936274512,0.01031468151317031,0.04840071394945168,0.6041591281500112,0.0010079102012712,0.01511925610560768
130,0.3667443712601007,0.3847201917978762,0.3985635294117646,0.01350819212602806,0.1162247483371251,-0.5671940460300399,-0.4588802247449242,12.11882265357014,201.096568627451,0.01904879792795966,0.138390734991541,0.885635628905318,0.004948595968733293,0.003068466287755086
131,0.5279655031869926,0.5602455901373032,0.5535300000000001,0.03512754871280097,0.1874234476067521,-0.5456885471313073,-0.4438484309398576,13.57619171220821,764.888618259804,0.01333574284272141,0.1137416025300862,0.8328795968016002,0.001305695617586214,0.01167070191555149
132,0.5314623001337986,0.5529506784718825,0.5525498039215686,0.02330227635900733,0.1526508315044741,-1.044579514510337,1.916703585296188,13.02572960306756,587.9617953431374,0.01595783412319487,0.1367303718668886,0.8063620153313482,0.001697949007042085,0.00897155304354505
133,0.543095624928194,0.5762143753125141,0.5770799999999999,0.03707014850064532,0.1925360966173494,-0.8100636519229031,0.2660130541892807,13.84436952299813,1031.390012254902,0.01055223293373415,0.06950897165206853,0.7859642988557806,0.0009686360865594136,0.01573737669635889
134,0.3971310561595244,0.4401782215277761,0.4578156862745098,0.03604379094097664,0.189852023800055,-1.13566020958049,0.2429312389114169,11.05831917440556,525.6814644607846,0.1294477588374087,0.1991476944031283,0.8871957199339516,0.001899147602289113,0.008021225316356186
135,0.4485652934773763,0.4869948790797436,0.4708827450980393,0.03595318973744939,0.1896132636116192,-0.2933428813409504,-0.4977414565310778,13.10350588072694,1939.301363357843,0.01414197234774455,0.06403341710404112,0.5857333913003253,0.0005153876132245682,0.02959127462738305
136,0.3712766251747281,0.3831303653774369,0.3788188235294118,0.008942544473112773,0.09456502774870197,0.03863748141983761,-0.1082468960705594,11.16390813941433,421.1470741421569,0.01548266945888676,0.08118674265490669,0.6371669378160476,0.002368929547564261,0.006426185327809432
137,0.4738105320290958,0.5110406641533792,0.4944886274509804,0.03666614015663211,0.1914840467418425,-0.5327869267509128,-0.3906028328256963,13.72661579522076,839.0329810049021,0.01705730370420084,0.1098602996510607,0.82427245144147,0.001190453623300253,0.01280260785141948
138,0.4925171302406461,0.5066703319504505,0.5105486274509804,0.01414170169829815,0.1189188870545724,-1.103342420991554,1.800378202272862,11.71985182063615,566.9704197303921,0.01370251011423278,0.05748599080016374,0.6920532470534471,0.001760697549091857,0.008651109930899127
139,0.4221029245234471,0.4309072300299568,0.4342705882352941,0.007510162000843298,0.08666119085751879,-0.4356891213587912,0.192902409552878,11.29627257204269,245.0193014705882,0.01854741051541109,0.1029126621718498,0.749322685688171,0.004065028189937183,0.003738656542602295
140,0.5256589558261049,0.5427145931975131,0.52346,0.01822179182935131,0.1349881173635343,-0.484293900804553,1.355925302886064,12.04981432500997,650.730912990196,0.01427099316182735,0.09147643092860254,0.7263037149310078,0.00153440918270206,0.00992932056198208
141,0.3883188047999961,0.4334216967786873,0.4467070588235294,0.03706287307721881,0.192517202029374,-0.995593404711069,0.05832440002997696,11.49057879880875,765.425306372549,0.1163912015349202,0.1866299548738557,0.8402711551545007,0.001304956761173572,0.01167946158829892
142,0.4274399342735141,0.5010696773501172,0.4686450980392157,0.06836592414800449,0.2614687823584385,-0.1733314364544254,-1.42728703421531,13.23012965230329,679.6340226715686,0.01665782231811735,0.1641012937235329,0.9235480191657047,0.001469254314752151,0.0103680133960478
143,0.3941975676054112,0.438140231009871,0.4681666666666667,0.03657513972336027,0.1912462802863373,-1.128723677965075,0.03623401440431673,10.49444580081968,449.4472579656863,0.1307634038212495,0.2159960759446243,0.9048610578752349,0.002220660384587842,0.006857961270151111
144,0.4788263573799881,0.510897090079835,0.5089023529411765,0.03174115613025484,0.1781604785867361,-0.5273276738522745,-0.3009963792775059,12.52227551821642,1108.643596813725,0.0107938618813864,0.0659970350245284,0.73241030195025,0.0009011990248844492,0.01691618142368094
145,0.5019816230983359,0.5074130569183953,0.513313725490196,0.005482460402830766,0.07404363850345798,-0.328815672020371,0.04597200651648503,10.95292976249223,156.4238511029412,0.02220705446753439,0.1224449984347041,0.7827560175773352,0.006353173793356557,0.002386837306126998
146,0.5557121822102864,0.5723244932600534,0.5731003921568627,0.01873929612845834,0.1368915487839127,-0.6139179703913854,0.4499571122953894,13.03712318071934,25.57253370098039,0.03971253641518014,0.3568522134350841,0.9895202511975892,0.03768916971918191,0.0003893686930360026
147,0.5694133661487055,0.5851095392755051,0.5713545098039217,0.01812159140239408,0.1346164603694291,-0.8023833314945161,1.633956872414064,12.73724256299442,42.12216605392157,0.02554593213885516,0.245136096773154,0.9821931411067452,0.02320367576794174,0.0006426610929088688
148,0.4981451276173311,0.5171893193931919,0.5226839215686274,0.01933622392550598,0.1390547515387589,-1.009507468914861,1.846078458369324,12.54242557223039,599.6999234068626,0.01719903288665963,0.132293484409258,0.7620449820921624,0.001664772365548198,0.009150452871002352
149,0.5597824464147232,0.579893228643732,0.5878835294117647,0.02291976931279932,0.1513927650609478,-1.258311138932074,2.059842092983781,12.62234196480334,905.5942401960785,0.01328968405169468,0.06268468163337446,0.6973315700096158,0.00110304545825192,0.01381820166124742
150,0.4312574287384632,0.4426488240424459,0.4310364705882353,0.009955011584049604,0.09977480435485506,-0.3701441027081958,0.3458790196432693,12.83724017431047,181.6683670343138,0.02065036208385462,0.167719230829499,0.8598840346308273,0.00547502053800403,0.002772016390747763
151,0.4698611257874732,0.4807779944505973,0.4798462745098039,0.01037800242166688,0.1018724811794966,-0.2572762558019371,0.2241653310047065,11.82209432622803,499.0425398284314,0.01433442149609769,0.07146529134628472,0.6301216162758441,0.00199988718473626,0.007614778562207943
152,0.4117052243460861,0.4338900857964271,0.4120325490196078,0.01875941479856977,0.1369650130455576,-0.1504235746078169,-0.7859250577509687,12.55628983524339,374.5099264705883,0.0123455592828414,0.08125118057436885,0.8464578040428931,0.002663133002276798,0.005713779635366479
153,0.4632232416788737,0.4701396976189112,0.4672321568627451,0.006455563645717003,0.08034652230007845,-0.09823852907704375,0.3579209145277917,10.89319193619982,288.4490349264706,0.01797525891130475,0.09039326308002327,0.6575890940065768,0.00345505420582228,0.004401353135477982
154,0.4673829348395853,0.5003940929094337,0.4795466666666667,0.03194744043939093,0.178738469388632,-0.1944148096866289,-0.3459289376257217,13.441407392127,1776.372457107843,0.008621189612865189,0.04202426084307257,0.5732178263234323,0.0005626310042948382,0.02710527484523979
155,0.4026929525278129,0.4224510875750219,0.4168529411764705,0.01630330737775144,0.1276844053819864,-0.01932042806068531,-0.4349278490355806,12.56098989688949,26.5475643382353,0.03986508494405949,0.3912649679568028,0.9875093893515264,0.03635345838239641,0.0004048318163194952
156,0.4031320753449085,0.4336817022629679,0.4369380392156863,0.0255643487058126,0.1598885508903392,-0.4009197100213331,-0.801515773033231,12.7987356589467,178.0084099264705,0.0204178743750739,0.1987867915676144,0.9464514935429257,0.005586966972113664,0.002715844458874254
157,0.4611766316073548,0.5120125537767811,0.529953725490196,0.04947296968431528,0.2224252002006861,-0.7620566017287018,-0.6931548555224523,13.76098619472574,584.5556219362745,0.01856290264687308,0.1613284356091245,0.9091503719329398,0.001707833833182828,0.008919385592293844
158,0.4731163024962183,0.5255743253072828,0.4982466666666667,0.05238933573451238,0.2288871681298722,-0.4447363752790709,-0.8580791500096696,13.37306571331779,461.6098192401961,0.02261294047361966,0.1822203631751909,0.9324132419659756,0.002161754554344664,0.007043583413259466
159,0.4509042146809896,0.4906865871612711,0.5071901960784314,0.03745871600289579,0.1935425431343088,-0.5552642221354638,-0.9182129564272445,12.77564702846947,816.9344975490197,0.01162965337344606,0.07993856040178095,0.8325968770960445,0.001222609171660406,0.0124653650931971
160,0.4708705173507391,0.4769717093008374,0.4772176470588235,0.005782967363209789,0.07604582410106284,-0.1347110419720911,0.1843431470352761,11.29169733020775,301.4767616421568,0.01885540725047376,0.09498277241298099,0.6004518587266835,0.003306245197714694,0.004600166236632279
161,0.4835675003650142,0.4955223570205356,0.4832082352941177,0.01170487889791918,0.1081890886268998,-0.0448188069084277,0.8799978534337485,12.73335144928314,97.3881587009804,0.02351650307794699,0.2036140421052336,0.9360991368935122,0.01016625463841035,0.001485982032826472
162,0.4508775522089939,0.482773724682641,0.4929105882352941,0.0297799021579764,0.1725685433616927,-0.6185680320634167,-0.7199710037102709,12.11129677524904,424.7009037990196,0.01489003683667536,0.1222824749081764,0.8905697935545773,0.00234914929706539,0.006480376963621462
163,0.47589400205126,0.4835458239710986,0.490761568627451,0.007341462691523998,0.0856823359364344,-0.4033563968091544,-0.1006341133052775,11.24024857140737,193.1871783088236,0.01971277024458588,0.1107573451477925,0.7970963367411313,0.005150193402515782,0.002947798342150749
164,0.4393897511620615,0.4831831243963575,0.4828737254901961,0.04040257827516758,0.2010039260192884,-0.3346803505890327,-0.9331586645262333,13.02679009239383,1034.606556372549,0.01453076585483693,0.08879748495648887,0.8029505648116306,0.0009656312285855593,0.01578581035045512
165,0.4661778093943876,0.4981982321133571,0.479038431372549,0.03087972850912447,0.1757262886113642,-0.3841674443774661,0.1629110121580877,13.25588987806874,1767.192631740196,0.008763058289647213,0.03928998702696247,0.5609001715264365,0.0005655520433773951,0.0269647636025627
166,0.4665478165869619,0.4757357213946106,0.4758858823529412,0.008657611448789099,0.09304628659322788,-0.3560598945504446,0.6424483103123078,11.60996313353877,440.765456495098,0.0157824243546709,0.071553648940726,0.6069001110201376,0.00226372549590123,0.006725545719044656
167,0.447078365388758,0.4848355489801522,0.4655592156862745,0.0351864447562017,0.1875805020683165,-0.2600216699946916,-0.3053354081130282,13.58858995866601,2102.714644607843,0.008370813476012486,0.04202837982361795,0.5411961201724931,0.0004753515319400278,0.03208463456768146
168,0.4423305944285673,0.4849107349316347,0.4613227450980392,0.03948206608440838,0.1987009463601228,-0.1195332433728693,-0.6026601699082326,13.40882064926473,1970.858762254902,0.01402013474581474,0.06685972329453707,0.6169421083040709,0.0005071393191559216,0.03007274267422332
169,0.4475201033049938,0.4758338196375891,0.3832274509803921,0.02614358104878537,0.1616897679161714,0.6469621580435051,-0.8712383382697877,12.25174540568009,117.6712162990196,0.01962018989335641,0.1973935444887985,0.9653731642677789,0.0084280366450383,0.001795498687671537
170,0.4498655609250535,0.4890278515348827,0.4756066666666667,0.03676921667041012,0.191753009547204,-0.2106432586294537,-0.572402881518367,13.61313492634864,1756.927267156863,0.0111876121917292,0.06156697505978968,0.6328941587427858,0.000568855368942877,0.02680841874768073
171,0.440466977814319,0.4767365784666885,0.4453474509803922,0.0332666067032452,0.1823913558895958,-0.1901971250589116,-0.7096125222128244,13.63302712201774,599.6669730392157,0.01214777781337214,0.1037905702964125,0.8614310685979483,0.001664849690610251,0.009150191838124402
172,0.4275146277394014,0.4485036252662182,0.4274047058823529,0.01838674494578134,0.1355977320819981,-0.1108589576022459,0.0487019442295753,12.09735206061339,713.5164828431373,0.01110269769892757,0.05816385830359736,0.7025389735744082,0.001399569587280713,0.01088713989811865
173,0.4730540660544004,0.4955481891256304,0.4597274509803922,0.02178785833509068,0.1476071080100504,0.1635752678361873,0.6034357381620246,12.89735829855863,813.9455729166667,0.01224189337142069,0.06911508651816091,0.7130686636727942,0.00122709424431606,0.01241965731050531
174,0.4850278706748812,0.5070610284404408,0.4943392156862745,0.02185885123166808,0.1478473916972095,-0.5960439670591394,1.181441574416736,12.81916014566177,1311.502297794118,0.01010179567063886,0.0404299839993933,0.5389975951414924,0.0007619092921457518,0.02001153687119014
175,0.4911717834472656,0.5269092005813579,0.5198713725490196,0.03638358480251814,0.1907448159256711,-0.5546208610940943,-0.3662658883688317,13.16128696966476,870.0393382352942,0.01034639195115431,0.07599834295478003,0.8161524700768887,0.001148067411491916,0.01327512888393233
176,0.495347083865895,0.5237872763394563,0.5178992156862745,0.02898437736065998,0.1702479878314571,-0.5601034178038051,0.2014254030881184,12.99264028839999,1575.118290441177,0.00924402697281676,0.04148914196257826,0.5830492435825188,0.0006344738660532999,0.02403439161635188
177,0.466476182867312,0.4731946668503652,0.4758858823529412,0.006313163553170209,0.07945541865203536,-0.3279134086191998,-0.04106379256320691,11.27462972923533,182.2097579656863,0.02025906868453189,0.1150349795481628,0.7787940839835565,0.005458828186228348,0.002780288904300192
178,0.457969163573022,0.4906293212753821,0.4831458823529412,0.03098137611136876,0.1760152723810316,-0.3748236721126648,-0.4464938882006781,13.15597069191539,1126.556556372549,0.01069529850086418,0.0669078930661902,0.7212912145367397,0.0008868818861588886,0.01718948623707596
179,0.4424287398873124,0.4573472024928553,0.4445133333333333,0.01342327374976571,0.1158588527034758,-0.0992522806324587,-0.2158465568976458,12.56832005049794,182.5205575980393,0.01624478147119428,0.1281394885494141,0.8955860582486997,0.005449463201443148,0.002785024172234357
180,0.4101296249030618,0.4162437887178572,0.4109933333333333,0.005052582423069983,0.07108151956078305,0.1797811341714028,0.2306575732006202,10.40150758949865,242.4534466911765,0.0197095201911761,0.102056578940937,0.6313118793668415,0.004107894047970888,0.003699540252586407
181,0.4168388509892482,0.4637380651710068,0.4710109803921569,0.04129836539451229,0.2032199926053347,-0.3913277533030415,-1.13084082575938,12.04267758357965,285.4468443627451,0.01457913297867835,0.1298617658332325,0.946976295189005,0.003491226797364582,0.004355572851411268
182,0.4833728794591567,0.5134874105138374,0.5279070588235294,0.03001998015956976,0.1732627489091921,-0.988785427083195,0.5013848259508511,12.75675424825735,693.5638480392158,0.01193634685628516,0.0672671459514165,0.8228923213839159,0.001439777190395142,0.01058291136783071
183,0.4488408883248124,0.4749610188771137,0.4708972549019608,0.02412982642057936,0.1553377816906736,-0.9711954058559573,0.9020309933830752,13.13206011581251,507.1853247549019,0.01492749745433517,0.1131911525488461,0.8388943099163533,0.001967843867720188,0.007738643021640389
184,0.4726198403451957,0.4786501029003774,0.4713082352941177,0.005736407518623608,0.07573907524272797,0.1729962010171719,0.461506063759519,11.4196936254124,343.0926776960785,0.01772139440474967,0.09012475178415043,0.5418937057731525,0.002906343462914612,0.005235162977170756
185,0.5703176645854875,0.5994227263583747,0.5915231372549019,0.03404536633666232,0.1845138648900465,-0.667970213092605,0.4152085338254401,12.62003607565197,877.8863357843138,0.01076458164449808,0.06249157437069403,0.8025035534301463,0.001137817494041371,0.01339503390543372
186,0.4867005262606752,0.4938713073963081,0.5056145098039215,0.007031466006920437,0.08385383716277053,-0.4088043843906373,-0.3210341607840763,10.46767212955425,171.4614276960784,0.02114371276675193,0.1201498986910106,0.8144237557990627,0.005799108983703468,0.002616292642689425
187,0.5000319770304362,0.5359640533703308,0.5301690196078431,0.03722548845218816,0.1929390796396317,-0.5359595114986735,-0.4070808266619692,12.98686315436338,732.5856464460787,0.01114057120795145,0.08908383891746047,0.8488750632165699,0.001363188049736525,0.01117816221479918
188,0.5273049578977098,0.5574712007796566,0.5326996078431373,0.0327236210752066,0.1808967138319726,-0.4995808631880811,-0.2354157044086178,12.08179904385258,559.6949295343137,0.01161917639707471,0.09877620129723531,0.8683894082378371,0.001783538017854753,0.008540134810620931
189,0.4646385036274031,0.4798268553133818,0.4643576470588235,0.01434487202681672,0.1197700798480853,-0.5245413814102922,2.611479183855993,12.34302938798359,876.3783700980395,0.01489789877881566,0.06679284869125728,0.5314802743469151,0.001139778474585145,0.01337242430325931
190,0.3469221695245481,0.3853733020088004,0.4008858823529412,0.02815759019354675,0.1678022353651666,-1.073678460800767,0.1169896404065809,10.38857490053904,353.0471966911764,0.1295021163312835,0.2090595214859932,0.9031323287256842,0.002825515692854187,0.005387044811430819
191,0.4092301790903129,0.4447404103635593,0.4435372549019608,0.03032469313205763,0.1741398665787293,-0.3764874572357761,-0.7110052184985345,12.99351402938249,806.8398897058823,0.01179623834774521,0.07866072737269043,0.7958941590533424,0.001237887129807016,0.01231121282470268
192,0.5368177739281748,0.5531771984644275,0.5543780392156863,0.01783169049575159,0.1335353529809675,-0.3827849396873054,-0.006731089931506062,13.19704171593514,39.98166360294118,0.02461662918178776,0.2517920024744573,0.9827681627917807,0.02441582276770798,0.0006095612178829108
193,0.502497109225404,0.5381632628700698,0.5377698039215686,0.03711635272307214,0.1926560477199513,-0.5485858073003481,-0.4743497732502635,13.39052999013032,811.9798100490195,0.01136893998578684,0.08848473512422661,0.831936774384488,0.001230060048377551,0.01238971108199025
194,0.455875532615512,0.4710795412986713,0.4576164705882353,0.01409343299268978,0.1187157655608124,-0.3756339635386141,0.4087063196401455,11.65566610443049,570.6173866421569,0.01231167913693724,0.05815072321248731,0.6898300061623475,0.001749459624837472,0.008706826891450038
195,0.4857897931686102,0.5204332301707516,0.5168839215686275,0.03485902391916147,0.1867057147469286,-0.6162776643960962,-0.3021393224080779,13.13660038016002,983.8336397058825,0.01185487586638839,0.07408559944169621,0.7833117809832838,0.001015412144007967,0.01501104822156751
196,0.469547965668323,0.5096484998671543,0.4990870588235294,0.03926630135358017,0.1981572641958406,-0.3579602428702738,-0.4399614328672077,12.94158867630554,1174.297334558824,0.009846053007573685,0.06250571058166683,0.7706391033620755,0.0008508556500259648,0.01791780813581746
197,0.4054522273583506,0.4573887660943577,0.4513890196078432,0.04481297467947148,0.2116907524656462,-0.2935609357436937,-1.321907075957548,13.02136549786848,438.8574754901961,0.02122987129591824,0.1578442197418788,0.9249748436600553,0.002273573426384824,0.006696419835445836
198,0.4216980197083717,0.4530579572283593,0.4527121568627451,0.02743229278197167,0.1656269687640623,-0.5404702855000518,-0.4459136515989304,12.97662932842155,732.2342830882351,0.01192491932678605,0.07552973872505415,0.7951207425355287,0.00136384275364614,0.01117299267938393
199,0.4455424713314281,0.464267501823304,0.4514549019607843,0.01703621948913522,0.130522869601979,-0.3124674237254861,0.2447523707487935,12.47047140147941,928.5916360294117,0.01059960468929839,0.04781952069851758,0.5806349870692276,0.001075753442482128,0.01416910351902499
200,0.4481238287712546,0.4570337860024647,0.4564552941176471,0.00806491563513797,0.0898048753416983,-0.2332775075826958,0.6489607968096243,11.19751737801901,574.2895680147059,0.01620296636176868,0.06915161553502382,0.4534074624754704,0.001738304014676507,0.008762919139607549
201,0.5363231848443722,0.5639004956712521,0.5500498039215687,0.03034121041667307,0.1741872854621516,-0.4785565315015243,-0.1052475630730587,12.90483077879725,1109.316207107843,0.009062000758498114,0.05071842835160508,0.7198324650274072,0.0009006516840018659,0.01692674498472281
202,0.4605102288279814,0.4978427562528891,0.4848321568627451,0.03577773909827377,0.1891500438759499,-0.3918440351018717,-0.5256586152445206,14.75447729759962,485.5210018382354,0.01198928992169917,0.1170995118430591,0.8954989735849319,0.002055460380398797,0.007406883343036606
203,0.4393138436231426,0.4506879583852438,0.4562780392156863,0.01012298263452027,0.1006130341184494,-0.4384764218159513,0.03500490830303926,11.12802739325455,449.5650888480393,0.01494449682123998,0.06788435646587232,0.6556116181744802,0.002219508777297091,0.006859806724825802
204,0.4435943962605794,0.4569474648051944,0.4558741176470589,0.01202499719810635,0.1096585482217704,-0.1485219320120573,-0.05917359393992783,11.17727494010971,586.9765625000001,0.0135485617593643,0.07010586836037644,0.6234196792955693,0.001700787254119762,0.008956551419822401
205,0.4432682380706189,0.4717707410722346,0.4632870588235294,0.02608090124961455,0.161495824248228,-0.4577362909396187,0.2339250563541495,13.26827129202564,1133.838955269608,0.01080025159885045,0.06165867134363715,0.6660797510044484,0.0008811906856365673,0.01730077492985881
206,0.4154008639466529,0.4273691676953311,0.4156862745098039,0.01008652772897441,0.1004317067911046,0.1418577932734148,0.189695716856177,11.72164590279102,538.6759344362746,0.01406493608486433,0.07175917249573621,0.591070966132343,0.001853012148006963,0.008219542241680713
207,0.4644836920285693,0.477256986101686,0.4550788235294118,0.01202913062237411,0.109677393397063,-0.0368925382409418,-0.1473158336320788,12.13567699393898,109.8855085784314,0.02913948435475358,0.2542272341580707,0.9299847851459353,0.009020681519447609,0.001676702623351154
208,0.4596356463982078,0.4901936348787084,0.4861094117647059,0.02902487223570223,0.1703668754062897,-0.6112784142182703,-0.2135600328803724,12.50215280724385,659.6772212009805,0.01174983661934356,0.09342257865042596,0.8255863340781863,0.001513625341937226,0.01006567890883303
209,0.5782401773849188,0.6267798518796668,0.6079541176470589,0.05849127998015471,0.241849705354699,-0.4436418837341758,-0.8262944170899247,13.71933109612421,719.987193627451,0.0131196867506587,0.1297144609428775,0.9053572454517788,0.001387012426860511,0.01098602636151878
210,0.4996946490717869,0.5119654446036941,0.5084905882352941,0.01241387415728184,0.1114175666458474,-0.2200115532807931,0.1516900563714203,11.50428385674781,835.0689797794116,0.01213444166512087,0.047036207098311,0.4804298926273281,0.001196090918430343,0.01274209038883674
211,0.5324988314101274,0.553685788249015,0.5095360784313725,0.02301294665578176,0.1517001867361466,-0.1591014315998594,0.04647448345773686,13.39632069176844,48.6638786764706,0.03124334620147382,0.2619298253959589,0.983787185858425,0.02014803351354863,0.0007425313039336557
212,0.4990437789258771,0.5177269762577744,0.5263837254901961,0.01899652866039848,0.1378278950735245,-0.1726321669515991,-1.054719869257765,12.35772508655668,50.86204044117648,0.02351334964814239,0.2423911546399409,0.9795227110691956,0.01929067155465966,0.0007755735746711229
213,0.4194191182873296,0.44423215917389,0.4346635294117647,0.02142981445937544,0.1463892566391927,0.1495146343784348,-0.9062009539552194,12.38379175862855,43.48203125000001,0.02332688478046587,0.2405655603997696,0.9844243454808891,0.02249278323059521,0.0006634670044791407
214,0.4742035064039044,0.507440122634852,0.4865266666666667,0.03262651257391595,0.1806281057142436,-0.1246096931685329,-0.4041731697873514,13.59500309171888,2162.863817401961,0.007833617173346588,0.03279273037954436,0.490887619394412,0.0004621379645843647,0.03300268149727391
215,0.3908165631582223,0.4006891266400038,0.3823415686274509,0.007814190168724254,0.08839790816939196,0.9767127643491299,3.06713988754183,12.15031922028197,119.2751838235294,0.02979205640377507,0.2117136802765671,0.8830316741004114,0.008316327015147984,0.001819902175850522
216,0.5350363794005151,0.5462768478722365,0.5263313725490196,0.01215446723921468,0.1102473003715496,0.09798234192466047,0.425599133755556,12.63183113192807,17.62763480392157,0.03956835571141194,0.3764139693437741,0.9888867258027144,0.0537979570272243,0.0002689361294981426
217,0.552964854628619,0.5590831784911323,0.5459403921568626,0.006803870017297578,0.08248557460124514,-0.04493064647853518,1.775787884154115,11.64675186177688,11.83080575980392,0.04936073477247813,0.433818287859014,0.9866669235645047,0.07823841498684847,0.0001805236983416987
218,0.4084932073735256,0.4234226723107215,0.3977796078431372,0.01242005895644245,0.1114453182347399,0.6595397307485219,1.777943032370489,12.80471342654433,43.78610600490196,0.0322967385653025,0.2730102319300548,0.9730030167788738,0.02234446668101143,0.0006680631460510954
219,0.4967783310415231,0.513688759232016,0.5215454901960783,0.01708743116892698,0.130718901345318,-1.381868568795437,2.948118281758633,11.35341705273061,670.0601256127452,0.01779758193604087,0.1091502837817594,0.6987609583461041,0.001490218959710821,0.01022407621004529
220,0.4329701554601332,0.4542007893199773,0.4509803921568628,0.01883520149971844,0.1372413986365573,-0.2950866320948775,-0.2940110800414644,12.85251498267743,134.8390165441176,0.02171046763191047,0.2258663320754269,0.9450016905846284,0.007362831946002879,0.002057025566384174
221,0.3857063189637427,0.4030249404918118,0.3677564705882353,0.01365973816986802,0.1168748825448309,0.3433528777056421,-0.6753395234907456,12.74557859401694,62.72909007352943,0.0251553225818932,0.2659806971043894,0.9647702155393512,0.01569761748484659,0.0009568592647870416
222,0.3260762281230852,0.3329422202681093,0.3283419607843138,0.004524815490079943,0.06726674876995277,0.1687497029254458,0.7785249132299534,10.23069795639446,224.1896292892157,0.02082739651929781,0.1015762758702289,0.6214793742473321,0.004441112585732669,0.003420860123792316
223,0.5328329782224169,0.586274443014636,0.608921568627451,0.0598067398507511,0.244554165474136,-0.5033547770771014,-1.051536335560029,12.30606770389185,389.8162530637256,0.01498168029980083,0.1566669214371313,0.9497936912134316,0.002558845308921405,0.005946684411735127
224,0.9236444433174883,0.9389329588221762,0.9994345098039217,0.02847604349129387,0.1687484621894193,-2.987635126289998,9.025338563744421,6.891570228434285,460.3118872549019,0.4979200985476865,0.620690542459943,0.8760950122111946,0.002170073112520697,0.007023800477766501
225,0.5075242983470243,0.5413736167264142,0.5432254901960785,0.03550447947479904,0.1884263237310516,-0.9322677083230977,0.2225746712998475,12.58163204029597,745.0405484068627,0.01332294415745572,0.1085756008227424,0.8387498116105122,0.001340433654254071,0.01136796877904938
226,0.4740952109004002,0.4835208936245846,0.4815117647058824,0.009026185572821907,0.09500623965204552,-0.1263526412675478,0.1478726783617721,10.93318675586087,618.8014705882354,0.01397821187545811,0.05867289143421398,0.4699551268462197,0.001613456244761971,0.009442145560382195
227,0.3853931896912818,0.4552601440394871,0.4500937254901961,0.05873388809043427,0.2423507542600895,-0.3069240759837027,-1.215856346707598,12.32227805653632,1111.514859068628,0.1171867911358799,0.1803273606119639,0.8537643699885193,0.0008989590907293325,0.01695998631808756
228,0.434861227758071,0.4432680965046719,0.4409764705882353,0.007382317971618183,0.08592041650049297,-0.2053395214812986,0.5612718051597372,11.45989695652077,427.7302849264707,0.01611028812816283,0.07162166176248955,0.5533802657066292,0.002332556419072419,0.006526579029399075
229,0.3972555302459118,0.4527556723437138,0.4357019607843137,0.04717574252844776,0.2171997756178577,-0.1775280250988819,-1.27182228718242,12.4887714758119,331.0646599264707,0.01472477914268645,0.1447312260381171,0.9461198179107196,0.003011595227556084,0.005051642323724899
230,0.4527854775701785,0.4914976987606394,0.4930258823529411,0.03655529918854963,0.1911944015617341,-0.4243730052837802,-0.8568056595666995,12.81530779679038,1006.253507965686,0.01040311889326332,0.06839003134118288,0.7885888094288516,0.0009928089804616784,0.01535383581049219
231,0.3736981151326497,0.4254086820324857,0.4164435294117647,0.04132226549492143,0.2032787876167148,-0.5901057654678831,-0.5463490491115675,12.04744307511301,952.9371170343138,0.1166732537318808,0.1701204515762905,0.8215686299435877,0.001048415355867588,0.0145406659443278
232,0.463916850382487,0.4773874443295375,0.4734035294117647,0.01267992793468048,0.1126051860914073,-0.5924718111091751,-0.229862488346571,12.62886837625975,62.81579350490196,0.02606090696388145,0.2445100822241227,0.9617969790659836,0.01567650402773947,0.0009578000334432002
233,0.4855919682700961,0.4962190321989169,0.4986047058823529,0.01043376826800372,0.102145818651591,-0.4699692765891429,0.4099792796341233,11.55422169618871,577.7280943627451,0.01437012999326744,0.06176976480721908,0.5733963238646768,0.001727970079378681,0.008815426292633355
234,0.4455452973010493,0.4642715128777526,0.4514549019607843,0.0170374257227168,0.130527490295021,-0.3128149013359017,0.2452799031662791,12.46377285744486,928.660401348039,0.01059925046587224,0.04783429033050283,0.5806485276029921,0.001075673869605195,0.01417015282844323
235,0.4612917781695198,0.4918759302462612,0.5394643137254902,0.02915182614882737,0.1707390586504077,-0.6142685777434665,-1.018060141892645,11.44007682687063,289.856893382353,0.02149591548292508,0.1432916075214185,0.9236532453283133,0.003438371012297129,0.004421757317661254
236,0.4537540467864392,0.4969519868312562,0.4739309803921569,0.04106854224046303,0.2026537496333661,-0.1909597496080657,-0.4714945476798853,13.3487686435218,2028.286565563726,0.008910122815703867,0.04764645593532256,0.6210895521001893,0.0004927861878924229,0.03094904385332014
237,0.4771818470913756,0.5129945666667853,0.5004937254901961,0.0354609102361059,0.1883106747800185,-0.5680173418994244,-0.3218003804377432,12.87561439600843,951.0663756127454,0.01073670784993581,0.06998075121151749,0.7943416519214195,0.001050358780659345,0.01451135115106817
238,0.3900912173701268,0.4017118194702514,0.38828,0.009201228032792337,0.09592303181609899,0.2735245294265012,0.2807987464880326,11.63527689315669,575.2806832107844,0.01381743592665709,0.06081642792114144,0.519614401095024,0.001735307128330871,0.0087780844015977
239,0.6377571176745844,0.6459401637020247,0.6520431372549019,0.01050455393880462,0.1024917261968234,-1.10448432979878,1.549474386185897,11.89977453564968,146.9732843137255,0.02419077565313,0.1718629823831127,0.8929452383499368,0.006759081627915928,0.002242413695625207
240,0.4982077109602386,0.5159792745031418,0.5218050980392157,0.01802368845654796,0.1342523312890616,-1.293719027435258,1.839233924164771,12.13482113405398,294.2992800245098,0.02037872654693468,0.1676102499752535,0.8748458244661264,0.003386628694445427,0.004490470897312526
241,0.5432425505574544,0.6045987362036351,0.5787423529411766,0.07042716308286434,0.2653811656520944,-0.4097776451247323,-0.9993109082931815,13.66460404275657,518.4333333333333,0.02183978601369067,0.2227305586142521,0.9432866948212877,0.001925255818215539,0.007905210352007561
242,0.615198859276865,0.6386116045268012,0.6590160784313726,0.02935514498073963,0.1713334321746332,-0.8211642113463855,0.1076416471385446,12.94580436345338,545.7922181372548,0.01456301233932488,0.1130234803357944,0.8569725777041082,0.001828896975995741,0.008327920421218927
243,0.4340704821119121,0.4496759337603154,0.4653678431372549,0.01379126196234373,0.1174362037973969,-0.7599469765116517,-0.2097807987881746,11.7176389215976,30.29863664215686,0.03336452621793772,0.343896288095522,0.9830851357970072,0.03198436899227253,0.0004618022268582873
244,0.486000458427878,0.4946916337181357,0.500293725490196,0.008523366878610553,0.09232208229134865,-0.3800547794585619,-0.1872141614264642,11.05333956770145,302.4546109068627,0.01678349818114253,0.08944628433479589,0.7285590983938565,0.003295568019781404,0.004615087870480503
245,0.4580940677897135,0.4745018302046209,0.4484458823529411,0.01530181192340818,0.1237004928179681,0.3907957462526459,-0.06461462309488875,12.55239343900558,82.42146139705882,0.02398861843329531,0.2402790633832684,0.9586635213760096,0.01199077102317537,0.001257538158401434
246,0.5960058843874464,0.6038353027001493,0.5941290196078431,0.00939405856251877,0.09692295168080041,0.02225826112268499,1.016146929623662,11.99304048382221,28.19747242647059,0.04374763455975605,0.3716345244901076,0.9770005132466653,0.03430093434501604,0.0004301475159435754
247,0.4478270110365924,0.4763488803447555,0.4881258823529411,0.026359223991734,0.1623552401117192,-0.8469823149813623,-0.0583039051272265,13.05513420112566,507.8158241421568,0.01298094380084839,0.08994798642321553,0.8519055033740359,0.001965397822295878,0.007748599156206678
248,0.4189344113099341,0.4681842807813276,0.4514031372549019,0.04369047979112792,0.2090226776958135,-0.2476396384935068,-0.9659531894289968,14.30546445914712,646.8506740196079,0.01166408619020322,0.1061834421683789,0.8862132898908293,0.001543593369134681,0.00987013999152154
249,0.4888425903140797,0.4990659681369901,0.4607956862745098,0.01009976244753195,0.1004975743365578,1.010154697920228,0.5249748366256517,12.28397135751696,45.95182291666667,0.03124651556890785,0.2276560922615078,0.9651692881745905,0.02131261115489203,0.0007011499171356876
250,0.5024838758700502,0.5381545874386129,0.537744705882353,0.03712031447183559,0.1926663293672135,-0.5486490359913467,-0.4744653365720115,13.39060637174746,812.054442401961,0.01137100384617908,0.08848240038972074,0.8319424753168452,0.001229947139553619,0.01239084988132102
251,0.4192352145744772,0.4724148516313619,0.44144,0.04741762690257376,0.2177558883304278,0.005029452600861671,-1.024607178124514,13.79552222646016,1546.256158088236,0.01439947721106032,0.07880451645464871,0.7496073305449205,0.0006463114083074585,0.02359399595681359
252,0.437732483436734,0.4775338290120497,0.4642260784313725,0.0364288307952188,0.1908633825415939,-0.34728664463777,-0.792762822998617,12.80092258925489,760.0116268382354,0.01134623342602102,0.08716068834196113,0.8399249904560686,0.001314059962245013,0.01159685705161823
253,0.4336138120883119,0.4783452319848829,0.4476870588235294,0.04079322292891358,0.201973322319839,-0.2416971339489385,-0.8992962200604837,13.49806308972727,454.8271599264706,0.01421033695414863,0.1413397335806515,0.9143688060169545,0.002193882382895336,0.006940107047983926
254,0.4645407632865158,0.5075154103134014,0.5262482352941176,0.04177377095076151,0.2043863277001706,-0.5839273696085758,-0.8715101425039204,12.6741708201986,443.0247855392158,0.01681164752172589,0.1545179857718857,0.9186061142954858,0.002252211804295046,0.006760015867146356
255,0.5097260647164139,0.5366880973686746,0.5162694117647059,0.02821345280592615,0.1679686066082771,-0.656251130413624,0.7362675897855873,13.41864567603025,573.992631740196,0.01441656205063515,0.1428467363581302,0.8436269662934283,0.001739196327099402,0.008758190259110413
256,0.4411523888801127,0.4741846737871981,0.460436862745098,0.03023567464004143,0.1738840839181132,-0.2134942038856869,-0.4001835027853202,12.86049518297298,1731.575827205883,0.008775822272515292,0.04357418220584766,0.5605023486034452,0.0005771782391921919,0.02642170274678169
257,0.526692079336129,0.5420889492825203,0.5584462745098039,0.01645588249881163,0.128280483701971,-1.091669246050884,1.289752425037261,11.47729643472049,516.9273590686274,0.01427640193932761,0.0626200435208994,0.7588919963335748,0.00193082591165894,0.007887685503660258
258,0.4317575260955212,0.4418819972014458,0.4384835294117647,0.008845138110613836,0.09404859441062283,-0.1742653987489189,0.3985903963328239,11.7847924437946,462.5087622549018,0.01603395693471767,0.08173025079690666,0.5986130012988499,0.002157531151938865,0.007057314726729225
259,0.4248328082634421,0.4641456322616215,0.442854705882353,0.03494825297053777,0.1869445184286979,-0.1504912820641007,-1.165841085527896,14.18376377006289,566.212668504902,0.01213142450398811,0.1064901848223892,0.8755023642055972,0.001763044875005566,0.008638039023677366
260,0.4650291740088369,0.5037475017770253,0.4962070588235294,0.03750941286725294,0.1936734697041723,-0.532632192260165,-0.6102109806877789,13.10861274766383,696.2731464460785,0.01335847554268415,0.1189906584441717,0.8571782283638352,0.001434185675486361,0.01062285782690907
261,0.6075772856588926,0.6156930794771187,0.5963760784313725,0.009927810067390217,0.09963839655168191,0.3363877757180893,0.767475044506289,12.03794916876455,113.3786764705883,0.02286617015095981,0.1723364893552313,0.912374413311251,0.008744636563483614,0.001729974178787104
262,0.6183862668624579,0.638328334915579,0.6576164705882352,0.02506148811200869,0.1583082060791818,-1.281703944054366,1.806478614961805,13.00800277766497,909.4790594362746,0.01218400139799404,0.05669491872234392,0.7210784455857304,0.001098337596875623,0.01387748220865642
263,0.4031350293327781,0.4336835410291919,0.4369380392156863,0.02556356188447894,0.159886090340839,-0.4009397713733255,-0.8014177088448005,12.79968860181297,178.0064797794118,0.02041813870979088,0.198738760518024,0.9464507711834039,0.005587027229010759,0.002715815007167424
264,0.4786789105224609,0.5126784317400629,0.5005533333333333,0.03370567499248004,0.1835910536831249,-0.4747508534581755,0.01324575281045304,13.71399758165768,1679.294883578432,0.01055805767694049,0.05061140100006582,0.6174510765039818,0.0005951373733669029,0.02562355788910861
265,0.4501871076037838,0.4842926780709704,0.45406,0.03187096618049184,0.1785244134018982,-0.5614315933755054,0.2932979036569958,12.73508740940497,689.7976715686275,0.01591771249307987,0.1057980463229117,0.8337811753291049,0.00144763522547856,0.01052463568570877
266,0.4104402769440296,0.4510714959362386,0.4803807843137255,0.0350042735082644,0.1870942904213392,-1.437056867964391,0.678601384469891,10.26279130123207,226.0225949754902,0.131599174978081,0.2495272170031103,0.9500088346701977,0.004407402755106348,0.003448762877488717
267,0.5324394788674748,0.5939885390131364,0.6329701960784314,0.06933058582229218,0.2633070181789543,-1.158127073820483,-0.02529760305368756,11.44342714633034,804.5390931372551,0.1160368283935366,0.2038492729392294,0.9102735265063141,0.001241583528267563,0.0122762922631553
268,0.4152167000624712,0.4251168045828776,0.416103137254902,0.00831938952798833,0.09121068757546086,-0.2506226686565871,-0.2955025727466238,11.89952317103147,93.51551776960785,0.02226360007730774,0.1700186320252865,0.9131079422790664,0.01058276602693667,0.00142679631950313
269,0.5058530481555416,0.5381640981056349,0.5422917647058824,0.03373329016159882,0.1836662466584397,-0.8519542168260377,0.1934281828373527,13.20104711431742,619.4707720588235,0.01338869071490922,0.1159218022995105,0.858855944398842,0.001611714239858943,0.009452318988098793
270,0.377122950295841,0.391832625568667,0.3654098039215686,0.01131108682019583,0.106353593358174,0.02910529306192825,-0.3915535051029089,12.51305268463229,242.8695465686275,0.01703333561957705,0.1212365201618872,0.8361351902774027,0.004100839424379735,0.003705892319025122
271,0.4839053638473212,0.5117391383271953,0.5179439215686275,0.02771254453565204,0.1664708519100327,-1.057269012247402,1.071965672059005,12.75728996836669,711.0036151960784,0.01668916479538224,0.1247581724977103,0.8031734929576794,0.001404520172265161,0.01084869669635037
272,0.4371833479279162,0.4514763704241714,0.4530466666666667,0.0127016333459221,0.1127015232635394,-0.7176125450311854,0.2359783716519841,12.82529297963462,269.6616881127451,0.0168186251739473,0.113535469011751,0.8371697544880395,0.003694878834737796,0.004114310544199728
273,0.4522790737615847,0.4876826023169951,0.4590003921568627,0.03327796004003936,0.1824224767950467,-0.2018709699551625,-0.1670850520894449,12.43369722784017,1234.179258578431,0.01000668746106499,0.06018036447163052,0.7153092451878723,0.0008096056459218522,0.01883151593435125
274,0.5770812266091739,0.5985656510366059,0.6093733333333333,0.02525809649612706,0.1589279600829478,-1.090164594373669,1.422848168148366,12.65011834477925,882.4501225490197,0.01122018093578003,0.05182836818356807,0.7316770140966335,0.00113194019113203,0.01346505997021443
275,0.4572516124231675,0.4978141960765331,0.5200639215686275,0.0387399367517383,0.1968246345144284,-1.051962597463146,0.1101876497125773,12.52274496643073,649.4526194852941,0.03783205418249953,0.1569136334451142,0.871334295613218,0.001537480419148549,0.00990978623575666
276,0.4662671744013767,0.4797450858845335,0.464581568627451,0.01275026950611457,0.1129170912931898,-0.4471892758174998,2.747534963934213,12.16836653915227,663.121461397059,0.01654868423721897,0.08411394061189228,0.6012513736922976,0.001505786180552513,0.01011842164261104
277,0.4913021742398131,0.5073610796248419,0.5206513725490196,0.01603743870531745,0.1266390094138352,-1.503512534507099,3.245628302598473,12.22302546825528,637.7201133578433,0.01684851258448628,0.08219772129899669,0.6950356759897665,0.001565672284832103,0.009730778335747967
278,0.6137913186106962,0.6330186976469616,0.6478811764705883,0.02397288876879814,0.154831808000805,-1.445345053570479,2.078675515771569,13.25973974187732,396.8055759803922,0.01658370015221748,0.1038959187762803,0.8728329694191623,0.002513895606481504,0.006054551710246824
279,0.513065138837029,0.5288481159911494,0.5221341176470589,0.0164444930975284,0.1282360834458399,-0.471171071074015,0.9569259962100167,13.10363540226286,34.12392769607843,0.03025265647741222,0.3101484661924409,0.9841196439265306,0.02849516327006398,0.0005206748257544763
280,0.4130553608613855,0.4575119191466315,0.435501568627451,0.03870242502490449,0.1967293191796904,-0.2603860221132027,-0.7305053071299605,13.85122221690986,748.8112745098039,0.01181353241670599,0.09288899240925692,0.8508551187618744,0.001333689942503384,0.01142447628832778
281,0.413766941282983,0.4405494264792115,0.4082629411764706,0.02288071547248671,0.151263728211646,-0.07269918069880385,-0.9108239005909646,12.60301823345262,273.0639552696079,0.01304762238444471,0.1048522837650177,0.9081259695950041,0.003648957080949596,0.004165695889526029
282,0.5892059953098671,0.6144129226020039,0.6194335294117648,0.0303395345512448,0.1741824748682967,-1.054604032197105,0.8719184695541582,13.41711129191108,603.8212162990197,0.01814738255181926,0.151665993187907,0.8471117994675637,0.001653430763490578,0.009213384866298408
283,0.6749621148382449,0.6824976221472734,0.668101568627451,0.01022914776976627,0.1011392494028222,-0.1106954216023302,-0.2982358232682234,12.96086832158623,97.6044117647059,0.02257598799242998,0.1948512483316575,0.9269827197721529,0.01014385654437382,0.001489122213422679
284,0.5004311102235083,0.5145755071250616,0.5253107843137255,0.01435665645348118,0.1198192657859377,-0.5021108632585884,-0.1369238782469995,13.51334550298974,14.71516544117647,0.0434740703888208,0.4133989359375836,0.9921501220330435,0.0638093219385382,0.000224041927309391
285,0.6600039616663316,0.6751324255633224,0.7046752941176471,0.02019856263176258,0.1421216473017484,-0.9936773757337318,0.4051746371729057,13.08594547420573,296.0640778186275,0.02212128615569714,0.1502088233490324,0.8874317084415545,0.003366527785076324,0.004517176764763345
286,0.462890079908184,0.4696413212138235,0.469181568627451,0.00629574451406071,0.0793457277618695,-0.367931642842337,0.585401179931293,10.86724462067049,293.415931372549,0.01940420885036203,0.09853227313735917,0.6413840138969771,0.003396779199925656,0.00447717131420208
287,0.3875164197854435,0.4069487920321198,0.3569509803921569,0.01543834373307343,0.1242511317174754,0.7210615222640233,0.02703266445842356,12.59838910340354,18.02150735294117,0.03349879468432092,0.3485299402602161,0.991072378103035,0.05266481721513414,0.0002748241056414212
288,0.4867303019445082,0.4964680586903674,0.4932466666666667,0.009574146468789943,0.09784756751595791,0.06943851450069623,0.8191069535759641,11.88171329103218,122.9852787990196,0.0271051414671063,0.2380615201295886,0.9013540527712054,0.008067237282493409,0.001876340555378029
289,0.4211764317710727,0.479276553472341,0.4643890196078431,0.05231642802891264,0.2287278470779469,-0.3076726332994594,-1.272299860299691,12.78061160253229,382.0800704656862,0.02220904096116048,0.2042939309206544,0.9438240844617783,0.002610571667373314,0.00582772984601964
290,0.4905681976916743,0.5425596168036232,0.5294892156862745,0.05371378119963673,0.2317623377506292,-0.3650604411352825,-0.9536512348910979,14.0209578429202,491.981924019608,0.01384676825353619,0.1478415775082968,0.9294188035368792,0.002028528917279405,0.007503962702347379
291,0.4493802385995903,0.4593757019595158,0.4421137254901961,0.009083436706973206,0.09530706535705108,0.461969923424782,0.8708869974189963,11.10428323455324,786.6732689950979,0.01410982800538516,0.05456503340249048,0.3332043241705251,0.001269584678044557,0.0120036644092376
292,0.4986782613417682,0.524896704625782,0.5274866666666668,0.02683654219215654,0.1638186259011976,-0.8212583716567513,0.3925859217471186,12.27506237471334,906.485799632353,0.01117084058242936,0.07167448261070211,0.7407986633644745,0.00110195918240868,0.01383137135966962
293,0.4274768631998698,0.4489486414324807,0.4363619607843138,0.01881841407286998,0.1371802247879408,-0.4304585195495578,-0.6302127003732134,13.10533439383761,265.7758578431373,0.01586243687630763,0.1185837535526333,0.8908898624806438,0.003748688023768536,0.00405487427570324
294,0.5042557293820848,0.5395461803700144,0.5349823529411766,0.03683624013721384,0.1919276950760724,-0.5042006494143797,-0.453050626999131,12.99397462414299,485.7044730392157,0.01372473792143627,0.1343810451440297,0.8986604393712242,0.002054692848570306,0.007410677464829986
295,0.4167892314357384,0.4273854065334961,0.4277486274509804,0.008945022277008266,0.0945781278996802,-0.4031955377184688,-0.05255311773812066,11.0566683914598,419.8509037990196,0.01539144762810399,0.07531978112359657,0.6401548243691324,0.00237622531998919,0.006406411700855162
296,0.4298701155359604,0.4466544437725561,0.4360521568627451,0.0147118759108715,0.1212925220731744,0.02262031240526416,-1.262339006365583,11.39910497178817,79.16884191176472,0.02181462909838082,0.1910655840311604,0.9585113296815595,0.01247706913037651,0.001208004169108798
297,0.4083758619600184,0.4342733043612667,0.4214592156862745,0.02182245824926541,0.1477242642535931,-0.3492497272952014,-0.6899285016386498,13.50253454941034,192.4744332107844,0.01476642587280339,0.1371103724791836,0.9317705712291051,0.005169036092219676,0.002934759744410416
298,0.5247124949436561,0.5431942124407597,0.5455725490196078,0.01973675007914077,0.1404875442135023,-1.349654564274892,2.754908598789155,12.84783572100861,843.7717984068629,0.01275395104597066,0.05880076612665203,0.6718110779042931,0.001183769509853768,0.01287487087837538
299,0.4265653402291092,0.4333404167569001,0.4273427450980392,0.005825927310268178,0.07632776238216459,-0.1919561080359398,0.4977432297245641,11.79063883644065,165.9442708333334,0.02321676338903318,0.1659776339882735,0.7804437124076705,0.005990856010176964,0.002531981178756655
300,0.5166177017989813,0.5506110479449344,0.5579780392156863,0.03627867630695765,0.1904696204305496,-1.077572774585704,0.5481299573114176,12.63902459270607,664.4714001225489,0.01588495133992393,0.1222877523670351,0.8593959499860404,0.00150273005062212,0.01013883702121446
301,0.4676737344958736,0.501075105137576,0.4806580392156863,0.03235753905131605,0.1798820142518869,-0.2023694801749212,-0.2123208487175074,13.27810809573082,2035.274846813725,0.008480655580035407,0.03872176423111214,0.5174989829547475,0.0004910948865136516,0.03105570585771633
302,0.4685024393537933,0.5057647413662884,0.4893956862745099,0.03630343792885376,0.190534610842371,-0.2538788154756403,-0.5325707561599518,13.4252234338772,1815.753324142157,0.01070216367842495,0.05404996170858215,0.6161388409056945,0.0005504357017346655,0.02770617072428234
303,0.4599869675340839,0.4746729215849463,0.4702827450980392,0.01372637218478613,0.1171596013341891,-0.6323937629631173,0.0796422618572512,12.43940553837842,162.5678462009804,0.01845839307405305,0.1415573259402271,0.9090009721909812,0.006114361009865289,0.00248058778346258
304,0.5283828392058728,0.5604884268601561,0.5563874509803921,0.03495885187691336,0.1869728640121699,-0.605077344671738,0.07295015934928362,13.68365957546401,1145.286933210785,0.009533135220967118,0.05743601461580328,0.7480883185956335,0.0008723891790364871,0.01747545208258827
305,0.4483021506395527,0.4876906903519037,0.4808858823529412,0.03686739118786817,0.192008831015316,-0.4415897548416505,-0.5536525507787653,12.68786535447385,705.7049938725492,0.01524953782444218,0.1013738387409336,0.852988646405583,0.001415048128286334,0.01076773862932013
306,0.4677664942902209,0.5256499610311601,0.5179439215686275,0.05750238835149681,0.2397965561710526,-0.5228513150082037,-0.9256525927379107,13.19751400426277,557.2598345588237,0.02105833836263793,0.2009376134777142,0.9253712309338021,0.001791348151718285,0.00850075448969553
307,0.5899732648004269,0.6138762879170035,0.6271149019607843,0.02877564368748513,0.1696338518323661,-0.5627212018639177,-0.1888005912239406,13.31915937777342,1079.108624387255,0.01029883525041247,0.05809167535400386,0.7120182339299406,0.000925841635287168,0.01646583384244141
308,0.4503904358688056,0.4785495923671116,0.4847698039215687,0.02615816763263603,0.1617348683266414,-0.4646305392583171,-0.7051080608495459,13.62376870067327,625.5576746323529,0.01120136335129649,0.0790413156502519,0.8153933214003205,0.001596050800162528,0.009543742700141555
309,0.5695502929747338,0.603693265383083,0.622721568627451,0.04005802244128426,0.2001450035381455,-1.138085948472905,0.7703260762010373,12.76869647525968,1071.560171568628,0.01099420784272356,0.05877713854033313,0.7945900496891547,0.000932358180965365,0.01635069915303665
310,0.4479551611986348,0.4844721342024826,0.460864705882353,0.03404942237421346,0.1845248557084206,-0.2301122572337542,-0.7429695114485817,12.73425297146194,1009.170067401961,0.009168656029217842,0.05573485777730222,0.7725707750334336,0.0009899413066190288,0.01539869940323022
311,0.4287170063691981,0.4404499377938632,0.424686274509804,0.0101978761524509,0.1009845342240627,-0.2445593017886514,-0.5099778723865596,12.05418269080582,169.9172487745098,0.01888106435487328,0.1327929316321207,0.8711473241490593,0.005851430960979151,0.002592725405861258
312,0.4796340533806296,0.5121833795960217,0.4954670588235294,0.03228298917206977,0.1796746759342278,-0.3042437835704684,-0.882734376249648,13.67715401987006,377.0053921568629,0.01340680113438903,0.1240850048458988,0.9103615468524557,0.002645558738656587,0.005752635527701504
313,0.446714224021762,0.489278237958287,0.480041568627451,0.03983959619620112,0.1995985876608377,-0.3101927222791138,-0.7257808332254503,12.78067582312419,1499.804120710784,0.01402654369816705,0.0780207874400541,0.7111587226876351,0.0006663156985687486,0.02288519203387522
314,0.4495566670735677,0.4816152033021351,0.4684062745098039,0.02985200714146229,0.1727773339922291,-0.3486355650491245,-0.5786226062796667,12.62479316753628,620.6270986519608,0.01096533418694839,0.0741175462768471,0.8403451812436677,0.001608709855490179,0.009470012629145427
315,0.4180346687466491,0.4299000842126241,0.4252439215686274,0.01006109813190069,0.1003050254568568,-0.1340231774729522,0.304009620758531,11.49231213002322,633.1001225490197,0.01384932700501819,0.05803091344609003,0.5143075237326956,0.001577072461951667,0.00966033622283046
316,0.4013157196942498,0.432490394531906,0.3916498039215687,0.02599363448865007,0.1612254151449146,-0.05036957285816585,-0.9105726520357367,12.56151530697229,55.93650428921568,0.02807606464113822,0.3445676177259856,0.9834782694511459,0.01757208960426311,0.000852136109357285
317,0.456425214622348,0.465282701457689,0.4593811764705882,0.008164015732708491,0.0903549430452396,0.04392427944823143,0.4079252254055459,11.31337311255618,538.2360906862747,0.01486007930664274,0.06588690898177076,0.4934788856007533,0.001854526385903541,0.008212811767608099
318,0.4890240181777057,0.5006267497997328,0.5112105882352941,0.01148265226037531,0.1071571381680908,-0.8153845864932308,0.1931748776669964,12.71955609703611,32.08619791666666,0.03885360812824637,0.3670625835323367,0.978623915869567,0.0302596175554606,0.0004895058965725092
319,0.4558631140376073,0.4710707884539726,0.4576164705882353,0.01409650899458289,0.1187287201757978,-0.375950574923902,0.4096078458373618,11.6566120990896,570.6782322303922,0.01230328988789387,0.0580579398179818,0.689852141041492,0.001749273394433962,0.008707755321446306
320,0.4367382823988971,0.4462399148119525,0.4445133333333333,0.008389734258639786,0.09159549256726439,-0.08536772090876399,0.01710407121695789,10.48837838695957,386.7655943627451,0.01548785205412554,0.07422232211045256,0.643387222066603,0.00257898059396775,0.005901519711810044
321,0.558684593446021,0.5648202977308887,0.5406109803921568,0.006893493774863998,0.08302706651968379,0.1557740655097105,2.401558009373808,10.93565078849926,18.62143075980392,0.06841236935323258,0.4155175342987406,0.9793028877820636,0.0511429990005216,0.0002841382549867258
322,0.4543818788476084,0.4976881904815478,0.4848521568627451,0.04123064311971478,0.2030533011790618,-0.2516991122600408,-0.7492571410932127,13.27824268863946,1686.967034313726,0.01739636373069952,0.0802776983161131,0.6859378269679377,0.0005924347371018097,0.02574102895620098
323,0.4169259372606464,0.4279355329461759,0.4206717647058823,0.009301583197259076,0.09644471575601785,-0.3552547743678616,0.1886055525249106,12.24736896110393,217.037025122549,0.01788982219357003,0.1215226459495414,0.8194891027624358,0.004586753353655604,0.003311263435287132
324,0.4698146791226256,0.4982840186940967,0.5155847058823531,0.02756113056684324,0.1660154527953445,-0.9048552863405925,0.01836785657136319,12.10177036490323,409.0664062500001,0.01283295100559176,0.08230248282454997,0.8861291444026702,0.002438705732899053,0.006241831999298603
325,0.4932582251993815,0.5238113495157389,0.504683137254902,0.03107465315465584,0.1762800418500513,-0.4698851992384577,0.2441515111460633,12.96444180023523,839.3196231617649,0.01092597277304595,0.06767321711846552,0.7930382951784849,0.001190038855179304,0.0128064944584464
326,0.3854077791640338,0.4556055075956778,0.4367854901960784,0.05903722231136256,0.2429757648642402,-0.2551229037895246,-1.137520405926506,12.7015161096009,1590.753982843138,0.1182897508245011,0.169020995523335,0.792004375875164,0.0006282844776226069,0.02427289704549077
327,0.4926185106464461,0.5178260318310008,0.5357501960784313,0.02547080221031792,0.1595957462162382,-1.356814216549504,1.4798510133712,11.85085185884875,553.7074908088236,0.01442375475063777,0.07632274174998481,0.8334247019226935,0.001802798807836041,0.00844884704424284
328,0.4688598825013403,0.4774981557311364,0.4784313725490196,0.008174899307465856,0.09041514976742479,-0.004296969883417732,0.493166460322326,12.26943640063049,53.53370098039217,0.02762602233739028,0.2247934683519535,0.9496240526273114,0.01834657881290391,0.0008166887793619786
329,0.4784416797712737,0.5077030627987851,0.5039392156862745,0.02885595903290899,0.1698704183573732,-0.7392967647418314,0.5325542077951599,13.09277154199254,657.1670802696079,0.01318139186107205,0.09743121907149492,0.8249876654337316,0.001519401467810421,0.01002701858212181
330,0.3783947983625823,0.4146883692147431,0.387158431372549,0.02878382013412367,0.1696579504005741,0.1616491098381241,-0.6371319104092348,12.79123442426113,1551.407398897059,0.00981494956501132,0.05305492766649193,0.5851931323143261,0.0006441648778254105,0.02367258202004927
331,0.436507171457328,0.4717538535441431,0.4529588235294117,0.03201318760007169,0.1789222948658766,-0.4051476524990345,0.1108838780588339,13.11794466075995,1420.845281862745,0.01465711698599909,0.06701217004061648,0.6588811551780798,0.0007033186531474609,0.02167977555171199
332,0.4216989698522231,0.4530602686700601,0.4527239215686274,0.02743358587296085,0.1656308723425704,-0.5404555157417367,-0.4457851775232107,12.97534627968026,732.4153186274509,0.01191988065597558,0.07550977347538099,0.7950860933771844,0.001363506089157417,0.01117575509255263
333,0.4940782540055818,0.550375333353418,0.5403460784313725,0.05879968648268193,0.2424864665969668,-0.3982740910891513,-1.165477342029618,12.98585836034326,460.7204350490197,0.01456621856259982,0.1442520951092581,0.9399657044720034,0.002165881067384071,0.007030028572140612
334,0.4247428138583314,0.4532100912423005,0.4489101960784314,0.02499292887956115,0.1580915205808368,-0.5474627223226864,-0.213773624949773,12.7988976250316,622.3906556372549,0.01480592693026253,0.09452486015486214,0.8085153012898342,0.001604168657583845,0.009496920406804069
335,0.4852278738223804,0.5024072074530512,0.4943541176470588,0.01696691256658524,0.1302571017894427,-0.6783323493046243,1.232586892542618,11.95463276640463,599.6168504901963,0.01476475717321931,0.1133556602470891,0.7286130191146996,0.001664995882888951,0.009149381711417348
336,0.4200430215454102,0.4510589600262598,0.4432368627450981,0.02701804547097319,0.1643716686992414,-0.5753963312562121,-0.2561951750205802,12.44833567217034,542.3385263480392,0.01469614541827988,0.1044808061187931,0.8454865530113846,0.001840522989074622,0.008275235370657294
337,0.4640434324496401,0.4956819151833135,0.4709070588235295,0.030364253840154,0.1742534184461068,-0.2022445549857063,-0.3684806702855479,12.94558975503841,891.7908088235296,0.009999626413749272,0.06348011533496649,0.7741714597907642,0.001120095761130111,0.01360743333260081
338,0.5267353173349418,0.5526502930527968,0.5568917647058824,0.02797225188340037,0.1672490713977222,-1.122210904995112,1.354558442068153,13.09054481834904,556.1623161764705,0.01672855839915665,0.1466928881536312,0.847356541268557,0.001794862998512176,0.00848559770800434
339,0.4400781982003006,0.4738334997919941,0.4694886274509804,0.03084936499390657,0.1756398730183627,-0.5187093416326937,-0.6382704458032533,12.93847985425594,629.1931066176471,0.01409473562973517,0.121526405396373,0.8434040516606837,0.001586850690272149,0.009600275257521412
340,0.3516457324517942,0.3658501057194944,0.3585223529411765,0.01019157870340644,0.1009533491440796,-0.03084766452631704,-0.4129056346656812,12.19351882485809,24.45557598039216,0.03017660742537201,0.3133363065980268,0.981528078527125,0.03933074896212787,0.0003724770172313285
341,0.4426194920199524,0.4861353021227137,0.4742411764705882,0.0404155172539413,0.2010361093285017,-0.4409758987433749,-0.4808185516692292,13.21351916342268,1490.414460784314,0.02207050089199841,0.08839327306466295,0.7165498574573926,0.0006705143505593196,0.02274121063011271
342,0.4604964231124579,0.5015520452140487,0.476198431372549,0.03949749835902733,0.1987397754829851,-0.1858062715585482,-0.4117560740422035,13.54981265858169,2243.983256740196,0.01158612921265774,0.05558055329723875,0.5629565519227956,0.0004454399193945478,0.03423946605868185
343,0.4929635933610505,0.5030133359489662,0.505395294117647,0.01000931176306845,0.1000465479817692,-0.3158189490961795,0.118269129818604,11.7128765229275,578.8448988970589,0.01454356653776536,0.07039498624423954,0.5564775301457792,0.00172464237307819,0.008832468331910695
344,0.4242807393810795,0.478720722429434,0.4154662745098039,0.04915938427360361,0.2217191563072609,0.002500806165959711,-1.023116984961988,13.50795386087971,441.0693474264706,0.01840965089128694,0.1571925457098404,0.9309355437715134,0.002262182736297419,0.006730089498617927
345,0.5256893009619619,0.5473914471182607,0.527984705882353,0.0232881552323474,0.1526045714660849,-0.4269919741617675,0.1839491294239624,12.02618344081263,809.7163449754903,0.01080516085374519,0.06277717509846138,0.7329543042879472,0.001233493483008201,0.01235522589803828
346,0.5278350526757335,0.5437100647122426,0.522643137254902,0.01701079163619682,0.1304254255741449,-0.4121624695561384,-0.2755420352993432,12.08403478498041,218.5047181372549,0.01897753526708073,0.1407952086455933,0.9017358476699061,0.004556104634666837,0.003333066713447321
347,0.372840006462546,0.4378544799442521,0.4412654901960785,0.05270687518826013,0.2295797795718519,-0.375461056565415,-1.167839246401291,11.96879703544485,740.3251531862745,0.1165882067391466,0.1975868388674074,0.8916081765053097,0.001349147928461417,0.01129646445497418
348,0.5494994810336243,0.5631343184975314,0.5676531372549021,0.01517058101345659,0.1231689125285134,-1.608674773493074,4.273321028979732,12.87578326392569,555.3948223039216,0.01471301335990519,0.07336832247314423,0.7192537006909074,0.001797332405134138,0.00847465218658896
349,0.5626500075097178,0.5793998714489392,0.5842898039215687,0.01912918008436185,0.1383082791605833,-1.187840232944789,1.800971466333565,11.92652942108584,428.6998161764706,0.015274937696944,0.1064498485210658,0.8277471021589643,0.002327288752620739,0.0065413698600444
350,0.4515115468941482,0.4908316972626203,0.4777849019607843,0.0370530780589579,0.1924917610157845,-0.4699805448586898,-0.3645611170576295,13.12449960399619,1594.581066176471,0.01014426297385275,0.05999556017712989,0.6696650564951673,0.0006267349111631745,0.02433137574662432
351,0.3727557949410233,0.4087753554385591,0.3910443137254902,0.02815040855180618,0.1677808348763534,-0.1777730280143972,-0.8359032073630943,12.39447467877661,127.9472886029412,0.01773322848071091,0.1973719823441177,0.964998281264241,0.007756173494088455,0.001952320651385055
352,0.9163940438603421,0.9341842618136587,0.9907501960784315,0.03292219139761982,0.1814447337279862,-3.120421978788853,9.43234345165985,8.494996583956569,532.6456954656862,0.2937121627261842,0.4690539943228443,0.8760111856946674,0.001874934435993219,0.00812752810419279
353,0.5818911626239851,0.5949188407521001,0.618484705882353,0.01533110194192947,0.1238188270899441,-1.081569278659811,1.255055667371887,12.55364664960101,12.07041973039216,0.04516080503264324,0.425718879517318,0.9939484163277892,0.07677390566517266,0.0001841400205331357
354,0.4250281519033395,0.4462602051691079,0.4390937254901961,0.01849924080720608,0.1360119142105061,-0.3239337302734498,-0.8662721297686637,12.8199423837158,259.7269914215686,0.01494614545335747,0.1108463994084569,0.891926814667104,0.003835649399861517,0.003962695053071414
355,0.6183856969436945,0.6383276294691219,0.6576164705882352,0.0250612923591298,0.1583075878128708,-1.281735080410437,1.806928259367348,13.00761480748389,909.5597579656863,0.01218020664396174,0.0566835357706995,0.7210517534704363,0.001098240250620522,0.01387871363239634
356,0.4789734449199602,0.4859636510939476,0.4949886274509804,0.006745109246065961,0.08212861405177833,-0.3818188821525111,0.4171401131709489,11.89808478388042,23.22840073529413,0.05091819594031416,0.3969938459442697,0.9736064678879632,0.04136079918048932,0.0003544027238700399
357,0.5032536718331131,0.527536673042024,0.5335288235294118,0.02503068319073663,0.1582108820237617,-1.280576256040666,1.472907979657197,13.50874044886852,570.8097732843138,0.01514275573534529,0.1035221044494534,0.8245531257446908,0.001748879661698782,0.008709356824637192
358,0.4433294931628657,0.4898538535501623,0.4686788235294118,0.04341575832990044,0.2083644843295048,-0.2911355926451636,-0.9716462820364078,13.14601014392941,350.919224877451,0.01762923127624105,0.1846350662763175,0.9380316940832989,0.002841703511357381,0.005354558140499913
359,0.4865764428232231,0.5121045768717817,0.4917188235294118,0.02549446294252532,0.1596698560860043,-0.5038823053564948,0.3581443559684852,12.37118333639906,758.3764705882354,0.0115227852053194,0.08707229135825005,0.7716810979555344,0.001316889860261746,0.01157187056783207
